==================================================
Flight started: 2026-08-25 11:08:46
==================================================
11:08:48 [POS] Lat: 47.397970, Lon: 8.546162, Alt: -0.27m
11:08:48 [POS] Lat: 47.397970, Lon: 8.546162, Alt: -0.27m
11:08:48 [POS] Lat: 47.397970, Lon: 8.546162, Alt: -0.27m
11:08:48 [POS] Lat: 47.397970, Lon: 8.546162, Alt: -0.27m
11:08:48 [POS] Lat: 47.397970, Lon: 8.546162, Alt: -0.27m
11:08:48 [BAT] Percentage: 100, Voltage: 16.20V
11:08:48 [POS] Lat: 47.397970, Lon: 8.546162, Alt: -0.28m
11:08:48 [POS] Lat: 47.397970, Lon: 8.546162, Alt: -0.28m
11:08:48 [POS] Lat: 47.397970, Lon: 8.546162, Alt: -0.28m
11:08:48 [POS] Lat: 47.397970, Lon: 8.546162, Alt: -0.28m
11:08:48 [POS] Lat: 47.397970, Lon: 8.546162, Alt: -0.28m
11:08:48 [POS] Lat: 47.397970, Lon: 8.546162, Alt: -0.28m
11:08:48 [POS] Lat: 47.397970, Lon: 8.546161, Alt: -0.28m
11:08:48 [POS] Lat: 47.397970, Lon: 8.546161, Alt: -0.29m
11:08:48 [POS] Lat: 47.397970, Lon: 8.546161, Alt: -0.29m
11:08:48 [POS] Lat: 47.397970, Lon: 8.546161, Alt: -0.29m
11:08:48 [BAT] Percentage: 100, Voltage: 16.20V
11:08:48 [POS] Lat: 47.397970, Lon: 8.546161, Alt: -0.29m
11:08:48 [POS] Lat: 47.397970, Lon: 8.546161, Alt: -0.29m
11:08:48 [POS] Lat: 47.397970, Lon: 8.546161, Alt: -0.29m
11:08:48 [POS] Lat: 47.397971, Lon: 8.546161, Alt: -0.29m
11:08:48 [POS] Lat: 47.397971, Lon: 8.546161, Alt: -0.29m
11:08:48 [POS] Lat: 47.397971, Lon: 8.546161, Alt: -0.30m
11:08:48 [POS] Lat: 47.397971, Lon: 8.546161, Alt: -0.30m
11:08:48 [POS] Lat: 47.397971, Lon: 8.546161, Alt: -0.30m
11:08:48 [POS] Lat: 47.397970, Lon: 8.546161, Alt: -0.30m
11:08:48 [POS] Lat: 47.397970, Lon: 8.546161, Alt: -0.31m
11:08:48 [PROG] Health OK
11:08:48 [BAT] Percentage: 100, Voltage: 16.20V
11:08:48 [POS] Lat: 47.397971, Lon: 8.546161, Alt: -0.31m
11:08:48 [PROG] Mission uploaded
11:08:48 [POS] Lat: 47.397971, Lon: 8.546161, Alt: -0.31m
11:08:48 [POS] Lat: 47.397971, Lon: 8.546161, Alt: -0.31m
11:08:48 [POS] Lat: 47.397971, Lon: 8.546161, Alt: -0.32m
11:08:48 [POS] Lat: 47.397971, Lon: 8.546161, Alt: -0.32m
11:08:48 [POS] Lat: 47.397971, Lon: 8.546161, Alt: -0.32m
11:08:48 [POS] Lat: 47.397971, Lon: 8.546161, Alt: -0.32m
11:08:48 [POS] Lat: 47.397971, Lon: 8.546161, Alt: -0.33m
11:08:48 [POS] Lat: 47.397971, Lon: 8.546161, Alt: -0.33m
11:08:48 [POS] Lat: 47.397971, Lon: 8.546161, Alt: -0.33m
11:08:48 [BAT] Percentage: 100, Voltage: 16.20V
11:08:48 [POS] Lat: 47.397971, Lon: 8.546161, Alt: -0.33m
11:08:48 [POS] Lat: 47.397971, Lon: 8.546161, Alt: -0.33m
11:08:48 [POS] Lat: 47.397971, Lon: 8.546162, Alt: -0.33m
11:08:48 [POS] Lat: 47.397971, Lon: 8.546162, Alt: -0.33m
11:08:48 [POS] Lat: 47.397971, Lon: 8.546162, Alt: -0.33m
11:08:48 [POS] Lat: 47.397971, Lon: 8.546162, Alt: -0.33m
11:08:48 [POS] Lat: 47.397971, Lon: 8.546162, Alt: -0.33m
11:08:48 [POS] Lat: 47.397971, Lon: 8.546162, Alt: -0.33m
11:08:48 [POS] Lat: 47.397971, Lon: 8.546162, Alt: -0.34m
11:08:48 [POS] Lat: 47.397971, Lon: 8.546162, Alt: -0.34m
11:08:48 [BAT] Percentage: 100, Voltage: 16.20V
11:08:48 [POS] Lat: 47.397971, Lon: 8.546162, Alt: -0.34m
11:08:48 [POS] Lat: 47.397971, Lon: 8.546162, Alt: -0.34m
11:08:48 [POS] Lat: 47.397971, Lon: 8.546162, Alt: -0.34m
11:08:48 [POS] Lat: 47.397971, Lon: 8.546162, Alt: -0.34m
11:08:49 [POS] Lat: 47.397971, Lon: 8.546162, Alt: -0.34m
11:08:49 [POS] Lat: 47.397971, Lon: 8.546162, Alt: -0.34m
11:08:49 [POS] Lat: 47.397971, Lon: 8.546162, Alt: -0.34m
11:08:49 [POS] Lat: 47.397971, Lon: 8.546162, Alt: -0.34m
11:08:49 [POS] Lat: 47.397971, Lon: 8.546162, Alt: -0.34m
11:08:49 [POS] Lat: 47.397971, Lon: 8.546162, Alt: -0.35m
11:08:49 [BAT] Percentage: 100, Voltage: 16.20V
11:08:49 [POS] Lat: 47.397971, Lon: 8.546162, Alt: -0.35m
11:08:49 [POS] Lat: 47.397971, Lon: 8.546162, Alt: -0.35m
11:08:49 [POS] Lat: 47.397971, Lon: 8.546162, Alt: -0.35m
11:08:49 [POS] Lat: 47.397971, Lon: 8.546162, Alt: -0.35m
11:08:49 [POS] Lat: 47.397971, Lon: 8.546162, Alt: -0.35m
11:08:49 [POS] Lat: 47.397971, Lon: 8.546162, Alt: -0.35m
11:08:49 [POS] Lat: 47.397971, Lon: 8.546162, Alt: -0.35m
11:08:49 [POS] Lat: 47.397971, Lon: 8.546162, Alt: -0.35m
11:08:49 [POS] Lat: 47.397971, Lon: 8.546162, Alt: -0.35m
11:08:49 [POS] Lat: 47.397971, Lon: 8.546162, Alt: -0.35m
11:08:49 [BAT] Percentage: 100, Voltage: 16.20V
11:08:49 [POS] Lat: 47.397971, Lon: 8.546162, Alt: -0.35m
11:08:49 [POS] Lat: 47.397971, Lon: 8.546162, Alt: -0.35m
11:08:49 [POS] Lat: 47.397971, Lon: 8.546162, Alt: -0.35m
11:08:49 [POS] Lat: 47.397971, Lon: 8.546162, Alt: -0.35m
11:08:49 [POS] Lat: 47.397971, Lon: 8.546162, Alt: -0.35m
11:08:49 [POS] Lat: 47.397971, Lon: 8.546162, Alt: -0.35m
11:08:49 [POS] Lat: 47.397971, Lon: 8.546162, Alt: -0.35m
11:08:49 [POS] Lat: 47.397971, Lon: 8.546162, Alt: -0.35m
11:08:49 [POS] Lat: 47.397971, Lon: 8.546162, Alt: -0.36m
11:08:49 [POS] Lat: 47.397971, Lon: 8.546162, Alt: -0.36m
11:08:49 [BAT] Percentage: 100, Voltage: 16.20V
11:08:49 [POS] Lat: 47.397971, Lon: 8.546162, Alt: -0.36m
11:08:49 [POS] Lat: 47.397971, Lon: 8.546162, Alt: -0.36m
11:08:49 [POS] Lat: 47.397971, Lon: 8.546162, Alt: -0.36m
11:08:49 [POS] Lat: 47.397971, Lon: 8.546162, Alt: -0.36m
11:08:49 [POS] Lat: 47.397971, Lon: 8.546162, Alt: -0.36m
11:08:49 [POS] Lat: 47.397971, Lon: 8.546162, Alt: -0.36m
11:08:49 [POS] Lat: 47.397971, Lon: 8.546162, Alt: -0.37m
11:08:49 [POS] Lat: 47.397971, Lon: 8.546162, Alt: -0.37m
11:08:49 [POS] Lat: 47.397971, Lon: 8.546162, Alt: -0.37m
11:08:49 [POS] Lat: 47.397971, Lon: 8.546162, Alt: -0.37m
11:08:49 [POS] Lat: 47.397971, Lon: 8.546162, Alt: -0.37m
11:08:49 [POS] Lat: 47.397971, Lon: 8.546162, Alt: -0.37m
11:08:49 [POS] Lat: 47.397971, Lon: 8.546162, Alt: -0.38m
11:08:49 [POS] Lat: 47.397971, Lon: 8.546162, Alt: -0.37m
11:08:49 [POS] Lat: 47.397971, Lon: 8.546162, Alt: -0.37m
11:08:49 [POS] Lat: 47.397971, Lon: 8.546162, Alt: -0.37m
11:08:49 [POS] Lat: 47.397971, Lon: 8.546162, Alt: -0.37m
11:08:49 [POS] Lat: 47.397971, Lon: 8.546162, Alt: -0.38m
11:08:49 [POS] Lat: 47.397971, Lon: 8.546162, Alt: -0.38m
11:08:49 [POS] Lat: 47.397971, Lon: 8.546162, Alt: -0.38m
11:08:49 [POS] Lat: 47.397971, Lon: 8.546162, Alt: -0.38m
11:08:49 [POS] Lat: 47.397971, Lon: 8.546162, Alt: -0.38m
11:08:49 [POS] Lat: 47.397970, Lon: 8.546162, Alt: -0.38m
11:08:50 [POS] Lat: 47.397970, Lon: 8.546162, Alt: -0.38m
11:08:50 [POS] Lat: 47.397970, Lon: 8.546162, Alt: -0.38m
11:08:50 [POS] Lat: 47.397970, Lon: 8.546162, Alt: -0.38m
11:08:50 [POS] Lat: 47.397970, Lon: 8.546162, Alt: -0.38m
11:08:50 [POS] Lat: 47.397970, Lon: 8.546162, Alt: -0.38m
11:08:50 [POS] Lat: 47.397970, Lon: 8.546162, Alt: -0.38m
11:08:50 [POS] Lat: 47.397970, Lon: 8.546162, Alt: -0.38m
11:08:50 [POS] Lat: 47.397970, Lon: 8.546162, Alt: -0.38m
11:08:50 [POS] Lat: 47.397970, Lon: 8.546162, Alt: -0.38m
11:08:50 [POS] Lat: 47.397970, Lon: 8.546162, Alt: -0.38m
11:08:50 [POS] Lat: 47.397970, Lon: 8.546162, Alt: -0.38m
11:08:50 [POS] Lat: 47.397970, Lon: 8.546162, Alt: -0.39m
11:08:50 [POS] Lat: 47.397970, Lon: 8.546162, Alt: -0.39m
11:08:50 [POS] Lat: 47.397970, Lon: 8.546162, Alt: -0.39m
11:08:50 [POS] Lat: 47.397970, Lon: 8.546162, Alt: -0.39m
11:08:50 [POS] Lat: 47.397970, Lon: 8.546162, Alt: -0.39m
11:08:50 [POS] Lat: 47.397970, Lon: 8.546162, Alt: -0.39m
11:08:50 [POS] Lat: 47.397970, Lon: 8.546162, Alt: -0.39m
11:08:50 [POS] Lat: 47.397970, Lon: 8.546162, Alt: -0.39m
11:08:50 [POS] Lat: 47.397970, Lon: 8.546162, Alt: -0.39m
11:08:50 [POS] Lat: 47.397970, Lon: 8.546162, Alt: -0.39m
11:08:50 [POS] Lat: 47.397970, Lon: 8.546162, Alt: -0.39m
11:08:50 [POS] Lat: 47.397970, Lon: 8.546162, Alt: -0.39m
11:08:50 [POS] Lat: 47.397970, Lon: 8.546162, Alt: -0.39m
11:08:50 [POS] Lat: 47.397970, Lon: 8.546162, Alt: -0.40m
11:08:50 [POS] Lat: 47.397970, Lon: 8.546162, Alt: -0.40m
11:08:50 [POS] Lat: 47.397970, Lon: 8.546162, Alt: -0.40m
11:08:50 [POS] Lat: 47.397970, Lon: 8.546162, Alt: -0.40m
11:08:50 [POS] Lat: 47.397970, Lon: 8.546162, Alt: -0.40m
11:08:50 [POS] Lat: 47.397970, Lon: 8.546162, Alt: -0.39m
11:08:50 [POS] Lat: 47.397970, Lon: 8.546162, Alt: -0.39m
11:08:50 [POS] Lat: 47.397971, Lon: 8.546162, Alt: -0.39m
11:08:50 [POS] Lat: 47.397971, Lon: 8.546162, Alt: -0.40m
11:08:50 [POS] Lat: 47.397971, Lon: 8.546162, Alt: -0.39m
11:08:50 [POS] Lat: 47.397971, Lon: 8.546162, Alt: -0.39m
11:08:50 [POS] Lat: 47.397971, Lon: 8.546162, Alt: -0.39m
11:08:50 [POS] Lat: 47.397971, Lon: 8.546162, Alt: -0.39m
11:08:50 [POS] Lat: 47.397971, Lon: 8.546162, Alt: -0.39m
11:08:50 [POS] Lat: 47.397971, Lon: 8.546162, Alt: -0.39m
11:08:50 [POS] Lat: 47.397971, Lon: 8.546162, Alt: -0.39m
11:08:50 [POS] Lat: 47.397971, Lon: 8.546162, Alt: -0.39m
11:08:50 [POS] Lat: 47.397971, Lon: 8.546162, Alt: -0.39m
11:08:50 [POS] Lat: 47.397970, Lon: 8.546162, Alt: -0.39m
11:08:50 [POS] Lat: 47.397970, Lon: 8.546162, Alt: -0.39m
11:08:50 [POS] Lat: 47.397970, Lon: 8.546162, Alt: -0.39m
11:08:50 [POS] Lat: 47.397970, Lon: 8.546162, Alt: -0.39m
11:08:50 [POS] Lat: 47.397970, Lon: 8.546162, Alt: -0.39m
11:08:50 [POS] Lat: 47.397970, Lon: 8.546162, Alt: -0.39m
11:08:50 [POS] Lat: 47.397970, Lon: 8.546162, Alt: -0.39m
11:08:50 [POS] Lat: 47.397970, Lon: 8.546162, Alt: -0.39m
11:08:51 [POS] Lat: 47.397970, Lon: 8.546162, Alt: -0.39m
11:08:51 [POS] Lat: 47.397970, Lon: 8.546162, Alt: -0.39m
11:08:51 [POS] Lat: 47.397970, Lon: 8.546162, Alt: -0.40m
11:08:51 [POS] Lat: 47.397970, Lon: 8.546162, Alt: -0.40m
11:08:51 [POS] Lat: 47.397970, Lon: 8.546162, Alt: -0.40m
11:08:51 [POS] Lat: 47.397970, Lon: 8.546162, Alt: -0.40m
11:08:51 [POS] Lat: 47.397970, Lon: 8.546162, Alt: -0.40m
11:08:51 [POS] Lat: 47.397970, Lon: 8.546162, Alt: -0.41m
11:08:51 [POS] Lat: 47.397970, Lon: 8.546162, Alt: -0.41m
11:08:51 [POS] Lat: 47.397970, Lon: 8.546162, Alt: -0.41m
11:08:51 [POS] Lat: 47.397970, Lon: 8.546162, Alt: -0.41m
11:08:51 [POS] Lat: 47.397970, Lon: 8.546162, Alt: -0.41m
11:08:51 [POS] Lat: 47.397970, Lon: 8.546162, Alt: -0.41m
11:08:51 [POS] Lat: 47.397970, Lon: 8.546162, Alt: -0.41m
11:08:51 [POS] Lat: 47.397970, Lon: 8.546162, Alt: -0.42m
11:08:51 [POS] Lat: 47.397970, Lon: 8.546162, Alt: -0.42m
11:08:51 [POS] Lat: 47.397970, Lon: 8.546162, Alt: -0.42m
11:08:51 [POS] Lat: 47.397970, Lon: 8.546162, Alt: -0.42m
11:08:51 [POS] Lat: 47.397970, Lon: 8.546162, Alt: -0.42m
11:08:51 [POS] Lat: 47.397970, Lon: 8.546162, Alt: -0.42m
11:08:51 [POS] Lat: 47.397970, Lon: 8.546162, Alt: -0.42m
11:08:51 [POS] Lat: 47.397970, Lon: 8.546162, Alt: -0.42m
11:08:51 [POS] Lat: 47.397970, Lon: 8.546162, Alt: -0.42m
11:08:51 [POS] Lat: 47.397970, Lon: 8.546162, Alt: -0.42m
11:08:51 [POS] Lat: 47.397970, Lon: 8.546162, Alt: -0.42m
11:08:51 [POS] Lat: 47.397970, Lon: 8.546162, Alt: -0.42m
11:08:51 [POS] Lat: 47.397970, Lon: 8.546162, Alt: -0.43m
11:08:51 [BAT] Percentage: 100, Voltage: 16.20V
11:08:51 [POS] Lat: 47.397970, Lon: 8.546162, Alt: 0.00m
11:08:51 [PROG] Armed
11:08:51 [PROG] Mission started
11:08:51 [POS] Lat: 47.397970, Lon: 8.546162, Alt: 0.00m
11:08:51 [POS] Lat: 47.397970, Lon: 8.546162, Alt: 0.00m
11:08:51 [POS] Lat: 47.397970, Lon: 8.546162, Alt: 0.00m
11:08:51 [POS] Lat: 47.397970, Lon: 8.546162, Alt: -0.00m
11:08:51 [POS] Lat: 47.397970, Lon: 8.546162, Alt: -0.00m
11:08:51 [POS] Lat: 47.397970, Lon: 8.546162, Alt: -0.00m
11:08:51 [POS] Lat: 47.397971, Lon: 8.546162, Alt: -0.00m
11:08:51 [POS] Lat: 47.397971, Lon: 8.546162, Alt: -0.00m
11:08:51 [POS] Lat: 47.397971, Lon: 8.546162, Alt: -0.01m
11:08:51 [POS] Lat: 47.397971, Lon: 8.546162, Alt: -0.01m
11:08:51 [POS] Lat: 47.397971, Lon: 8.546162, Alt: -0.01m
11:08:51 [POS] Lat: 47.397971, Lon: 8.546162, Alt: -0.01m
11:08:51 [POS] Lat: 47.397971, Lon: 8.546162, Alt: -0.01m
11:08:51 [POS] Lat: 47.397971, Lon: 8.546162, Alt: -0.00m
11:08:51 [POS] Lat: 47.397971, Lon: 8.546162, Alt: -0.00m
11:08:51 [POS] Lat: 47.397971, Lon: 8.546162, Alt: -0.00m
11:08:51 [POS] Lat: 47.397971, Lon: 8.546162, Alt: -0.00m
11:08:51 [POS] Lat: 47.397971, Lon: 8.546162, Alt: -0.00m
11:08:51 [POS] Lat: 47.397971, Lon: 8.546162, Alt: -0.00m
11:08:51 [POS] Lat: 47.397971, Lon: 8.546162, Alt: -0.00m
11:08:51 [POS] Lat: 47.397971, Lon: 8.546162, Alt: -0.00m
11:08:52 [POS] Lat: 47.397971, Lon: 8.546162, Alt: -0.00m
11:08:52 [POS] Lat: 47.397971, Lon: 8.546162, Alt: -0.00m
11:08:52 [POS] Lat: 47.397971, Lon: 8.546162, Alt: -0.00m
11:08:52 [POS] Lat: 47.397971, Lon: 8.546162, Alt: -0.00m
11:08:52 [POS] Lat: 47.397971, Lon: 8.546162, Alt: -0.00m
11:08:52 [POS] Lat: 47.397971, Lon: 8.546162, Alt: -0.00m
11:08:52 [POS] Lat: 47.397971, Lon: 8.546162, Alt: -0.00m
11:08:52 [POS] Lat: 47.397971, Lon: 8.546162, Alt: -0.00m
11:08:52 [POS] Lat: 47.397971, Lon: 8.546162, Alt: -0.01m
11:08:52 [POS] Lat: 47.397971, Lon: 8.546162, Alt: -0.01m
11:08:52 [POS] Lat: 47.397971, Lon: 8.546162, Alt: -0.01m
11:08:52 [POS] Lat: 47.397971, Lon: 8.546162, Alt: -0.01m
11:08:52 [POS] Lat: 47.397971, Lon: 8.546162, Alt: -0.01m
11:08:52 [POS] Lat: 47.397971, Lon: 8.546162, Alt: -0.01m
11:08:52 [POS] Lat: 47.397971, Lon: 8.546162, Alt: -0.01m
11:08:52 [POS] Lat: 47.397971, Lon: 8.546162, Alt: -0.01m
11:08:52 [POS] Lat: 47.397971, Lon: 8.546162, Alt: -0.01m
11:08:52 [POS] Lat: 47.397971, Lon: 8.546162, Alt: -0.01m
11:08:52 [POS] Lat: 47.397971, Lon: 8.546162, Alt: -0.01m
11:08:52 [POS] Lat: 47.397971, Lon: 8.546162, Alt: -0.02m
11:08:52 [POS] Lat: 47.397971, Lon: 8.546162, Alt: -0.02m
11:08:52 [POS] Lat: 47.397971, Lon: 8.546162, Alt: -0.02m
11:08:52 [POS] Lat: 47.397971, Lon: 8.546162, Alt: -0.02m
11:08:52 [POS] Lat: 47.397971, Lon: 8.546162, Alt: -0.02m
11:08:52 [POS] Lat: 47.397971, Lon: 8.546162, Alt: -0.02m
11:08:52 [POS] Lat: 47.397971, Lon: 8.546162, Alt: -0.02m
11:08:52 [POS] Lat: 47.397971, Lon: 8.546162, Alt: -0.02m
11:08:52 [POS] Lat: 47.397971, Lon: 8.546162, Alt: -0.02m
11:08:52 [POS] Lat: 47.397971, Lon: 8.546162, Alt: -0.02m
11:08:52 [POS] Lat: 47.397971, Lon: 8.546162, Alt: -0.02m
11:08:52 [POS] Lat: 47.397971, Lon: 8.546162, Alt: -0.02m
11:08:52 [POS] Lat: 47.397971, Lon: 8.546162, Alt: -0.02m
11:08:52 [POS] Lat: 47.397971, Lon: 8.546162, Alt: -0.02m
11:08:52 [POS] Lat: 47.397971, Lon: 8.546162, Alt: -0.02m
11:08:52 [POS] Lat: 47.397971, Lon: 8.546162, Alt: -0.02m
11:08:52 [POS] Lat: 47.397971, Lon: 8.546162, Alt: -0.02m
11:08:52 [POS] Lat: 47.397971, Lon: 8.546162, Alt: -0.02m
11:08:52 [POS] Lat: 47.397971, Lon: 8.546162, Alt: -0.02m
11:08:52 [POS] Lat: 47.397971, Lon: 8.546162, Alt: -0.02m
11:08:52 [POS] Lat: 47.397971, Lon: 8.546162, Alt: -0.02m
11:08:52 [POS] Lat: 47.397971, Lon: 8.546162, Alt: -0.02m
11:08:52 [POS] Lat: 47.397971, Lon: 8.546162, Alt: -0.02m
11:08:52 [POS] Lat: 47.397971, Lon: 8.546162, Alt: -0.02m
11:08:52 [POS] Lat: 47.397971, Lon: 8.546162, Alt: -0.02m
11:08:52 [POS] Lat: 47.397971, Lon: 8.546162, Alt: -0.02m
11:08:52 [POS] Lat: 47.397971, Lon: 8.546162, Alt: -0.02m
11:08:52 [POS] Lat: 47.397971, Lon: 8.546162, Alt: -0.03m
11:08:52 [POS] Lat: 47.397971, Lon: 8.546162, Alt: -0.02m
11:08:52 [POS] Lat: 47.397971, Lon: 8.546162, Alt: -0.02m
11:08:52 [POS] Lat: 47.397971, Lon: 8.546162, Alt: -0.02m
11:08:53 [POS] Lat: 47.397971, Lon: 8.546162, Alt: -0.03m
11:08:53 [POS] Lat: 47.397971, Lon: 8.546162, Alt: -0.03m
11:08:53 [POS] Lat: 47.397971, Lon: 8.546162, Alt: -0.03m
11:08:53 [POS] Lat: 47.397971, Lon: 8.546162, Alt: 0.00m
11:08:53 [POS] Lat: 47.397971, Lon: 8.546162, Alt: 0.00m
11:08:53 [POS] Lat: 47.397971, Lon: 8.546162, Alt: 0.00m
11:08:53 [POS] Lat: 47.397971, Lon: 8.546162, Alt: 0.00m
11:08:53 [POS] Lat: 47.397971, Lon: 8.546162, Alt: 0.00m
11:08:53 [POS] Lat: 47.397971, Lon: 8.546162, Alt: 0.00m
11:08:53 [POS] Lat: 47.397971, Lon: 8.546162, Alt: 0.00m
11:08:53 [POS] Lat: 47.397971, Lon: 8.546162, Alt: 0.00m
11:08:53 [POS] Lat: 47.397971, Lon: 8.546162, Alt: 0.00m
11:08:53 [POS] Lat: 47.397971, Lon: 8.546162, Alt: 0.00m
11:08:53 [POS] Lat: 47.397971, Lon: 8.546162, Alt: 0.00m
11:08:53 [POS] Lat: 47.397971, Lon: 8.546162, Alt: -0.00m
11:08:53 [POS] Lat: 47.397971, Lon: 8.546162, Alt: -0.00m
11:08:53 [POS] Lat: 47.397971, Lon: 8.546162, Alt: -0.00m
11:08:53 [POS] Lat: 47.397971, Lon: 8.546162, Alt: -0.00m
11:08:53 [POS] Lat: 47.397971, Lon: 8.546162, Alt: -0.00m
11:08:53 [POS] Lat: 47.397971, Lon: 8.546162, Alt: -0.00m
11:08:53 [POS] Lat: 47.397971, Lon: 8.546162, Alt: -0.00m
11:08:53 [POS] Lat: 47.397971, Lon: 8.546162, Alt: -0.01m
11:08:53 [POS] Lat: 47.397971, Lon: 8.546162, Alt: -0.00m
11:08:53 [POS] Lat: 47.397971, Lon: 8.546162, Alt: -0.00m
11:08:53 [POS] Lat: 47.397971, Lon: 8.546162, Alt: -0.00m
11:08:53 [POS] Lat: 47.397971, Lon: 8.546162, Alt: 0.00m
11:08:53 [POS] Lat: 47.397971, Lon: 8.546162, Alt: 0.00m
11:08:53 [POS] Lat: 47.397971, Lon: 8.546162, Alt: 0.00m
11:08:53 [BAT] Percentage: 100, Voltage: 16.17V
11:08:53 [POS] Lat: 47.397971, Lon: 8.546162, Alt: 0.00m
11:08:53 [POS] Lat: 47.397971, Lon: 8.546162, Alt: 0.00m
11:08:53 [POS] Lat: 47.397971, Lon: 8.546162, Alt: 0.00m
11:08:53 [POS] Lat: 47.397971, Lon: 8.546162, Alt: 0.00m
11:08:53 [POS] Lat: 47.397971, Lon: 8.546162, Alt: 0.00m
11:08:53 [POS] Lat: 47.397971, Lon: 8.546162, Alt: 0.00m
11:08:53 [POS] Lat: 47.397971, Lon: 8.546162, Alt: 0.01m
11:08:53 [POS] Lat: 47.397971, Lon: 8.546162, Alt: 0.01m
11:08:53 [POS] Lat: 47.397971, Lon: 8.546162, Alt: 0.01m
11:08:53 [POS] Lat: 47.397971, Lon: 8.546162, Alt: 0.02m
11:08:53 [POS] Lat: 47.397971, Lon: 8.546162, Alt: 0.02m
11:08:53 [POS] Lat: 47.397971, Lon: 8.546162, Alt: 0.02m
11:08:53 [POS] Lat: 47.397971, Lon: 8.546162, Alt: 0.02m
11:08:53 [POS] Lat: 47.397971, Lon: 8.546162, Alt: 0.03m
11:08:53 [POS] Lat: 47.397971, Lon: 8.546162, Alt: 0.03m
11:08:53 [POS] Lat: 47.397971, Lon: 8.546162, Alt: 0.03m
11:08:53 [POS] Lat: 47.397971, Lon: 8.546162, Alt: 0.03m
11:08:53 [POS] Lat: 47.397971, Lon: 8.546162, Alt: 0.03m
11:08:53 [POS] Lat: 47.397971, Lon: 8.546162, Alt: 0.04m
11:08:53 [POS] Lat: 47.397971, Lon: 8.546162, Alt: 0.04m
11:08:53 [POS] Lat: 47.397971, Lon: 8.546162, Alt: 0.04m
11:08:54 [POS] Lat: 47.397971, Lon: 8.546162, Alt: 0.04m
11:08:54 [POS] Lat: 47.397971, Lon: 8.546162, Alt: 0.04m
11:08:54 [POS] Lat: 47.397971, Lon: 8.546162, Alt: 0.04m
11:08:54 [POS] Lat: 47.397971, Lon: 8.546162, Alt: 0.04m
11:08:54 [POS] Lat: 47.397971, Lon: 8.546162, Alt: 0.04m
11:08:54 [POS] Lat: 47.397971, Lon: 8.546162, Alt: 0.05m
11:08:54 [POS] Lat: 47.397971, Lon: 8.546162, Alt: 0.05m
11:08:54 [POS] Lat: 47.397971, Lon: 8.546162, Alt: 0.06m
11:08:54 [POS] Lat: 47.397971, Lon: 8.546162, Alt: 0.06m
11:08:54 [POS] Lat: 47.397971, Lon: 8.546162, Alt: 0.06m
11:08:54 [POS] Lat: 47.397971, Lon: 8.546162, Alt: 0.06m
11:08:54 [POS] Lat: 47.397971, Lon: 8.546162, Alt: 0.06m
11:08:54 [POS] Lat: 47.397971, Lon: 8.546162, Alt: 0.07m
11:08:54 [POS] Lat: 47.397971, Lon: 8.546162, Alt: 0.07m
11:08:54 [POS] Lat: 47.397971, Lon: 8.546162, Alt: 0.07m
11:08:54 [POS] Lat: 47.397971, Lon: 8.546162, Alt: 0.07m
11:08:54 [POS] Lat: 47.397971, Lon: 8.546162, Alt: 0.07m
11:08:54 [POS] Lat: 47.397971, Lon: 8.546162, Alt: 0.07m
11:08:54 [POS] Lat: 47.397971, Lon: 8.546162, Alt: 0.07m
11:08:54 [POS] Lat: 47.397971, Lon: 8.546162, Alt: 0.07m
11:08:54 [POS] Lat: 47.397971, Lon: 8.546162, Alt: 0.07m
11:08:54 [POS] Lat: 47.397971, Lon: 8.546162, Alt: 0.07m
11:08:54 [POS] Lat: 47.397971, Lon: 8.546162, Alt: 0.07m
11:08:54 [POS] Lat: 47.397971, Lon: 8.546162, Alt: 0.08m
11:08:54 [POS] Lat: 47.397971, Lon: 8.546162, Alt: 0.08m
11:08:54 [POS] Lat: 47.397971, Lon: 8.546162, Alt: 0.08m
11:08:54 [POS] Lat: 47.397971, Lon: 8.546162, Alt: 0.08m
11:08:54 [POS] Lat: 47.397971, Lon: 8.546162, Alt: 0.08m
11:08:54 [POS] Lat: 47.397971, Lon: 8.546162, Alt: 0.09m
11:08:54 [POS] Lat: 47.397971, Lon: 8.546162, Alt: 0.09m
11:08:54 [POS] Lat: 47.397971, Lon: 8.546162, Alt: 0.09m
11:08:54 [POS] Lat: 47.397971, Lon: 8.546162, Alt: 0.09m
11:08:54 [POS] Lat: 47.397971, Lon: 8.546162, Alt: 0.09m
11:08:54 [POS] Lat: 47.397971, Lon: 8.546162, Alt: 0.09m
11:08:54 [POS] Lat: 47.397971, Lon: 8.546162, Alt: 0.10m
11:08:54 [POS] Lat: 47.397971, Lon: 8.546162, Alt: 0.10m
11:08:54 [POS] Lat: 47.397971, Lon: 8.546162, Alt: 0.10m
11:08:54 [POS] Lat: 47.397971, Lon: 8.546162, Alt: 0.10m
11:08:54 [POS] Lat: 47.397971, Lon: 8.546162, Alt: 0.10m
11:08:54 [POS] Lat: 47.397971, Lon: 8.546162, Alt: 0.11m
11:08:54 [POS] Lat: 47.397971, Lon: 8.546162, Alt: 0.11m
11:08:54 [POS] Lat: 47.397971, Lon: 8.546162, Alt: 0.11m
11:08:54 [POS] Lat: 47.397971, Lon: 8.546162, Alt: 0.11m
11:08:54 [POS] Lat: 47.397971, Lon: 8.546162, Alt: 0.11m
11:08:54 [POS] Lat: 47.397971, Lon: 8.546162, Alt: 0.12m
11:08:54 [POS] Lat: 47.397971, Lon: 8.546162, Alt: 0.12m
11:08:54 [POS] Lat: 47.397971, Lon: 8.546162, Alt: 0.12m
11:08:54 [POS] Lat: 47.397971, Lon: 8.546162, Alt: 0.12m
11:08:54 [POS] Lat: 47.397971, Lon: 8.546162, Alt: 0.12m
11:08:54 [POS] Lat: 47.397971, Lon: 8.546162, Alt: 0.12m
11:08:55 [POS] Lat: 47.397971, Lon: 8.546162, Alt: 0.12m
11:08:55 [POS] Lat: 47.397971, Lon: 8.546162, Alt: 0.13m
11:08:55 [POS] Lat: 47.397971, Lon: 8.546162, Alt: 0.13m
11:08:55 [POS] Lat: 47.397971, Lon: 8.546162, Alt: 0.13m
11:08:55 [POS] Lat: 47.397971, Lon: 8.546162, Alt: 0.13m
11:08:55 [POS] Lat: 47.397971, Lon: 8.546162, Alt: 0.13m
11:08:55 [POS] Lat: 47.397971, Lon: 8.546162, Alt: 0.13m
11:08:55 [POS] Lat: 47.397971, Lon: 8.546162, Alt: 0.13m
11:08:55 [POS] Lat: 47.397971, Lon: 8.546162, Alt: 0.13m
11:08:55 [POS] Lat: 47.397971, Lon: 8.546162, Alt: 0.13m
11:08:55 [POS] Lat: 47.397971, Lon: 8.546162, Alt: 0.13m
11:08:55 [POS] Lat: 47.397971, Lon: 8.546162, Alt: 0.13m
11:08:55 [POS] Lat: 47.397971, Lon: 8.546162, Alt: 0.13m
11:08:55 [POS] Lat: 47.397971, Lon: 8.546162, Alt: 0.13m
11:08:55 [POS] Lat: 47.397971, Lon: 8.546162, Alt: 0.13m
11:08:55 [POS] Lat: 47.397971, Lon: 8.546162, Alt: 0.13m
11:08:55 [POS] Lat: 47.397971, Lon: 8.546162, Alt: 0.13m
11:08:55 [POS] Lat: 47.397971, Lon: 8.546161, Alt: 0.13m
11:08:55 [POS] Lat: 47.397971, Lon: 8.546161, Alt: 0.13m
11:08:55 [POS] Lat: 47.397971, Lon: 8.546161, Alt: 0.13m
11:08:55 [POS] Lat: 47.397971, Lon: 8.546161, Alt: 0.13m
11:08:55 [POS] Lat: 47.397971, Lon: 8.546161, Alt: 0.14m
11:08:55 [POS] Lat: 47.397971, Lon: 8.546161, Alt: 0.14m
11:08:55 [POS] Lat: 47.397971, Lon: 8.546161, Alt: 0.14m
11:08:55 [POS] Lat: 47.397971, Lon: 8.546161, Alt: 0.14m
11:08:55 [POS] Lat: 47.397971, Lon: 8.546160, Alt: 0.15m
11:08:55 [POS] Lat: 47.397971, Lon: 8.546160, Alt: 0.15m
11:08:55 [POS] Lat: 47.397971, Lon: 8.546160, Alt: 0.15m
11:08:55 [POS] Lat: 47.397971, Lon: 8.546160, Alt: 0.16m
11:08:55 [BAT] Percentage: 100, Voltage: 16.11V
11:08:55 [POS] Lat: 47.397971, Lon: 8.546160, Alt: 0.16m
11:08:55 [POS] Lat: 47.397971, Lon: 8.546160, Alt: 0.17m
11:08:55 [POS] Lat: 47.397971, Lon: 8.546160, Alt: 0.17m
11:08:55 [POS] Lat: 47.397971, Lon: 8.546160, Alt: 0.18m
11:08:55 [POS] Lat: 47.397971, Lon: 8.546159, Alt: 0.19m
11:08:55 [POS] Lat: 47.397971, Lon: 8.546159, Alt: 0.19m
11:08:55 [POS] Lat: 47.397971, Lon: 8.546159, Alt: 0.20m
11:08:55 [POS] Lat: 47.397971, Lon: 8.546159, Alt: 0.20m
11:08:55 [POS] Lat: 47.397971, Lon: 8.546159, Alt: 0.22m
11:08:55 [POS] Lat: 47.397971, Lon: 8.546159, Alt: 0.22m
11:08:55 [POS] Lat: 47.397971, Lon: 8.546159, Alt: 0.23m
11:08:55 [POS] Lat: 47.397971, Lon: 8.546159, Alt: 0.24m
11:08:55 [POS] Lat: 47.397971, Lon: 8.546158, Alt: 0.25m
11:08:55 [POS] Lat: 47.397971, Lon: 8.546158, Alt: 0.26m
11:08:55 [POS] Lat: 47.397971, Lon: 8.546158, Alt: 0.27m
11:08:55 [POS] Lat: 47.397971, Lon: 8.546158, Alt: 0.28m
11:08:55 [POS] Lat: 47.397971, Lon: 8.546158, Alt: 0.29m
11:08:55 [POS] Lat: 47.397971, Lon: 8.546158, Alt: 0.30m
11:08:55 [POS] Lat: 47.397971, Lon: 8.546158, Alt: 0.31m
11:08:55 [POS] Lat: 47.397971, Lon: 8.546158, Alt: 0.32m
11:08:56 [POS] Lat: 47.397971, Lon: 8.546157, Alt: 0.33m
11:08:56 [POS] Lat: 47.397971, Lon: 8.546157, Alt: 0.34m
11:08:56 [POS] Lat: 47.397971, Lon: 8.546157, Alt: 0.36m
11:08:56 [POS] Lat: 47.397971, Lon: 8.546157, Alt: 0.37m
11:08:56 [POS] Lat: 47.397971, Lon: 8.546157, Alt: 0.38m
11:08:56 [POS] Lat: 47.397971, Lon: 8.546157, Alt: 0.39m
11:08:56 [POS] Lat: 47.397971, Lon: 8.546157, Alt: 0.41m
11:08:56 [POS] Lat: 47.397971, Lon: 8.546157, Alt: 0.42m
11:08:56 [POS] Lat: 47.397971, Lon: 8.546157, Alt: 0.44m
11:08:56 [POS] Lat: 47.397971, Lon: 8.546157, Alt: 0.46m
11:08:56 [POS] Lat: 47.397971, Lon: 8.546156, Alt: 0.47m
11:08:56 [POS] Lat: 47.397971, Lon: 8.546156, Alt: 0.49m
11:08:56 [POS] Lat: 47.397971, Lon: 8.546156, Alt: 0.51m
11:08:56 [POS] Lat: 47.397971, Lon: 8.546156, Alt: 0.52m
11:08:56 [POS] Lat: 47.397971, Lon: 8.546156, Alt: 0.55m
11:08:56 [POS] Lat: 47.397971, Lon: 8.546156, Alt: 0.56m
11:08:56 [POS] Lat: 47.397971, Lon: 8.546156, Alt: 0.58m
11:08:56 [POS] Lat: 47.397971, Lon: 8.546156, Alt: 0.59m
11:08:56 [POS] Lat: 47.397972, Lon: 8.546156, Alt: 0.62m
11:08:56 [POS] Lat: 47.397972, Lon: 8.546156, Alt: 0.63m
11:08:56 [POS] Lat: 47.397972, Lon: 8.546156, Alt: 0.65m
11:08:56 [POS] Lat: 47.397972, Lon: 8.546156, Alt: 0.67m
11:08:56 [POS] Lat: 47.397972, Lon: 8.546156, Alt: 0.69m
11:08:56 [POS] Lat: 47.397972, Lon: 8.546156, Alt: 0.70m
11:08:56 [POS] Lat: 47.397972, Lon: 8.546156, Alt: 0.73m
11:08:56 [POS] Lat: 47.397972, Lon: 8.546156, Alt: 0.74m
11:08:56 [POS] Lat: 47.397972, Lon: 8.546156, Alt: 0.77m
11:08:56 [POS] Lat: 47.397972, Lon: 8.546156, Alt: 0.78m
11:08:56 [POS] Lat: 47.397972, Lon: 8.546156, Alt: 0.80m
11:08:56 [POS] Lat: 47.397972, Lon: 8.546156, Alt: 0.82m
11:08:56 [POS] Lat: 47.397972, Lon: 8.546156, Alt: 0.85m
11:08:56 [POS] Lat: 47.397972, Lon: 8.546156, Alt: 0.86m
11:08:56 [POS] Lat: 47.397972, Lon: 8.546156, Alt: 0.89m
11:08:56 [POS] Lat: 47.397972, Lon: 8.546156, Alt: 0.91m
11:08:56 [POS] Lat: 47.397972, Lon: 8.546156, Alt: 0.93m
11:08:56 [POS] Lat: 47.397972, Lon: 8.546156, Alt: 0.95m
11:08:56 [POS] Lat: 47.397972, Lon: 8.546156, Alt: 0.98m
11:08:56 [POS] Lat: 47.397972, Lon: 8.546156, Alt: 1.00m
11:08:56 [POS] Lat: 47.397972, Lon: 8.546156, Alt: 1.02m
11:08:56 [POS] Lat: 47.397972, Lon: 8.546156, Alt: 1.04m
11:08:56 [POS] Lat: 47.397972, Lon: 8.546156, Alt: 1.07m
11:08:56 [POS] Lat: 47.397972, Lon: 8.546156, Alt: 1.09m
11:08:56 [POS] Lat: 47.397972, Lon: 8.546156, Alt: 1.11m
11:08:56 [POS] Lat: 47.397972, Lon: 8.546156, Alt: 1.14m
11:08:56 [POS] Lat: 47.397972, Lon: 8.546156, Alt: 1.17m
11:08:56 [POS] Lat: 47.397972, Lon: 8.546156, Alt: 1.19m
11:08:56 [POS] Lat: 47.397972, Lon: 8.546156, Alt: 1.22m
11:08:56 [POS] Lat: 47.397972, Lon: 8.546157, Alt: 1.24m
11:08:56 [POS] Lat: 47.397972, Lon: 8.546157, Alt: 1.27m
11:08:56 [POS] Lat: 47.397972, Lon: 8.546157, Alt: 1.29m
11:08:57 [POS] Lat: 47.397972, Lon: 8.546157, Alt: 1.32m
11:08:57 [POS] Lat: 47.397972, Lon: 8.546157, Alt: 1.34m
11:08:57 [POS] Lat: 47.397972, Lon: 8.546157, Alt: 1.37m
11:08:57 [POS] Lat: 47.397972, Lon: 8.546157, Alt: 1.39m
11:08:57 [POS] Lat: 47.397972, Lon: 8.546157, Alt: 1.42m
11:08:57 [POS] Lat: 47.397972, Lon: 8.546157, Alt: 1.45m
11:08:57 [POS] Lat: 47.397972, Lon: 8.546157, Alt: 1.48m
11:08:57 [POS] Lat: 47.397972, Lon: 8.546157, Alt: 1.50m
11:08:57 [POS] Lat: 47.397972, Lon: 8.546157, Alt: 1.54m
11:08:57 [POS] Lat: 47.397972, Lon: 8.546157, Alt: 1.56m
11:08:57 [POS] Lat: 47.397972, Lon: 8.546157, Alt: 1.59m
11:08:57 [POS] Lat: 47.397972, Lon: 8.546157, Alt: 1.62m
11:08:57 [POS] Lat: 47.397972, Lon: 8.546157, Alt: 1.65m
11:08:57 [POS] Lat: 47.397972, Lon: 8.546157, Alt: 1.68m
11:08:57 [POS] Lat: 47.397972, Lon: 8.546157, Alt: 1.71m
11:08:57 [POS] Lat: 47.397972, Lon: 8.546157, Alt: 1.74m
11:08:57 [POS] Lat: 47.397972, Lon: 8.546157, Alt: 1.77m
11:08:57 [POS] Lat: 47.397972, Lon: 8.546157, Alt: 1.79m
11:08:57 [POS] Lat: 47.397972, Lon: 8.546158, Alt: 1.83m
11:08:57 [POS] Lat: 47.397972, Lon: 8.546158, Alt: 1.86m
11:08:57 [POS] Lat: 47.397972, Lon: 8.546158, Alt: 1.89m
11:08:57 [POS] Lat: 47.397972, Lon: 8.546158, Alt: 1.92m
11:08:57 [POS] Lat: 47.397972, Lon: 8.546158, Alt: 1.95m
11:08:57 [POS] Lat: 47.397972, Lon: 8.546158, Alt: 1.98m
11:08:57 [POS] Lat: 47.397972, Lon: 8.546158, Alt: 2.01m
11:08:57 [POS] Lat: 47.397972, Lon: 8.546158, Alt: 2.04m
11:08:57 [POS] Lat: 47.397972, Lon: 8.546158, Alt: 2.08m
11:08:57 [POS] Lat: 47.397972, Lon: 8.546158, Alt: 2.10m
11:08:57 [POS] Lat: 47.397972, Lon: 8.546158, Alt: 2.14m
11:08:57 [POS] Lat: 47.397972, Lon: 8.546158, Alt: 2.16m
11:08:57 [BAT] Percentage: 100, Voltage: 16.05V
11:08:57 [POS] Lat: 47.397972, Lon: 8.546158, Alt: 2.20m
11:08:57 [POS] Lat: 47.397971, Lon: 8.546158, Alt: 2.23m
11:08:57 [POS] Lat: 47.397971, Lon: 8.546158, Alt: 2.26m
11:08:57 [POS] Lat: 47.397971, Lon: 8.546158, Alt: 2.29m
11:08:57 [POS] Lat: 47.397971, Lon: 8.546158, Alt: 2.32m
11:08:57 [POS] Lat: 47.397971, Lon: 8.546158, Alt: 2.35m
11:08:57 [POS] Lat: 47.397971, Lon: 8.546158, Alt: 2.38m
11:08:57 [POS] Lat: 47.397971, Lon: 8.546158, Alt: 2.41m
11:08:57 [POS] Lat: 47.397971, Lon: 8.546159, Alt: 2.44m
11:08:57 [POS] Lat: 47.397971, Lon: 8.546159, Alt: 2.47m
11:08:57 [POS] Lat: 47.397971, Lon: 8.546159, Alt: 2.50m
11:08:57 [POS] Lat: 47.397971, Lon: 8.546159, Alt: 2.53m
11:08:57 [POS] Lat: 47.397971, Lon: 8.546159, Alt: 2.56m
11:08:57 [POS] Lat: 47.397971, Lon: 8.546159, Alt: 2.58m
11:08:57 [POS] Lat: 47.397971, Lon: 8.546159, Alt: 2.62m
11:08:57 [POS] Lat: 47.397971, Lon: 8.546159, Alt: 2.64m
11:08:57 [POS] Lat: 47.397971, Lon: 8.546159, Alt: 2.68m
11:08:57 [POS] Lat: 47.397971, Lon: 8.546159, Alt: 2.70m
11:08:57 [POS] Lat: 47.397971, Lon: 8.546159, Alt: 2.74m
11:08:58 [POS] Lat: 47.397971, Lon: 8.546159, Alt: 2.76m
11:08:58 [POS] Lat: 47.397971, Lon: 8.546159, Alt: 2.80m
11:08:58 [POS] Lat: 47.397971, Lon: 8.546159, Alt: 2.82m
11:08:58 [POS] Lat: 47.397971, Lon: 8.546159, Alt: 2.86m
11:08:58 [POS] Lat: 47.397971, Lon: 8.546159, Alt: 2.88m
11:08:58 [POS] Lat: 47.397971, Lon: 8.546159, Alt: 2.92m
11:08:58 [POS] Lat: 47.397971, Lon: 8.546159, Alt: 2.94m
11:08:58 [POS] Lat: 47.397971, Lon: 8.546159, Alt: 2.98m
11:08:58 [POS] Lat: 47.397971, Lon: 8.546159, Alt: 3.00m
11:08:58 [POS] Lat: 47.397971, Lon: 8.546159, Alt: 3.04m
11:08:58 [POS] Lat: 47.397971, Lon: 8.546159, Alt: 3.07m
11:08:58 [POS] Lat: 47.397971, Lon: 8.546159, Alt: 3.10m
11:08:58 [POS] Lat: 47.397971, Lon: 8.546159, Alt: 3.13m
11:08:58 [POS] Lat: 47.397971, Lon: 8.546159, Alt: 3.17m
11:08:58 [POS] Lat: 47.397971, Lon: 8.546159, Alt: 3.19m
11:08:58 [POS] Lat: 47.397971, Lon: 8.546159, Alt: 3.23m
11:08:58 [POS] Lat: 47.397971, Lon: 8.546159, Alt: 3.26m
11:08:58 [POS] Lat: 47.397971, Lon: 8.546159, Alt: 3.30m
11:08:58 [POS] Lat: 47.397971, Lon: 8.546159, Alt: 3.32m
11:08:58 [POS] Lat: 47.397971, Lon: 8.546159, Alt: 3.36m
11:08:58 [POS] Lat: 47.397971, Lon: 8.546159, Alt: 3.38m
11:08:58 [POS] Lat: 47.397971, Lon: 8.546159, Alt: 3.42m
11:08:58 [POS] Lat: 47.397971, Lon: 8.546159, Alt: 3.45m
11:08:58 [POS] Lat: 47.397971, Lon: 8.546159, Alt: 3.48m
11:08:58 [POS] Lat: 47.397971, Lon: 8.546159, Alt: 3.51m
11:08:58 [POS] Lat: 47.397971, Lon: 8.546159, Alt: 3.55m
11:08:58 [POS] Lat: 47.397971, Lon: 8.546159, Alt: 3.57m
11:08:58 [POS] Lat: 47.397971, Lon: 8.546159, Alt: 3.61m
11:08:58 [POS] Lat: 47.397971, Lon: 8.546159, Alt: 3.64m
11:08:58 [POS] Lat: 47.397971, Lon: 8.546159, Alt: 3.67m
11:08:58 [POS] Lat: 47.397971, Lon: 8.546159, Alt: 3.70m
11:08:58 [POS] Lat: 47.397971, Lon: 8.546159, Alt: 3.74m
11:08:58 [POS] Lat: 47.397971, Lon: 8.546159, Alt: 3.76m
11:08:58 [POS] Lat: 47.397971, Lon: 8.546159, Alt: 3.80m
11:08:58 [POS] Lat: 47.397971, Lon: 8.546159, Alt: 3.83m
11:08:58 [POS] Lat: 47.397971, Lon: 8.546159, Alt: 3.86m
11:08:58 [POS] Lat: 47.397971, Lon: 8.546160, Alt: 3.89m
11:08:58 [POS] Lat: 47.397971, Lon: 8.546160, Alt: 3.93m
11:08:58 [POS] Lat: 47.397971, Lon: 8.546160, Alt: 3.95m
11:08:58 [POS] Lat: 47.397971, Lon: 8.546160, Alt: 3.99m
11:08:58 [POS] Lat: 47.397971, Lon: 8.546160, Alt: 4.02m
11:08:58 [POS] Lat: 47.397971, Lon: 8.546160, Alt: 4.05m
11:08:58 [POS] Lat: 47.397971, Lon: 8.546160, Alt: 4.08m
11:08:58 [POS] Lat: 47.397971, Lon: 8.546160, Alt: 4.11m
11:08:58 [POS] Lat: 47.397971, Lon: 8.546160, Alt: 4.14m
11:08:58 [POS] Lat: 47.397971, Lon: 8.546160, Alt: 4.18m
11:08:58 [POS] Lat: 47.397971, Lon: 8.546160, Alt: 4.20m
11:08:58 [POS] Lat: 47.397971, Lon: 8.546160, Alt: 4.24m
11:08:58 [POS] Lat: 47.397971, Lon: 8.546160, Alt: 4.26m
11:08:58 [POS] Lat: 47.397971, Lon: 8.546160, Alt: 4.30m
11:08:59 [POS] Lat: 47.397971, Lon: 8.546160, Alt: 4.33m
11:08:59 [POS] Lat: 47.397971, Lon: 8.546160, Alt: 4.37m
11:08:59 [POS] Lat: 47.397971, Lon: 8.546160, Alt: 4.40m
11:08:59 [POS] Lat: 47.397971, Lon: 8.546160, Alt: 4.44m
11:08:59 [POS] Lat: 47.397971, Lon: 8.546160, Alt: 4.46m
11:08:59 [POS] Lat: 47.397971, Lon: 8.546160, Alt: 4.50m
11:08:59 [POS] Lat: 47.397971, Lon: 8.546160, Alt: 4.53m
11:08:59 [POS] Lat: 47.397971, Lon: 8.546160, Alt: 4.57m
11:08:59 [POS] Lat: 47.397971, Lon: 8.546160, Alt: 4.60m
11:08:59 [POS] Lat: 47.397971, Lon: 8.546160, Alt: 4.64m
11:08:59 [POS] Lat: 47.397971, Lon: 8.546160, Alt: 4.66m
11:08:59 [POS] Lat: 47.397971, Lon: 8.546160, Alt: 4.70m
11:08:59 [POS] Lat: 47.397971, Lon: 8.546160, Alt: 4.73m
11:08:59 [POS] Lat: 47.397971, Lon: 8.546160, Alt: 4.77m
11:08:59 [POS] Lat: 47.397971, Lon: 8.546160, Alt: 4.79m
11:08:59 [POS] Lat: 47.397971, Lon: 8.546160, Alt: 4.83m
11:08:59 [POS] Lat: 47.397971, Lon: 8.546160, Alt: 4.86m
11:08:59 [POS] Lat: 47.397971, Lon: 8.546160, Alt: 4.90m
11:08:59 [POS] Lat: 47.397971, Lon: 8.546160, Alt: 4.92m
11:08:59 [POS] Lat: 47.397971, Lon: 8.546160, Alt: 4.96m
11:08:59 [POS] Lat: 47.397971, Lon: 8.546160, Alt: 4.99m
11:08:59 [POS] Lat: 47.397971, Lon: 8.546160, Alt: 5.03m
11:08:59 [POS] Lat: 47.397971, Lon: 8.546160, Alt: 5.05m
11:08:59 [POS] Lat: 47.397971, Lon: 8.546160, Alt: 5.09m
11:08:59 [POS] Lat: 47.397971, Lon: 8.546160, Alt: 5.12m
11:08:59 [POS] Lat: 47.397971, Lon: 8.546160, Alt: 5.15m
11:08:59 [POS] Lat: 47.397971, Lon: 8.546160, Alt: 5.18m
11:08:59 [POS] Lat: 47.397971, Lon: 8.546161, Alt: 5.22m
11:08:59 [POS] Lat: 47.397971, Lon: 8.546161, Alt: 5.25m
11:08:59 [POS] Lat: 47.397971, Lon: 8.546161, Alt: 5.28m
11:08:59 [POS] Lat: 47.397971, Lon: 8.546161, Alt: 5.31m
11:08:59 [BAT] Percentage: 100, Voltage: 15.99V
11:08:59 [POS] Lat: 47.397971, Lon: 8.546161, Alt: 5.35m
11:08:59 [POS] Lat: 47.397971, Lon: 8.546161, Alt: 5.38m
11:08:59 [POS] Lat: 47.397971, Lon: 8.546161, Alt: 5.41m
11:08:59 [POS] Lat: 47.397971, Lon: 8.546161, Alt: 5.44m
11:08:59 [POS] Lat: 47.397971, Lon: 8.546161, Alt: 5.48m
11:08:59 [POS] Lat: 47.397971, Lon: 8.546161, Alt: 5.50m
11:08:59 [POS] Lat: 47.397971, Lon: 8.546161, Alt: 5.54m
11:08:59 [POS] Lat: 47.397971, Lon: 8.546161, Alt: 5.57m
11:08:59 [POS] Lat: 47.397971, Lon: 8.546161, Alt: 5.61m
11:08:59 [POS] Lat: 47.397971, Lon: 8.546161, Alt: 5.64m
11:08:59 [POS] Lat: 47.397971, Lon: 8.546161, Alt: 5.67m
11:08:59 [POS] Lat: 47.397971, Lon: 8.546161, Alt: 5.70m
11:08:59 [POS] Lat: 47.397971, Lon: 8.546161, Alt: 5.74m
11:08:59 [POS] Lat: 47.397971, Lon: 8.546161, Alt: 5.77m
11:08:59 [POS] Lat: 47.397971, Lon: 8.546162, Alt: 5.81m
11:08:59 [POS] Lat: 47.397971, Lon: 8.546162, Alt: 5.83m
11:08:59 [POS] Lat: 47.397971, Lon: 8.546162, Alt: 5.87m
11:08:59 [POS] Lat: 47.397971, Lon: 8.546162, Alt: 5.90m
11:09:00 [POS] Lat: 47.397971, Lon: 8.546162, Alt: 5.94m
11:09:00 [POS] Lat: 47.397971, Lon: 8.546162, Alt: 5.97m
11:09:00 [POS] Lat: 47.397971, Lon: 8.546162, Alt: 6.01m
11:09:00 [POS] Lat: 47.397971, Lon: 8.546162, Alt: 6.04m
11:09:00 [POS] Lat: 47.397971, Lon: 8.546162, Alt: 6.08m
11:09:00 [POS] Lat: 47.397971, Lon: 8.546162, Alt: 6.11m
11:09:00 [POS] Lat: 47.397971, Lon: 8.546162, Alt: 6.15m
11:09:00 [POS] Lat: 47.397971, Lon: 8.546162, Alt: 6.17m
11:09:00 [POS] Lat: 47.397971, Lon: 8.546162, Alt: 6.22m
11:09:00 [POS] Lat: 47.397971, Lon: 8.546162, Alt: 6.24m
11:09:00 [POS] Lat: 47.397971, Lon: 8.546162, Alt: 6.29m
11:09:00 [POS] Lat: 47.397971, Lon: 8.546162, Alt: 6.31m
11:09:00 [POS] Lat: 47.397971, Lon: 8.546162, Alt: 6.35m
11:09:00 [POS] Lat: 47.397971, Lon: 8.546162, Alt: 6.38m
11:09:00 [POS] Lat: 47.397971, Lon: 8.546162, Alt: 6.42m
11:09:00 [POS] Lat: 47.397971, Lon: 8.546162, Alt: 6.45m
11:09:00 [POS] Lat: 47.397971, Lon: 8.546162, Alt: 6.49m
11:09:00 [POS] Lat: 47.397971, Lon: 8.546162, Alt: 6.52m
11:09:00 [POS] Lat: 47.397971, Lon: 8.546162, Alt: 6.56m
11:09:00 [POS] Lat: 47.397971, Lon: 8.546162, Alt: 6.59m
11:09:00 [POS] Lat: 47.397971, Lon: 8.546162, Alt: 6.63m
11:09:00 [POS] Lat: 47.397971, Lon: 8.546162, Alt: 6.66m
11:09:00 [POS] Lat: 47.397971, Lon: 8.546162, Alt: 6.70m
11:09:00 [POS] Lat: 47.397971, Lon: 8.546162, Alt: 6.73m
11:09:00 [POS] Lat: 47.397971, Lon: 8.546162, Alt: 6.77m
11:09:00 [POS] Lat: 47.397971, Lon: 8.546162, Alt: 6.80m
11:09:00 [POS] Lat: 47.397971, Lon: 8.546162, Alt: 6.84m
11:09:00 [POS] Lat: 47.397971, Lon: 8.546162, Alt: 6.87m
11:09:00 [POS] Lat: 47.397971, Lon: 8.546162, Alt: 6.91m
11:09:00 [POS] Lat: 47.397971, Lon: 8.546162, Alt: 6.94m
11:09:00 [POS] Lat: 47.397971, Lon: 8.546162, Alt: 6.98m
11:09:00 [POS] Lat: 47.397971, Lon: 8.546162, Alt: 7.01m
11:09:00 [POS] Lat: 47.397971, Lon: 8.546162, Alt: 7.05m
11:09:00 [POS] Lat: 47.397971, Lon: 8.546162, Alt: 7.07m
11:09:00 [POS] Lat: 47.397971, Lon: 8.546162, Alt: 7.12m
11:09:00 [POS] Lat: 47.397971, Lon: 8.546162, Alt: 7.14m
11:09:00 [POS] Lat: 47.397971, Lon: 8.546162, Alt: 7.18m
11:09:00 [POS] Lat: 47.397971, Lon: 8.546162, Alt: 7.21m
11:09:00 [POS] Lat: 47.397971, Lon: 8.546162, Alt: 7.25m
11:09:00 [POS] Lat: 47.397971, Lon: 8.546162, Alt: 7.28m
11:09:00 [POS] Lat: 47.397971, Lon: 8.546162, Alt: 7.32m
11:09:00 [POS] Lat: 47.397971, Lon: 8.546162, Alt: 7.34m
11:09:00 [POS] Lat: 47.397971, Lon: 8.546162, Alt: 7.39m
11:09:00 [POS] Lat: 47.397971, Lon: 8.546162, Alt: 7.41m
11:09:00 [POS] Lat: 47.397971, Lon: 8.546162, Alt: 7.45m
11:09:00 [POS] Lat: 47.397971, Lon: 8.546162, Alt: 7.48m
11:09:00 [POS] Lat: 47.397971, Lon: 8.546162, Alt: 7.52m
11:09:00 [POS] Lat: 47.397971, Lon: 8.546162, Alt: 7.55m
11:09:00 [POS] Lat: 47.397971, Lon: 8.546162, Alt: 7.59m
11:09:00 [POS] Lat: 47.397971, Lon: 8.546162, Alt: 7.61m
11:09:01 [POS] Lat: 47.397971, Lon: 8.546162, Alt: 7.65m
11:09:01 [POS] Lat: 47.397971, Lon: 8.546162, Alt: 7.68m
11:09:01 [POS] Lat: 47.397971, Lon: 8.546162, Alt: 7.72m
11:09:01 [POS] Lat: 47.397971, Lon: 8.546162, Alt: 7.74m
11:09:01 [POS] Lat: 47.397971, Lon: 8.546162, Alt: 7.78m
11:09:01 [POS] Lat: 47.397971, Lon: 8.546162, Alt: 7.80m
11:09:01 [POS] Lat: 47.397971, Lon: 8.546162, Alt: 7.84m
11:09:01 [POS] Lat: 47.397971, Lon: 8.546162, Alt: 7.86m
11:09:01 [POS] Lat: 47.397971, Lon: 8.546162, Alt: 7.90m
11:09:01 [POS] Lat: 47.397971, Lon: 8.546162, Alt: 7.93m
11:09:01 [POS] Lat: 47.397971, Lon: 8.546162, Alt: 7.96m
11:09:01 [POS] Lat: 47.397971, Lon: 8.546162, Alt: 7.98m
11:09:01 [POS] Lat: 47.397971, Lon: 8.546162, Alt: 8.02m
11:09:01 [POS] Lat: 47.397971, Lon: 8.546162, Alt: 8.04m
11:09:01 [POS] Lat: 47.397971, Lon: 8.546162, Alt: 8.08m
11:09:01 [POS] Lat: 47.397971, Lon: 8.546162, Alt: 8.10m
11:09:01 [POS] Lat: 47.397971, Lon: 8.546162, Alt: 8.14m
11:09:01 [POS] Lat: 47.397971, Lon: 8.546162, Alt: 8.16m
11:09:01 [POS] Lat: 47.397971, Lon: 8.546162, Alt: 8.19m
11:09:01 [POS] Lat: 47.397971, Lon: 8.546162, Alt: 8.22m
11:09:01 [POS] Lat: 47.397971, Lon: 8.546162, Alt: 8.25m
11:09:01 [POS] Lat: 47.397971, Lon: 8.546162, Alt: 8.27m
11:09:01 [POS] Lat: 47.397971, Lon: 8.546161, Alt: 8.31m
11:09:01 [POS] Lat: 47.397971, Lon: 8.546161, Alt: 8.33m
11:09:01 [POS] Lat: 47.397971, Lon: 8.546161, Alt: 8.36m
11:09:01 [POS] Lat: 47.397971, Lon: 8.546161, Alt: 8.38m
11:09:01 [POS] Lat: 47.397971, Lon: 8.546161, Alt: 8.41m
11:09:01 [POS] Lat: 47.397971, Lon: 8.546161, Alt: 8.44m
11:09:01 [POS] Lat: 47.397971, Lon: 8.546161, Alt: 8.47m
11:09:01 [POS] Lat: 47.397971, Lon: 8.546161, Alt: 8.49m
11:09:01 [POS] Lat: 47.397971, Lon: 8.546161, Alt: 8.52m
11:09:01 [POS] Lat: 47.397971, Lon: 8.546161, Alt: 8.54m
11:09:01 [BAT] Percentage: 100, Voltage: 15.93V
11:09:01 [POS] Lat: 47.397971, Lon: 8.546161, Alt: 8.57m
11:09:01 [POS] Lat: 47.397971, Lon: 8.546161, Alt: 8.60m
11:09:01 [POS] Lat: 47.397971, Lon: 8.546161, Alt: 8.63m
11:09:01 [POS] Lat: 47.397971, Lon: 8.546161, Alt: 8.65m
11:09:01 [POS] Lat: 47.397971, Lon: 8.546161, Alt: 8.68m
11:09:01 [POS] Lat: 47.397970, Lon: 8.546161, Alt: 8.70m
11:09:01 [POS] Lat: 47.397970, Lon: 8.546161, Alt: 8.73m
11:09:01 [POS] Lat: 47.397970, Lon: 8.546161, Alt: 8.75m
11:09:01 [POS] Lat: 47.397970, Lon: 8.546161, Alt: 8.78m
11:09:01 [POS] Lat: 47.397970, Lon: 8.546161, Alt: 8.80m
11:09:01 [POS] Lat: 47.397970, Lon: 8.546161, Alt: 8.83m
11:09:01 [POS] Lat: 47.397970, Lon: 8.546161, Alt: 8.85m
11:09:01 [POS] Lat: 47.397970, Lon: 8.546161, Alt: 8.88m
11:09:01 [POS] Lat: 47.397970, Lon: 8.546161, Alt: 8.90m
11:09:01 [POS] Lat: 47.397970, Lon: 8.546161, Alt: 8.93m
11:09:01 [POS] Lat: 47.397970, Lon: 8.546161, Alt: 8.94m
11:09:01 [POS] Lat: 47.397970, Lon: 8.546161, Alt: 8.97m
11:09:02 [POS] Lat: 47.397970, Lon: 8.546161, Alt: 8.99m
11:09:02 [POS] Lat: 47.397970, Lon: 8.546161, Alt: 9.02m
11:09:02 [POS] Lat: 47.397970, Lon: 8.546161, Alt: 9.04m
11:09:02 [POS] Lat: 47.397970, Lon: 8.546161, Alt: 9.06m
11:09:02 [POS] Lat: 47.397970, Lon: 8.546161, Alt: 9.08m
11:09:02 [POS] Lat: 47.397970, Lon: 8.546161, Alt: 9.11m
11:09:02 [POS] Lat: 47.397970, Lon: 8.546161, Alt: 9.12m
11:09:02 [POS] Lat: 47.397970, Lon: 8.546161, Alt: 9.15m
11:09:02 [POS] Lat: 47.397970, Lon: 8.546161, Alt: 9.16m
11:09:02 [POS] Lat: 47.397970, Lon: 8.546161, Alt: 9.19m
11:09:02 [POS] Lat: 47.397970, Lon: 8.546161, Alt: 9.21m
11:09:02 [POS] Lat: 47.397970, Lon: 8.546161, Alt: 9.23m
11:09:02 [POS] Lat: 47.397970, Lon: 8.546161, Alt: 9.25m
11:09:02 [POS] Lat: 47.397970, Lon: 8.546161, Alt: 9.27m
11:09:02 [POS] Lat: 47.397970, Lon: 8.546161, Alt: 9.29m
11:09:02 [POS] Lat: 47.397970, Lon: 8.546161, Alt: 9.32m
11:09:02 [POS] Lat: 47.397970, Lon: 8.546161, Alt: 9.33m
11:09:02 [POS] Lat: 47.397970, Lon: 8.546161, Alt: 9.36m
11:09:02 [POS] Lat: 47.397970, Lon: 8.546161, Alt: 9.37m
11:09:02 [POS] Lat: 47.397970, Lon: 8.546161, Alt: 9.39m
11:09:02 [POS] Lat: 47.397970, Lon: 8.546161, Alt: 9.41m
11:09:02 [POS] Lat: 47.397970, Lon: 8.546161, Alt: 9.43m
11:09:02 [POS] Lat: 47.397970, Lon: 8.546161, Alt: 9.45m
11:09:02 [POS] Lat: 47.397970, Lon: 8.546161, Alt: 9.47m
11:09:02 [POS] Lat: 47.397970, Lon: 8.546161, Alt: 9.48m
11:09:02 [POS] Lat: 47.397970, Lon: 8.546161, Alt: 9.50m
11:09:02 [POS] Lat: 47.397970, Lon: 8.546161, Alt: 9.52m
11:09:02 [POS] Lat: 47.397970, Lon: 8.546161, Alt: 9.54m
11:09:02 [POS] Lat: 47.397970, Lon: 8.546161, Alt: 9.55m
11:09:02 [POS] Lat: 47.397970, Lon: 8.546161, Alt: 9.57m
11:09:02 [POS] Lat: 47.397970, Lon: 8.546161, Alt: 9.58m
11:09:02 [POS] Lat: 47.397970, Lon: 8.546161, Alt: 9.60m
11:09:02 [POS] Lat: 47.397970, Lon: 8.546161, Alt: 9.61m
11:09:02 [POS] Lat: 47.397970, Lon: 8.546161, Alt: 9.63m
11:09:02 [POS] Lat: 47.397970, Lon: 8.546161, Alt: 9.65m
11:09:02 [POS] Lat: 47.397970, Lon: 8.546161, Alt: 9.67m
11:09:02 [POS] Lat: 47.397970, Lon: 8.546161, Alt: 9.68m
11:09:02 [POS] Lat: 47.397970, Lon: 8.546161, Alt: 9.70m
11:09:02 [POS] Lat: 47.397970, Lon: 8.546161, Alt: 9.71m
11:09:02 [POS] Lat: 47.397970, Lon: 8.546162, Alt: 9.73m
11:09:02 [POS] Lat: 47.397970, Lon: 8.546162, Alt: 9.74m
11:09:02 [POS] Lat: 47.397970, Lon: 8.546162, Alt: 9.76m
11:09:02 [POS] Lat: 47.397970, Lon: 8.546162, Alt: 9.78m
11:09:02 [POS] Lat: 47.397970, Lon: 8.546162, Alt: 9.79m
11:09:02 [POS] Lat: 47.397969, Lon: 8.546162, Alt: 9.80m
11:09:02 [POS] Lat: 47.397969, Lon: 8.546162, Alt: 9.82m
11:09:02 [POS] Lat: 47.397969, Lon: 8.546162, Alt: 9.83m
11:09:02 [POS] Lat: 47.397969, Lon: 8.546162, Alt: 9.85m
11:09:02 [POS] Lat: 47.397969, Lon: 8.546162, Alt: 9.86m
11:09:02 [POS] Lat: 47.397969, Lon: 8.546163, Alt: 9.88m
11:09:03 [POS] Lat: 47.397969, Lon: 8.546163, Alt: 9.89m
11:09:03 [POS] Lat: 47.397969, Lon: 8.546163, Alt: 9.90m
11:09:03 [POS] Lat: 47.397969, Lon: 8.546163, Alt: 9.92m
11:09:03 [POS] Lat: 47.397968, Lon: 8.546163, Alt: 9.93m
11:09:03 [POS] Lat: 47.397968, Lon: 8.546164, Alt: 9.94m
11:09:03 [POS] Lat: 47.397968, Lon: 8.546164, Alt: 9.96m
11:09:03 [POS] Lat: 47.397968, Lon: 8.546164, Alt: 9.97m
11:09:03 [POS] Lat: 47.397968, Lon: 8.546164, Alt: 9.98m
11:09:03 [POS] Lat: 47.397968, Lon: 8.546164, Alt: 9.99m
11:09:03 [POS] Lat: 47.397967, Lon: 8.546165, Alt: 10.00m
11:09:03 [POS] Lat: 47.397967, Lon: 8.546165, Alt: 10.01m
11:09:03 [POS] Lat: 47.397967, Lon: 8.546165, Alt: 10.02m
11:09:03 [POS] Lat: 47.397967, Lon: 8.546166, Alt: 10.03m
11:09:03 [POS] Lat: 47.397966, Lon: 8.546166, Alt: 10.04m
11:09:03 [POS] Lat: 47.397966, Lon: 8.546166, Alt: 10.04m
11:09:03 [POS] Lat: 47.397966, Lon: 8.546167, Alt: 10.05m
11:09:03 [POS] Lat: 47.397966, Lon: 8.546167, Alt: 10.06m
11:09:03 [POS] Lat: 47.397965, Lon: 8.546167, Alt: 10.07m
11:09:03 [POS] Lat: 47.397965, Lon: 8.546168, Alt: 10.07m
11:09:03 [POS] Lat: 47.397965, Lon: 8.546168, Alt: 10.08m
11:09:03 [POS] Lat: 47.397964, Lon: 8.546168, Alt: 10.08m
11:09:03 [POS] Lat: 47.397964, Lon: 8.546169, Alt: 10.09m
11:09:03 [POS] Lat: 47.397964, Lon: 8.546169, Alt: 10.10m
11:09:03 [POS] Lat: 47.397963, Lon: 8.546170, Alt: 10.10m
11:09:03 [POS] Lat: 47.397963, Lon: 8.546170, Alt: 10.11m
11:09:03 [POS] Lat: 47.397962, Lon: 8.546170, Alt: 10.11m
11:09:03 [POS] Lat: 47.397962, Lon: 8.546171, Alt: 10.12m
11:09:03 [POS] Lat: 47.397962, Lon: 8.546171, Alt: 10.12m
11:09:03 [POS] Lat: 47.397961, Lon: 8.546172, Alt: 10.13m
11:09:03 [POS] Lat: 47.397961, Lon: 8.546172, Alt: 10.13m
11:09:03 [POS] Lat: 47.397960, Lon: 8.546172, Alt: 10.14m
11:09:03 [POS] Lat: 47.397960, Lon: 8.546173, Alt: 10.14m
11:09:03 [POS] Lat: 47.397959, Lon: 8.546173, Alt: 10.14m
11:09:03 [BAT] Percentage: 98, Voltage: 15.87V
11:09:03 [POS] Lat: 47.397959, Lon: 8.546174, Alt: 10.15m
11:09:03 [POS] Lat: 47.397958, Lon: 8.546174, Alt: 10.15m
11:09:03 [POS] Lat: 47.397958, Lon: 8.546175, Alt: 10.16m
11:09:03 [POS] Lat: 47.397957, Lon: 8.546175, Alt: 10.16m
11:09:03 [POS] Lat: 47.397957, Lon: 8.546176, Alt: 10.17m
11:09:03 [POS] Lat: 47.397956, Lon: 8.546176, Alt: 10.17m
11:09:03 [POS] Lat: 47.397956, Lon: 8.546177, Alt: 10.17m
11:09:03 [POS] Lat: 47.397955, Lon: 8.546178, Alt: 10.18m
11:09:03 [POS] Lat: 47.397955, Lon: 8.546178, Alt: 10.18m
11:09:03 [POS] Lat: 47.397954, Lon: 8.546179, Alt: 10.18m
11:09:03 [POS] Lat: 47.397953, Lon: 8.546179, Alt: 10.19m
11:09:03 [POS] Lat: 47.397953, Lon: 8.546180, Alt: 10.19m
11:09:03 [POS] Lat: 47.397952, Lon: 8.546181, Alt: 10.19m
11:09:03 [POS] Lat: 47.397952, Lon: 8.546181, Alt: 10.19m
11:09:03 [POS] Lat: 47.397951, Lon: 8.546182, Alt: 10.20m
11:09:03 [POS] Lat: 47.397951, Lon: 8.546182, Alt: 10.20m
11:09:04 [POS] Lat: 47.397950, Lon: 8.546183, Alt: 10.20m
11:09:04 [POS] Lat: 47.397949, Lon: 8.546184, Alt: 10.20m
11:09:04 [POS] Lat: 47.397949, Lon: 8.546184, Alt: 10.20m
11:09:04 [POS] Lat: 47.397948, Lon: 8.546185, Alt: 10.20m
11:09:04 [POS] Lat: 47.397947, Lon: 8.546186, Alt: 10.20m
11:09:04 [POS] Lat: 47.397947, Lon: 8.546186, Alt: 10.20m
11:09:04 [POS] Lat: 47.397946, Lon: 8.546187, Alt: 10.20m
11:09:04 [POS] Lat: 47.397945, Lon: 8.546188, Alt: 10.20m
11:09:04 [POS] Lat: 47.397945, Lon: 8.546188, Alt: 10.20m
11:09:04 [POS] Lat: 47.397944, Lon: 8.546189, Alt: 10.20m
11:09:04 [POS] Lat: 47.397943, Lon: 8.546190, Alt: 10.20m
11:09:04 [POS] Lat: 47.397942, Lon: 8.546190, Alt: 10.19m
11:09:04 [POS] Lat: 47.397942, Lon: 8.546191, Alt: 10.19m
11:09:04 [POS] Lat: 47.397941, Lon: 8.546192, Alt: 10.19m
11:09:04 [POS] Lat: 47.397940, Lon: 8.546193, Alt: 10.19m
11:09:04 [POS] Lat: 47.397940, Lon: 8.546193, Alt: 10.18m
11:09:04 [POS] Lat: 47.397939, Lon: 8.546194, Alt: 10.18m
11:09:04 [POS] Lat: 47.397938, Lon: 8.546195, Alt: 10.18m
11:09:04 [POS] Lat: 47.397937, Lon: 8.546195, Alt: 10.18m
11:09:04 [POS] Lat: 47.397937, Lon: 8.546196, Alt: 10.18m
11:09:04 [POS] Lat: 47.397936, Lon: 8.546197, Alt: 10.17m
11:09:04 [POS] Lat: 47.397935, Lon: 8.546197, Alt: 10.17m
11:09:04 [POS] Lat: 47.397934, Lon: 8.546198, Alt: 10.17m
11:09:04 [POS] Lat: 47.397934, Lon: 8.546199, Alt: 10.16m
11:09:04 [POS] Lat: 47.397933, Lon: 8.546200, Alt: 10.16m
11:09:04 [POS] Lat: 47.397932, Lon: 8.546200, Alt: 10.16m
11:09:04 [POS] Lat: 47.397931, Lon: 8.546201, Alt: 10.15m
11:09:04 [POS] Lat: 47.397930, Lon: 8.546202, Alt: 10.15m
11:09:04 [POS] Lat: 47.397929, Lon: 8.546203, Alt: 10.15m
11:09:04 [POS] Lat: 47.397929, Lon: 8.546203, Alt: 10.14m
11:09:04 [POS] Lat: 47.397928, Lon: 8.546204, Alt: 10.14m
11:09:04 [POS] Lat: 47.397927, Lon: 8.546205, Alt: 10.14m
11:09:04 [POS] Lat: 47.397926, Lon: 8.546206, Alt: 10.14m
11:09:04 [POS] Lat: 47.397926, Lon: 8.546207, Alt: 10.14m
11:09:04 [POS] Lat: 47.397925, Lon: 8.546207, Alt: 10.13m
11:09:04 [POS] Lat: 47.397924, Lon: 8.546208, Alt: 10.13m
11:09:04 [POS] Lat: 47.397923, Lon: 8.546209, Alt: 10.13m
11:09:04 [POS] Lat: 47.397923, Lon: 8.546209, Alt: 10.13m
11:09:04 [POS] Lat: 47.397922, Lon: 8.546210, Alt: 10.13m
11:09:04 [POS] Lat: 47.397921, Lon: 8.546211, Alt: 10.12m
11:09:04 [POS] Lat: 47.397920, Lon: 8.546212, Alt: 10.12m
11:09:04 [POS] Lat: 47.397920, Lon: 8.546212, Alt: 10.12m
11:09:04 [POS] Lat: 47.397919, Lon: 8.546213, Alt: 10.12m
11:09:04 [POS] Lat: 47.397918, Lon: 8.546214, Alt: 10.12m
11:09:04 [POS] Lat: 47.397917, Lon: 8.546215, Alt: 10.12m
11:09:04 [POS] Lat: 47.397917, Lon: 8.546215, Alt: 10.12m
11:09:04 [POS] Lat: 47.397916, Lon: 8.546216, Alt: 10.12m
11:09:04 [POS] Lat: 47.397915, Lon: 8.546217, Alt: 10.13m
11:09:04 [POS] Lat: 47.397914, Lon: 8.546218, Alt: 10.13m
11:09:04 [POS] Lat: 47.397914, Lon: 8.546218, Alt: 10.13m
11:09:05 [POS] Lat: 47.397913, Lon: 8.546219, Alt: 10.13m
11:09:05 [POS] Lat: 47.397912, Lon: 8.546220, Alt: 10.13m
11:09:05 [POS] Lat: 47.397911, Lon: 8.546220, Alt: 10.13m
11:09:05 [POS] Lat: 47.397911, Lon: 8.546221, Alt: 10.13m
11:09:05 [POS] Lat: 47.397910, Lon: 8.546222, Alt: 10.13m
11:09:05 [POS] Lat: 47.397909, Lon: 8.546222, Alt: 10.13m
11:09:05 [POS] Lat: 47.397909, Lon: 8.546223, Alt: 10.13m
11:09:05 [POS] Lat: 47.397908, Lon: 8.546224, Alt: 10.13m
11:09:05 [POS] Lat: 47.397907, Lon: 8.546225, Alt: 10.13m
11:09:05 [POS] Lat: 47.397906, Lon: 8.546225, Alt: 10.13m
11:09:05 [POS] Lat: 47.397906, Lon: 8.546226, Alt: 10.14m
11:09:05 [POS] Lat: 47.397905, Lon: 8.546226, Alt: 10.14m
11:09:05 [POS] Lat: 47.397904, Lon: 8.546227, Alt: 10.14m
11:09:05 [POS] Lat: 47.397904, Lon: 8.546228, Alt: 10.14m
11:09:05 [POS] Lat: 47.397903, Lon: 8.546229, Alt: 10.14m
11:09:05 [POS] Lat: 47.397902, Lon: 8.546229, Alt: 10.14m
11:09:05 [POS] Lat: 47.397901, Lon: 8.546230, Alt: 10.14m
11:09:05 [POS] Lat: 47.397901, Lon: 8.546230, Alt: 10.14m
11:09:05 [POS] Lat: 47.397900, Lon: 8.546231, Alt: 10.14m
11:09:05 [POS] Lat: 47.397899, Lon: 8.546232, Alt: 10.14m
11:09:05 [POS] Lat: 47.397898, Lon: 8.546233, Alt: 10.14m
11:09:05 [POS] Lat: 47.397898, Lon: 8.546233, Alt: 10.14m
11:09:05 [POS] Lat: 47.397897, Lon: 8.546234, Alt: 10.14m
11:09:05 [POS] Lat: 47.397896, Lon: 8.546234, Alt: 10.14m
11:09:05 [POS] Lat: 47.397896, Lon: 8.546235, Alt: 10.14m
11:09:05 [POS] Lat: 47.397895, Lon: 8.546236, Alt: 10.14m
11:09:05 [POS] Lat: 47.397894, Lon: 8.546237, Alt: 10.14m
11:09:05 [POS] Lat: 47.397894, Lon: 8.546237, Alt: 10.14m
11:09:05 [POS] Lat: 47.397893, Lon: 8.546238, Alt: 10.14m
11:09:05 [POS] Lat: 47.397892, Lon: 8.546238, Alt: 10.14m
11:09:05 [POS] Lat: 47.397891, Lon: 8.546239, Alt: 10.14m
11:09:05 [POS] Lat: 47.397891, Lon: 8.546240, Alt: 10.14m
11:09:05 [POS] Lat: 47.397890, Lon: 8.546241, Alt: 10.14m
11:09:05 [POS] Lat: 47.397889, Lon: 8.546241, Alt: 10.14m
11:09:05 [BAT] Percentage: 95, Voltage: 15.81V
11:09:05 [POS] Lat: 47.397889, Lon: 8.546242, Alt: 10.14m
11:09:05 [POS] Lat: 47.397888, Lon: 8.546242, Alt: 10.15m
11:09:05 [POS] Lat: 47.397887, Lon: 8.546243, Alt: 10.15m
11:09:05 [POS] Lat: 47.397886, Lon: 8.546244, Alt: 10.15m
11:09:05 [POS] Lat: 47.397886, Lon: 8.546245, Alt: 10.15m
11:09:05 [POS] Lat: 47.397885, Lon: 8.546245, Alt: 10.14m
11:09:05 [POS] Lat: 47.397884, Lon: 8.546246, Alt: 10.14m
11:09:05 [POS] Lat: 47.397884, Lon: 8.546247, Alt: 10.15m
11:09:05 [POS] Lat: 47.397883, Lon: 8.546247, Alt: 10.15m
11:09:05 [POS] Lat: 47.397882, Lon: 8.546248, Alt: 10.15m
11:09:05 [POS] Lat: 47.397881, Lon: 8.546249, Alt: 10.15m
11:09:05 [POS] Lat: 47.397881, Lon: 8.546249, Alt: 10.15m
11:09:05 [POS] Lat: 47.397880, Lon: 8.546250, Alt: 10.15m
11:09:05 [POS] Lat: 47.397879, Lon: 8.546251, Alt: 10.15m
11:09:05 [POS] Lat: 47.397878, Lon: 8.546252, Alt: 10.15m
11:09:06 [POS] Lat: 47.397878, Lon: 8.546252, Alt: 10.15m
11:09:06 [POS] Lat: 47.397877, Lon: 8.546253, Alt: 10.15m
11:09:06 [POS] Lat: 47.397876, Lon: 8.546254, Alt: 10.15m
11:09:06 [POS] Lat: 47.397876, Lon: 8.546254, Alt: 10.15m
11:09:06 [POS] Lat: 47.397875, Lon: 8.546255, Alt: 10.15m
11:09:06 [POS] Lat: 47.397874, Lon: 8.546256, Alt: 10.15m
11:09:06 [POS] Lat: 47.397873, Lon: 8.546256, Alt: 10.15m
11:09:06 [POS] Lat: 47.397873, Lon: 8.546257, Alt: 10.15m
11:09:06 [POS] Lat: 47.397872, Lon: 8.546258, Alt: 10.15m
11:09:06 [POS] Lat: 47.397871, Lon: 8.546259, Alt: 10.15m
11:09:06 [POS] Lat: 47.397871, Lon: 8.546259, Alt: 10.15m
11:09:06 [POS] Lat: 47.397870, Lon: 8.546260, Alt: 10.15m
11:09:06 [POS] Lat: 47.397869, Lon: 8.546260, Alt: 10.15m
11:09:06 [POS] Lat: 47.397868, Lon: 8.546261, Alt: 10.15m
11:09:06 [POS] Lat: 47.397868, Lon: 8.546262, Alt: 10.15m
11:09:06 [POS] Lat: 47.397867, Lon: 8.546263, Alt: 10.15m
11:09:06 [POS] Lat: 47.397866, Lon: 8.546263, Alt: 10.15m
11:09:06 [POS] Lat: 47.397865, Lon: 8.546264, Alt: 10.15m
11:09:06 [POS] Lat: 47.397865, Lon: 8.546265, Alt: 10.15m
11:09:06 [POS] Lat: 47.397864, Lon: 8.546265, Alt: 10.15m
11:09:06 [POS] Lat: 47.397863, Lon: 8.546266, Alt: 10.15m
11:09:06 [POS] Lat: 47.397862, Lon: 8.546267, Alt: 10.15m
11:09:06 [POS] Lat: 47.397862, Lon: 8.546267, Alt: 10.15m
11:09:06 [POS] Lat: 47.397861, Lon: 8.546268, Alt: 10.15m
11:09:06 [POS] Lat: 47.397860, Lon: 8.546269, Alt: 10.15m
11:09:06 [POS] Lat: 47.397859, Lon: 8.546270, Alt: 10.15m
11:09:06 [POS] Lat: 47.397859, Lon: 8.546270, Alt: 10.15m
11:09:06 [POS] Lat: 47.397858, Lon: 8.546271, Alt: 10.14m
11:09:06 [POS] Lat: 47.397857, Lon: 8.546272, Alt: 10.14m
11:09:06 [POS] Lat: 47.397857, Lon: 8.546272, Alt: 10.14m
11:09:06 [POS] Lat: 47.397856, Lon: 8.546273, Alt: 10.14m
11:09:06 [POS] Lat: 47.397855, Lon: 8.546274, Alt: 10.14m
11:09:06 [POS] Lat: 47.397855, Lon: 8.546274, Alt: 10.14m
11:09:06 [POS] Lat: 47.397854, Lon: 8.546275, Alt: 10.14m
11:09:06 [POS] Lat: 47.397853, Lon: 8.546276, Alt: 10.14m
11:09:06 [POS] Lat: 47.397852, Lon: 8.546277, Alt: 10.14m
11:09:06 [POS] Lat: 47.397851, Lon: 8.546277, Alt: 10.14m
11:09:06 [POS] Lat: 47.397851, Lon: 8.546278, Alt: 10.14m
11:09:06 [POS] Lat: 47.397850, Lon: 8.546278, Alt: 10.14m
11:09:06 [POS] Lat: 47.397849, Lon: 8.546279, Alt: 10.14m
11:09:06 [POS] Lat: 47.397848, Lon: 8.546280, Alt: 10.14m
11:09:06 [POS] Lat: 47.397848, Lon: 8.546281, Alt: 10.14m
11:09:06 [POS] Lat: 47.397847, Lon: 8.546281, Alt: 10.14m
11:09:06 [POS] Lat: 47.397846, Lon: 8.546282, Alt: 10.14m
11:09:06 [POS] Lat: 47.397846, Lon: 8.546283, Alt: 10.14m
11:09:06 [POS] Lat: 47.397845, Lon: 8.546283, Alt: 10.14m
11:09:06 [POS] Lat: 47.397844, Lon: 8.546284, Alt: 10.13m
11:09:06 [POS] Lat: 47.397843, Lon: 8.546285, Alt: 10.13m
11:09:06 [POS] Lat: 47.397843, Lon: 8.546285, Alt: 10.14m
11:09:06 [POS] Lat: 47.397842, Lon: 8.546286, Alt: 10.14m
11:09:07 [POS] Lat: 47.397841, Lon: 8.546287, Alt: 10.14m
11:09:07 [POS] Lat: 47.397840, Lon: 8.546288, Alt: 10.14m
11:09:07 [POS] Lat: 47.397840, Lon: 8.546288, Alt: 10.14m
11:09:07 [POS] Lat: 47.397839, Lon: 8.546289, Alt: 10.14m
11:09:07 [POS] Lat: 47.397838, Lon: 8.546289, Alt: 10.14m
11:09:07 [POS] Lat: 47.397837, Lon: 8.546290, Alt: 10.14m
11:09:07 [POS] Lat: 47.397837, Lon: 8.546291, Alt: 10.14m
11:09:07 [POS] Lat: 47.397836, Lon: 8.546292, Alt: 10.14m
11:09:07 [POS] Lat: 47.397835, Lon: 8.546292, Alt: 10.14m
11:09:07 [POS] Lat: 47.397834, Lon: 8.546293, Alt: 10.14m
11:09:07 [POS] Lat: 47.397834, Lon: 8.546294, Alt: 10.14m
11:09:07 [POS] Lat: 47.397833, Lon: 8.546294, Alt: 10.14m
11:09:07 [POS] Lat: 47.397832, Lon: 8.546295, Alt: 10.14m
11:09:07 [POS] Lat: 47.397831, Lon: 8.546296, Alt: 10.14m
11:09:07 [POS] Lat: 47.397831, Lon: 8.546296, Alt: 10.14m
11:09:07 [POS] Lat: 47.397830, Lon: 8.546297, Alt: 10.14m
11:09:07 [POS] Lat: 47.397829, Lon: 8.546298, Alt: 10.14m
11:09:07 [POS] Lat: 47.397828, Lon: 8.546299, Alt: 10.14m
11:09:07 [POS] Lat: 47.397828, Lon: 8.546299, Alt: 10.14m
11:09:07 [POS] Lat: 47.397827, Lon: 8.546300, Alt: 10.15m
11:09:07 [POS] Lat: 47.397826, Lon: 8.546300, Alt: 10.15m
11:09:07 [POS] Lat: 47.397825, Lon: 8.546301, Alt: 10.15m
11:09:07 [POS] Lat: 47.397825, Lon: 8.546302, Alt: 10.15m
11:09:07 [POS] Lat: 47.397824, Lon: 8.546303, Alt: 10.15m
11:09:07 [POS] Lat: 47.397823, Lon: 8.546303, Alt: 10.15m
11:09:07 [POS] Lat: 47.397822, Lon: 8.546304, Alt: 10.15m
11:09:07 [POS] Lat: 47.397822, Lon: 8.546305, Alt: 10.15m
11:09:07 [POS] Lat: 47.397821, Lon: 8.546305, Alt: 10.14m
11:09:07 [POS] Lat: 47.397820, Lon: 8.546306, Alt: 10.14m
11:09:07 [POS] Lat: 47.397819, Lon: 8.546307, Alt: 10.14m
11:09:07 [POS] Lat: 47.397819, Lon: 8.546307, Alt: 10.14m
11:09:07 [POS] Lat: 47.397818, Lon: 8.546308, Alt: 10.14m
11:09:07 [POS] Lat: 47.397817, Lon: 8.546309, Alt: 10.14m
11:09:07 [POS] Lat: 47.397816, Lon: 8.546310, Alt: 10.14m
11:09:07 [POS] Lat: 47.397816, Lon: 8.546310, Alt: 10.14m
11:09:07 [BAT] Percentage: 91, Voltage: 15.75V
11:09:07 [POS] Lat: 47.397815, Lon: 8.546311, Alt: 10.14m
11:09:07 [POS] Lat: 47.397814, Lon: 8.546312, Alt: 10.14m
11:09:07 [POS] Lat: 47.397813, Lon: 8.546312, Alt: 10.14m
11:09:07 [POS] Lat: 47.397813, Lon: 8.546313, Alt: 10.14m
11:09:07 [POS] Lat: 47.397812, Lon: 8.546314, Alt: 10.14m
11:09:07 [POS] Lat: 47.397811, Lon: 8.546314, Alt: 10.13m
11:09:07 [POS] Lat: 47.397810, Lon: 8.546315, Alt: 10.13m
11:09:07 [POS] Lat: 47.397810, Lon: 8.546316, Alt: 10.13m
11:09:07 [POS] Lat: 47.397809, Lon: 8.546317, Alt: 10.13m
11:09:07 [POS] Lat: 47.397808, Lon: 8.546317, Alt: 10.13m
11:09:07 [POS] Lat: 47.397807, Lon: 8.546318, Alt: 10.13m
11:09:07 [POS] Lat: 47.397807, Lon: 8.546318, Alt: 10.13m
11:09:07 [POS] Lat: 47.397806, Lon: 8.546319, Alt: 10.12m
11:09:07 [POS] Lat: 47.397805, Lon: 8.546320, Alt: 10.12m
11:09:08 [POS] Lat: 47.397804, Lon: 8.546321, Alt: 10.12m
11:09:08 [POS] Lat: 47.397804, Lon: 8.546321, Alt: 10.12m
11:09:08 [POS] Lat: 47.397803, Lon: 8.546322, Alt: 10.12m
11:09:08 [POS] Lat: 47.397802, Lon: 8.546323, Alt: 10.12m
11:09:08 [POS] Lat: 47.397801, Lon: 8.546324, Alt: 10.12m
11:09:08 [POS] Lat: 47.397801, Lon: 8.546324, Alt: 10.12m
11:09:08 [POS] Lat: 47.397800, Lon: 8.546325, Alt: 10.12m
11:09:08 [POS] Lat: 47.397799, Lon: 8.546326, Alt: 10.12m
11:09:08 [POS] Lat: 47.397799, Lon: 8.546326, Alt: 10.12m
11:09:08 [POS] Lat: 47.397798, Lon: 8.546327, Alt: 10.12m
11:09:08 [POS] Lat: 47.397797, Lon: 8.546328, Alt: 10.13m
11:09:08 [POS] Lat: 47.397796, Lon: 8.546328, Alt: 10.13m
11:09:08 [POS] Lat: 47.397796, Lon: 8.546329, Alt: 10.13m
11:09:08 [POS] Lat: 47.397795, Lon: 8.546330, Alt: 10.13m
11:09:08 [POS] Lat: 47.397794, Lon: 8.546331, Alt: 10.13m
11:09:08 [POS] Lat: 47.397794, Lon: 8.546331, Alt: 10.13m
11:09:08 [POS] Lat: 47.397793, Lon: 8.546332, Alt: 10.14m
11:09:08 [POS] Lat: 47.397792, Lon: 8.546333, Alt: 10.14m
11:09:08 [POS] Lat: 47.397791, Lon: 8.546333, Alt: 10.14m
11:09:08 [POS] Lat: 47.397791, Lon: 8.546334, Alt: 10.14m
11:09:08 [POS] Lat: 47.397790, Lon: 8.546335, Alt: 10.14m
11:09:08 [POS] Lat: 47.397789, Lon: 8.546335, Alt: 10.14m
11:09:08 [POS] Lat: 47.397788, Lon: 8.546336, Alt: 10.14m
11:09:08 [POS] Lat: 47.397788, Lon: 8.546337, Alt: 10.14m
11:09:08 [POS] Lat: 47.397787, Lon: 8.546338, Alt: 10.15m
11:09:08 [POS] Lat: 47.397786, Lon: 8.546338, Alt: 10.15m
11:09:08 [POS] Lat: 47.397785, Lon: 8.546339, Alt: 10.15m
11:09:08 [POS] Lat: 47.397785, Lon: 8.546340, Alt: 10.15m
11:09:08 [POS] Lat: 47.397784, Lon: 8.546341, Alt: 10.15m
11:09:08 [POS] Lat: 47.397783, Lon: 8.546341, Alt: 10.15m
11:09:08 [POS] Lat: 47.397782, Lon: 8.546342, Alt: 10.15m
11:09:08 [POS] Lat: 47.397782, Lon: 8.546343, Alt: 10.16m
11:09:08 [POS] Lat: 47.397781, Lon: 8.546343, Alt: 10.16m
11:09:08 [POS] Lat: 47.397780, Lon: 8.546344, Alt: 10.16m
11:09:08 [POS] Lat: 47.397779, Lon: 8.546345, Alt: 10.16m
11:09:08 [POS] Lat: 47.397779, Lon: 8.546345, Alt: 10.16m
11:09:08 [POS] Lat: 47.397778, Lon: 8.546346, Alt: 10.17m
11:09:08 [POS] Lat: 47.397777, Lon: 8.546347, Alt: 10.17m
11:09:08 [POS] Lat: 47.397777, Lon: 8.546348, Alt: 10.17m
11:09:08 [POS] Lat: 47.397776, Lon: 8.546348, Alt: 10.17m
11:09:08 [POS] Lat: 47.397775, Lon: 8.546349, Alt: 10.17m
11:09:08 [POS] Lat: 47.397774, Lon: 8.546350, Alt: 10.17m
11:09:08 [POS] Lat: 47.397774, Lon: 8.546351, Alt: 10.17m
11:09:08 [POS] Lat: 47.397773, Lon: 8.546351, Alt: 10.18m
11:09:08 [POS] Lat: 47.397772, Lon: 8.546352, Alt: 10.18m
11:09:08 [POS] Lat: 47.397772, Lon: 8.546353, Alt: 10.18m
11:09:08 [POS] Lat: 47.397771, Lon: 8.546354, Alt: 10.18m
11:09:08 [POS] Lat: 47.397770, Lon: 8.546354, Alt: 10.18m
11:09:08 [POS] Lat: 47.397769, Lon: 8.546355, Alt: 10.19m
11:09:08 [POS] Lat: 47.397769, Lon: 8.546356, Alt: 10.19m
11:09:09 [POS] Lat: 47.397768, Lon: 8.546357, Alt: 10.19m
11:09:09 [POS] Lat: 47.397767, Lon: 8.546357, Alt: 10.19m
11:09:09 [POS] Lat: 47.397766, Lon: 8.546358, Alt: 10.19m
11:09:09 [POS] Lat: 47.397766, Lon: 8.546359, Alt: 10.19m
11:09:09 [POS] Lat: 47.397765, Lon: 8.546360, Alt: 10.19m
11:09:09 [POS] Lat: 47.397764, Lon: 8.546360, Alt: 10.19m
11:09:09 [POS] Lat: 47.397763, Lon: 8.546361, Alt: 10.19m
11:09:09 [POS] Lat: 47.397763, Lon: 8.546362, Alt: 10.18m
11:09:09 [POS] Lat: 47.397762, Lon: 8.546363, Alt: 10.18m
11:09:09 [POS] Lat: 47.397761, Lon: 8.546363, Alt: 10.18m
11:09:09 [POS] Lat: 47.397760, Lon: 8.546364, Alt: 10.18m
11:09:09 [POS] Lat: 47.397760, Lon: 8.546365, Alt: 10.18m
11:09:09 [POS] Lat: 47.397759, Lon: 8.546366, Alt: 10.18m
11:09:09 [POS] Lat: 47.397758, Lon: 8.546366, Alt: 10.18m
11:09:09 [POS] Lat: 47.397757, Lon: 8.546367, Alt: 10.18m
11:09:09 [POS] Lat: 47.397757, Lon: 8.546368, Alt: 10.18m
11:09:09 [POS] Lat: 47.397756, Lon: 8.546369, Alt: 10.17m
11:09:09 [POS] Lat: 47.397755, Lon: 8.546369, Alt: 10.17m
11:09:09 [POS] Lat: 47.397755, Lon: 8.546370, Alt: 10.17m
11:09:09 [POS] Lat: 47.397754, Lon: 8.546371, Alt: 10.17m
11:09:09 [POS] Lat: 47.397753, Lon: 8.546372, Alt: 10.17m
11:09:09 [POS] Lat: 47.397752, Lon: 8.546372, Alt: 10.17m
11:09:09 [POS] Lat: 47.397752, Lon: 8.546373, Alt: 10.17m
11:09:09 [POS] Lat: 47.397751, Lon: 8.546374, Alt: 10.17m
11:09:09 [POS] Lat: 47.397750, Lon: 8.546375, Alt: 10.16m
11:09:09 [POS] Lat: 47.397749, Lon: 8.546375, Alt: 10.16m
11:09:09 [POS] Lat: 47.397749, Lon: 8.546376, Alt: 10.16m
11:09:09 [POS] Lat: 47.397748, Lon: 8.546377, Alt: 10.16m
11:09:09 [POS] Lat: 47.397747, Lon: 8.546378, Alt: 10.16m
11:09:09 [POS] Lat: 47.397746, Lon: 8.546378, Alt: 10.16m
11:09:09 [POS] Lat: 47.397746, Lon: 8.546379, Alt: 10.16m
11:09:09 [POS] Lat: 47.397745, Lon: 8.546380, Alt: 10.16m
11:09:09 [POS] Lat: 47.397744, Lon: 8.546381, Alt: 10.16m
11:09:09 [POS] Lat: 47.397744, Lon: 8.546381, Alt: 10.16m
11:09:09 [POS] Lat: 47.397743, Lon: 8.546382, Alt: 10.15m
11:09:09 [POS] Lat: 47.397742, Lon: 8.546383, Alt: 10.15m
11:09:09 [BAT] Percentage: 88, Voltage: 15.69V
11:09:09 [POS] Lat: 47.397741, Lon: 8.546384, Alt: 10.15m
11:09:09 [POS] Lat: 47.397741, Lon: 8.546385, Alt: 10.15m
11:09:09 [POS] Lat: 47.397740, Lon: 8.546385, Alt: 10.15m
11:09:09 [POS] Lat: 47.397739, Lon: 8.546386, Alt: 10.15m
11:09:09 [POS] Lat: 47.397738, Lon: 8.546387, Alt: 10.15m
11:09:09 [POS] Lat: 47.397738, Lon: 8.546387, Alt: 10.15m
11:09:09 [POS] Lat: 47.397737, Lon: 8.546388, Alt: 10.15m
11:09:09 [POS] Lat: 47.397736, Lon: 8.546389, Alt: 10.14m
11:09:09 [POS] Lat: 47.397735, Lon: 8.546390, Alt: 10.14m
11:09:09 [POS] Lat: 47.397735, Lon: 8.546390, Alt: 10.14m
11:09:09 [POS] Lat: 47.397734, Lon: 8.546391, Alt: 10.14m
11:09:09 [POS] Lat: 47.397733, Lon: 8.546392, Alt: 10.14m
11:09:09 [POS] Lat: 47.397732, Lon: 8.546393, Alt: 10.14m
11:09:10 [POS] Lat: 47.397732, Lon: 8.546393, Alt: 10.14m
11:09:10 [POS] Lat: 47.397731, Lon: 8.546394, Alt: 10.14m
11:09:10 [POS] Lat: 47.397730, Lon: 8.546395, Alt: 10.14m
11:09:10 [POS] Lat: 47.397729, Lon: 8.546396, Alt: 10.13m
11:09:10 [POS] Lat: 47.397729, Lon: 8.546397, Alt: 10.13m
11:09:10 [POS] Lat: 47.397728, Lon: 8.546397, Alt: 10.13m
11:09:10 [POS] Lat: 47.397727, Lon: 8.546398, Alt: 10.13m
11:09:10 [POS] Lat: 47.397726, Lon: 8.546399, Alt: 10.13m
11:09:10 [POS] Lat: 47.397726, Lon: 8.546400, Alt: 10.13m
11:09:10 [POS] Lat: 47.397725, Lon: 8.546400, Alt: 10.13m
11:09:10 [POS] Lat: 47.397724, Lon: 8.546401, Alt: 10.13m
11:09:10 [POS] Lat: 47.397723, Lon: 8.546402, Alt: 10.13m
11:09:10 [POS] Lat: 47.397723, Lon: 8.546403, Alt: 10.13m
11:09:10 [POS] Lat: 47.397722, Lon: 8.546404, Alt: 10.13m
11:09:10 [POS] Lat: 47.397721, Lon: 8.546404, Alt: 10.13m
11:09:10 [POS] Lat: 47.397720, Lon: 8.546405, Alt: 10.13m
11:09:10 [POS] Lat: 47.397720, Lon: 8.546406, Alt: 10.13m
11:09:10 [POS] Lat: 47.397719, Lon: 8.546406, Alt: 10.13m
11:09:10 [POS] Lat: 47.397718, Lon: 8.546407, Alt: 10.13m
11:09:10 [POS] Lat: 47.397718, Lon: 8.546408, Alt: 10.14m
11:09:10 [POS] Lat: 47.397717, Lon: 8.546409, Alt: 10.14m
11:09:10 [POS] Lat: 47.397716, Lon: 8.546409, Alt: 10.14m
11:09:10 [POS] Lat: 47.397715, Lon: 8.546410, Alt: 10.14m
11:09:10 [POS] Lat: 47.397715, Lon: 8.546411, Alt: 10.14m
11:09:10 [POS] Lat: 47.397714, Lon: 8.546412, Alt: 10.14m
11:09:10 [POS] Lat: 47.397713, Lon: 8.546412, Alt: 10.14m
11:09:10 [POS] Lat: 47.397713, Lon: 8.546413, Alt: 10.14m
11:09:10 [POS] Lat: 47.397712, Lon: 8.546414, Alt: 10.14m
11:09:10 [POS] Lat: 47.397711, Lon: 8.546415, Alt: 10.14m
11:09:10 [POS] Lat: 47.397710, Lon: 8.546416, Alt: 10.14m
11:09:10 [POS] Lat: 47.397710, Lon: 8.546416, Alt: 10.13m
11:09:10 [POS] Lat: 47.397709, Lon: 8.546417, Alt: 10.13m
11:09:10 [POS] Lat: 47.397708, Lon: 8.546418, Alt: 10.13m
11:09:10 [POS] Lat: 47.397707, Lon: 8.546418, Alt: 10.13m
11:09:10 [POS] Lat: 47.397707, Lon: 8.546419, Alt: 10.13m
11:09:10 [POS] Lat: 47.397706, Lon: 8.546420, Alt: 10.13m
11:09:10 [POS] Lat: 47.397705, Lon: 8.546421, Alt: 10.13m
11:09:10 [POS] Lat: 47.397704, Lon: 8.546421, Alt: 10.13m
11:09:10 [POS] Lat: 47.397704, Lon: 8.546422, Alt: 10.13m
11:09:10 [POS] Lat: 47.397703, Lon: 8.546423, Alt: 10.13m
11:09:10 [POS] Lat: 47.397702, Lon: 8.546424, Alt: 10.13m
11:09:10 [POS] Lat: 47.397701, Lon: 8.546425, Alt: 10.13m
11:09:10 [POS] Lat: 47.397701, Lon: 8.546425, Alt: 10.13m
11:09:10 [POS] Lat: 47.397700, Lon: 8.546426, Alt: 10.13m
11:09:10 [POS] Lat: 47.397699, Lon: 8.546427, Alt: 10.13m
11:09:10 [POS] Lat: 47.397698, Lon: 8.546428, Alt: 10.13m
11:09:10 [POS] Lat: 47.397698, Lon: 8.546428, Alt: 10.13m
11:09:10 [POS] Lat: 47.397697, Lon: 8.546429, Alt: 10.13m
11:09:10 [POS] Lat: 47.397696, Lon: 8.546430, Alt: 10.13m
11:09:10 [POS] Lat: 47.397695, Lon: 8.546431, Alt: 10.13m
11:09:11 [POS] Lat: 47.397695, Lon: 8.546431, Alt: 10.13m
11:09:11 [POS] Lat: 47.397694, Lon: 8.546432, Alt: 10.13m
11:09:11 [POS] Lat: 47.397693, Lon: 8.546433, Alt: 10.13m
11:09:11 [POS] Lat: 47.397693, Lon: 8.546434, Alt: 10.13m
11:09:11 [POS] Lat: 47.397692, Lon: 8.546434, Alt: 10.13m
11:09:11 [POS] Lat: 47.397691, Lon: 8.546435, Alt: 10.13m
11:09:11 [POS] Lat: 47.397690, Lon: 8.546436, Alt: 10.13m
11:09:11 [POS] Lat: 47.397690, Lon: 8.546437, Alt: 10.13m
11:09:11 [POS] Lat: 47.397689, Lon: 8.546437, Alt: 10.13m
11:09:11 [POS] Lat: 47.397688, Lon: 8.546438, Alt: 10.13m
11:09:11 [POS] Lat: 47.397687, Lon: 8.546439, Alt: 10.13m
11:09:11 [POS] Lat: 47.397687, Lon: 8.546440, Alt: 10.13m
11:09:11 [POS] Lat: 47.397686, Lon: 8.546440, Alt: 10.13m
11:09:11 [POS] Lat: 47.397685, Lon: 8.546441, Alt: 10.13m
11:09:11 [POS] Lat: 47.397685, Lon: 8.546442, Alt: 10.13m
11:09:11 [POS] Lat: 47.397684, Lon: 8.546443, Alt: 10.13m
11:09:11 [POS] Lat: 47.397683, Lon: 8.546443, Alt: 10.13m
11:09:11 [POS] Lat: 47.397682, Lon: 8.546444, Alt: 10.13m
11:09:11 [POS] Lat: 47.397682, Lon: 8.546445, Alt: 10.13m
11:09:11 [POS] Lat: 47.397681, Lon: 8.546446, Alt: 10.13m
11:09:11 [POS] Lat: 47.397680, Lon: 8.546446, Alt: 10.13m
11:09:11 [POS] Lat: 47.397679, Lon: 8.546447, Alt: 10.13m
11:09:11 [POS] Lat: 47.397679, Lon: 8.546448, Alt: 10.13m
11:09:11 [POS] Lat: 47.397678, Lon: 8.546449, Alt: 10.13m
11:09:11 [POS] Lat: 47.397678, Lon: 8.546449, Alt: 10.13m
11:09:11 [POS] Lat: 47.397677, Lon: 8.546450, Alt: 10.13m
11:09:11 [POS] Lat: 47.397676, Lon: 8.546451, Alt: 10.13m
11:09:11 [POS] Lat: 47.397675, Lon: 8.546451, Alt: 10.13m
11:09:11 [POS] Lat: 47.397675, Lon: 8.546452, Alt: 10.13m
11:09:11 [POS] Lat: 47.397674, Lon: 8.546453, Alt: 10.12m
11:09:11 [POS] Lat: 47.397673, Lon: 8.546454, Alt: 10.12m
11:09:11 [POS] Lat: 47.397673, Lon: 8.546454, Alt: 10.12m
11:09:11 [POS] Lat: 47.397672, Lon: 8.546455, Alt: 10.12m
11:09:11 [POS] Lat: 47.397671, Lon: 8.546456, Alt: 10.12m
11:09:11 [POS] Lat: 47.397671, Lon: 8.546456, Alt: 10.12m
11:09:11 [POS] Lat: 47.397670, Lon: 8.546457, Alt: 10.12m
11:09:11 [POS] Lat: 47.397669, Lon: 8.546458, Alt: 10.12m
11:09:11 [BAT] Percentage: 85, Voltage: 15.63V
11:09:11 [POS] Lat: 47.397669, Lon: 8.546458, Alt: 10.12m
11:09:11 [POS] Lat: 47.397668, Lon: 8.546459, Alt: 10.12m
11:09:11 [POS] Lat: 47.397667, Lon: 8.546460, Alt: 10.12m
11:09:11 [POS] Lat: 47.397667, Lon: 8.546460, Alt: 10.12m
11:09:11 [POS] Lat: 47.397666, Lon: 8.546461, Alt: 10.12m
11:09:11 [POS] Lat: 47.397666, Lon: 8.546462, Alt: 10.12m
11:09:11 [POS] Lat: 47.397665, Lon: 8.546462, Alt: 10.12m
11:09:11 [POS] Lat: 47.397664, Lon: 8.546463, Alt: 10.12m
11:09:11 [POS] Lat: 47.397664, Lon: 8.546464, Alt: 10.11m
11:09:11 [POS] Lat: 47.397663, Lon: 8.546464, Alt: 10.11m
11:09:11 [POS] Lat: 47.397663, Lon: 8.546465, Alt: 10.11m
11:09:11 [POS] Lat: 47.397662, Lon: 8.546465, Alt: 10.11m
11:09:12 [POS] Lat: 47.397661, Lon: 8.546466, Alt: 10.11m
11:09:12 [POS] Lat: 47.397661, Lon: 8.546467, Alt: 10.11m
11:09:12 [POS] Lat: 47.397660, Lon: 8.546467, Alt: 10.11m
11:09:12 [POS] Lat: 47.397660, Lon: 8.546468, Alt: 10.11m
11:09:12 [POS] Lat: 47.397659, Lon: 8.546468, Alt: 10.11m
11:09:12 [POS] Lat: 47.397659, Lon: 8.546469, Alt: 10.10m
11:09:12 [POS] Lat: 47.397658, Lon: 8.546470, Alt: 10.10m
11:09:12 [POS] Lat: 47.397658, Lon: 8.546470, Alt: 10.10m
11:09:12 [POS] Lat: 47.397657, Lon: 8.546471, Alt: 10.10m
11:09:12 [POS] Lat: 47.397657, Lon: 8.546471, Alt: 10.10m
11:09:12 [POS] Lat: 47.397656, Lon: 8.546472, Alt: 10.10m
11:09:12 [POS] Lat: 47.397656, Lon: 8.546472, Alt: 10.10m
11:09:12 [POS] Lat: 47.397655, Lon: 8.546473, Alt: 10.10m
11:09:12 [POS] Lat: 47.397655, Lon: 8.546473, Alt: 10.10m
11:09:12 [POS] Lat: 47.397654, Lon: 8.546474, Alt: 10.10m
11:09:12 [POS] Lat: 47.397654, Lon: 8.546474, Alt: 10.10m
11:09:12 [POS] Lat: 47.397653, Lon: 8.546475, Alt: 10.09m
11:09:12 [POS] Lat: 47.397653, Lon: 8.546475, Alt: 10.09m
11:09:12 [POS] Lat: 47.397652, Lon: 8.546476, Alt: 10.09m
11:09:12 [POS] Lat: 47.397652, Lon: 8.546476, Alt: 10.09m
11:09:12 [POS] Lat: 47.397651, Lon: 8.546477, Alt: 10.09m
11:09:12 [POS] Lat: 47.397651, Lon: 8.546477, Alt: 10.09m
11:09:12 [POS] Lat: 47.397650, Lon: 8.546477, Alt: 10.09m
11:09:12 [POS] Lat: 47.397650, Lon: 8.546478, Alt: 10.09m
11:09:12 [POS] Lat: 47.397650, Lon: 8.546478, Alt: 10.09m
11:09:12 [POS] Lat: 47.397649, Lon: 8.546479, Alt: 10.09m
11:09:12 [POS] Lat: 47.397649, Lon: 8.546479, Alt: 10.10m
11:09:12 [POS] Lat: 47.397648, Lon: 8.546480, Alt: 10.10m
11:09:12 [POS] Lat: 47.397648, Lon: 8.546480, Alt: 10.10m
11:09:12 [POS] Lat: 47.397647, Lon: 8.546480, Alt: 10.10m
11:09:12 [POS] Lat: 47.397647, Lon: 8.546481, Alt: 10.11m
11:09:12 [POS] Lat: 47.397647, Lon: 8.546481, Alt: 10.11m
11:09:12 [POS] Lat: 47.397646, Lon: 8.546482, Alt: 10.11m
11:09:12 [POS] Lat: 47.397646, Lon: 8.546482, Alt: 10.11m
11:09:12 [POS] Lat: 47.397645, Lon: 8.546483, Alt: 10.11m
11:09:12 [POS] Lat: 47.397645, Lon: 8.546483, Alt: 10.11m
11:09:12 [POS] Lat: 47.397644, Lon: 8.546483, Alt: 10.11m
11:09:12 [POS] Lat: 47.397644, Lon: 8.546484, Alt: 10.11m
11:09:12 [POS] Lat: 47.397644, Lon: 8.546484, Alt: 10.11m
11:09:12 [POS] Lat: 47.397643, Lon: 8.546485, Alt: 10.11m
11:09:12 [POS] Lat: 47.397643, Lon: 8.546485, Alt: 10.11m
11:09:12 [POS] Lat: 47.397643, Lon: 8.546485, Alt: 10.11m
11:09:12 [POS] Lat: 47.397642, Lon: 8.546486, Alt: 10.12m
11:09:12 [POS] Lat: 47.397642, Lon: 8.546486, Alt: 10.12m
11:09:12 [POS] Lat: 47.397641, Lon: 8.546486, Alt: 10.12m
11:09:12 [POS] Lat: 47.397641, Lon: 8.546487, Alt: 10.11m
11:09:12 [POS] Lat: 47.397641, Lon: 8.546487, Alt: 10.11m
11:09:12 [POS] Lat: 47.397640, Lon: 8.546487, Alt: 10.11m
11:09:12 [POS] Lat: 47.397640, Lon: 8.546488, Alt: 10.11m
11:09:12 [POS] Lat: 47.397640, Lon: 8.546488, Alt: 10.11m
11:09:13 [POS] Lat: 47.397639, Lon: 8.546488, Alt: 10.11m
11:09:13 [POS] Lat: 47.397639, Lon: 8.546489, Alt: 10.11m
11:09:13 [POS] Lat: 47.397638, Lon: 8.546489, Alt: 10.11m
11:09:13 [POS] Lat: 47.397638, Lon: 8.546489, Alt: 10.11m
11:09:13 [POS] Lat: 47.397638, Lon: 8.546490, Alt: 10.10m
11:09:13 [POS] Lat: 47.397638, Lon: 8.546490, Alt: 10.10m
11:09:13 [POS] Lat: 47.397637, Lon: 8.546490, Alt: 10.10m
11:09:13 [POS] Lat: 47.397637, Lon: 8.546491, Alt: 10.10m
11:09:13 [POS] Lat: 47.397636, Lon: 8.546491, Alt: 10.10m
11:09:13 [POS] Lat: 47.397636, Lon: 8.546491, Alt: 10.10m
11:09:13 [POS] Lat: 47.397636, Lon: 8.546492, Alt: 10.10m
11:09:13 [POS] Lat: 47.397636, Lon: 8.546492, Alt: 10.10m
11:09:13 [POS] Lat: 47.397635, Lon: 8.546492, Alt: 10.10m
11:09:13 [POS] Lat: 47.397635, Lon: 8.546492, Alt: 10.10m
11:09:13 [POS] Lat: 47.397635, Lon: 8.546493, Alt: 10.11m
11:09:13 [POS] Lat: 47.397634, Lon: 8.546493, Alt: 10.11m
11:09:13 [POS] Lat: 47.397634, Lon: 8.546493, Alt: 10.11m
11:09:13 [POS] Lat: 47.397634, Lon: 8.546494, Alt: 10.11m
11:09:13 [POS] Lat: 47.397633, Lon: 8.546494, Alt: 10.11m
11:09:13 [POS] Lat: 47.397633, Lon: 8.546494, Alt: 10.10m
11:09:13 [POS] Lat: 47.397633, Lon: 8.546494, Alt: 10.10m
11:09:13 [POS] Lat: 47.397633, Lon: 8.546495, Alt: 10.10m
11:09:13 [POS] Lat: 47.397633, Lon: 8.546495, Alt: 10.10m
11:09:13 [POS] Lat: 47.397632, Lon: 8.546495, Alt: 10.10m
11:09:13 [POS] Lat: 47.397632, Lon: 8.546495, Alt: 10.10m
11:09:13 [POS] Lat: 47.397632, Lon: 8.546496, Alt: 10.10m
11:09:13 [POS] Lat: 47.397631, Lon: 8.546496, Alt: 10.10m
11:09:13 [POS] Lat: 47.397631, Lon: 8.546496, Alt: 10.10m
11:09:13 [POS] Lat: 47.397631, Lon: 8.546496, Alt: 10.10m
11:09:13 [POS] Lat: 47.397631, Lon: 8.546497, Alt: 10.10m
11:09:13 [POS] Lat: 47.397630, Lon: 8.546497, Alt: 10.10m
11:09:13 [POS] Lat: 47.397630, Lon: 8.546497, Alt: 10.10m
11:09:13 [POS] Lat: 47.397630, Lon: 8.546497, Alt: 10.10m
11:09:13 [POS] Lat: 47.397630, Lon: 8.546498, Alt: 10.11m
11:09:13 [POS] Lat: 47.397629, Lon: 8.546498, Alt: 10.11m
11:09:13 [POS] Lat: 47.397629, Lon: 8.546498, Alt: 10.11m
11:09:13 [POS] Lat: 47.397629, Lon: 8.546498, Alt: 10.11m
11:09:13 [POS] Lat: 47.397629, Lon: 8.546499, Alt: 10.11m
11:09:13 [BAT] Percentage: 81, Voltage: 15.57V
11:09:13 [POS] Lat: 47.397628, Lon: 8.546499, Alt: 10.11m
11:09:13 [POS] Lat: 47.397628, Lon: 8.546499, Alt: 10.11m
11:09:13 [POS] Lat: 47.397628, Lon: 8.546499, Alt: 10.11m
11:09:13 [POS] Lat: 47.397628, Lon: 8.546499, Alt: 10.11m
11:09:13 [POS] Lat: 47.397627, Lon: 8.546500, Alt: 10.11m
11:09:13 [POS] Lat: 47.397627, Lon: 8.546500, Alt: 10.11m
11:09:13 [POS] Lat: 47.397627, Lon: 8.546500, Alt: 10.11m
11:09:13 [POS] Lat: 47.397627, Lon: 8.546500, Alt: 10.11m
11:09:13 [POS] Lat: 47.397626, Lon: 8.546501, Alt: 10.11m
11:09:13 [POS] Lat: 47.397626, Lon: 8.546501, Alt: 10.11m
11:09:13 [POS] Lat: 47.397626, Lon: 8.546501, Alt: 10.11m
11:09:14 [POS] Lat: 47.397626, Lon: 8.546501, Alt: 10.11m
11:09:14 [POS] Lat: 47.397625, Lon: 8.546501, Alt: 10.11m
11:09:14 [POS] Lat: 47.397625, Lon: 8.546502, Alt: 10.11m
11:09:14 [POS] Lat: 47.397625, Lon: 8.546502, Alt: 10.10m
11:09:14 [POS] Lat: 47.397625, Lon: 8.546502, Alt: 10.10m
11:09:14 [POS] Lat: 47.397625, Lon: 8.546502, Alt: 10.10m
11:09:14 [POS] Lat: 47.397624, Lon: 8.546502, Alt: 10.10m
11:09:14 [POS] Lat: 47.397624, Lon: 8.546503, Alt: 10.10m
11:09:14 [POS] Lat: 47.397624, Lon: 8.546503, Alt: 10.10m
11:09:14 [POS] Lat: 47.397624, Lon: 8.546503, Alt: 10.10m
11:09:14 [POS] Lat: 47.397624, Lon: 8.546503, Alt: 10.10m
11:09:14 [POS] Lat: 47.397623, Lon: 8.546504, Alt: 10.10m
11:09:14 [POS] Lat: 47.397623, Lon: 8.546504, Alt: 10.10m
11:09:14 [POS] Lat: 47.397623, Lon: 8.546504, Alt: 10.10m
11:09:14 [POS] Lat: 47.397623, Lon: 8.546504, Alt: 10.10m
11:09:14 [POS] Lat: 47.397623, Lon: 8.546504, Alt: 10.10m
11:09:14 [POS] Lat: 47.397622, Lon: 8.546504, Alt: 10.10m
11:09:14 [POS] Lat: 47.397622, Lon: 8.546505, Alt: 10.11m
11:09:14 [POS] Lat: 47.397622, Lon: 8.546505, Alt: 10.11m
11:09:14 [POS] Lat: 47.397622, Lon: 8.546505, Alt: 10.11m
11:09:14 [POS] Lat: 47.397622, Lon: 8.546505, Alt: 10.11m
11:09:14 [POS] Lat: 47.397622, Lon: 8.546506, Alt: 10.11m
11:09:14 [POS] Lat: 47.397621, Lon: 8.546506, Alt: 10.12m
11:09:14 [POS] Lat: 47.397621, Lon: 8.546506, Alt: 10.12m
11:09:14 [POS] Lat: 47.397621, Lon: 8.546506, Alt: 10.12m
11:09:14 [POS] Lat: 47.397621, Lon: 8.546506, Alt: 10.12m
11:09:14 [POS] Lat: 47.397621, Lon: 8.546506, Alt: 10.12m
11:09:14 [POS] Lat: 47.397621, Lon: 8.546507, Alt: 10.12m
11:09:14 [POS] Lat: 47.397621, Lon: 8.546507, Alt: 10.13m
11:09:14 [POS] Lat: 47.397620, Lon: 8.546507, Alt: 10.13m
11:09:14 [POS] Lat: 47.397620, Lon: 8.546507, Alt: 10.13m
11:09:14 [POS] Lat: 47.397620, Lon: 8.546507, Alt: 10.13m
11:09:14 [POS] Lat: 47.397620, Lon: 8.546507, Alt: 10.13m
11:09:14 [POS] Lat: 47.397620, Lon: 8.546508, Alt: 10.13m
11:09:14 [POS] Lat: 47.397620, Lon: 8.546508, Alt: 10.13m
11:09:14 [POS] Lat: 47.397620, Lon: 8.546508, Alt: 10.13m
11:09:14 [POS] Lat: 47.397619, Lon: 8.546508, Alt: 10.13m
11:09:14 [POS] Lat: 47.397619, Lon: 8.546508, Alt: 10.13m
11:09:14 [POS] Lat: 47.397619, Lon: 8.546508, Alt: 10.13m
11:09:14 [POS] Lat: 47.397619, Lon: 8.546509, Alt: 10.13m
11:09:14 [POS] Lat: 47.397619, Lon: 8.546509, Alt: 10.13m
11:09:14 [POS] Lat: 47.397619, Lon: 8.546509, Alt: 10.13m
11:09:14 [POS] Lat: 47.397619, Lon: 8.546509, Alt: 10.14m
11:09:14 [POS] Lat: 47.397619, Lon: 8.546509, Alt: 10.14m
11:09:14 [POS] Lat: 47.397619, Lon: 8.546510, Alt: 10.14m
11:09:14 [POS] Lat: 47.397618, Lon: 8.546510, Alt: 10.14m
11:09:14 [POS] Lat: 47.397618, Lon: 8.546510, Alt: 10.14m
11:09:14 [POS] Lat: 47.397618, Lon: 8.546510, Alt: 10.14m
11:09:14 [POS] Lat: 47.397618, Lon: 8.546510, Alt: 10.14m
11:09:14 [POS] Lat: 47.397618, Lon: 8.546510, Alt: 10.14m
11:09:15 [POS] Lat: 47.397618, Lon: 8.546511, Alt: 10.14m
11:09:15 [POS] Lat: 47.397618, Lon: 8.546511, Alt: 10.14m
11:09:15 [POS] Lat: 47.397618, Lon: 8.546511, Alt: 10.14m
11:09:15 [POS] Lat: 47.397617, Lon: 8.546511, Alt: 10.14m
11:09:15 [POS] Lat: 47.397617, Lon: 8.546511, Alt: 10.14m
11:09:15 [POS] Lat: 47.397617, Lon: 8.546511, Alt: 10.14m
11:09:15 [POS] Lat: 47.397617, Lon: 8.546511, Alt: 10.14m
11:09:15 [POS] Lat: 47.397617, Lon: 8.546511, Alt: 10.14m
11:09:15 [POS] Lat: 47.397617, Lon: 8.546512, Alt: 10.14m
11:09:15 [POS] Lat: 47.397617, Lon: 8.546512, Alt: 10.14m
11:09:15 [POS] Lat: 47.397617, Lon: 8.546512, Alt: 10.14m
11:09:15 [POS] Lat: 47.397616, Lon: 8.546512, Alt: 10.14m
11:09:15 [POS] Lat: 47.397616, Lon: 8.546512, Alt: 10.13m
11:09:15 [POS] Lat: 47.397616, Lon: 8.546512, Alt: 10.13m
11:09:15 [POS] Lat: 47.397616, Lon: 8.546513, Alt: 10.13m
11:09:15 [POS] Lat: 47.397616, Lon: 8.546513, Alt: 10.13m
11:09:15 [POS] Lat: 47.397616, Lon: 8.546513, Alt: 10.13m
11:09:15 [POS] Lat: 47.397616, Lon: 8.546513, Alt: 10.13m
11:09:15 [POS] Lat: 47.397616, Lon: 8.546513, Alt: 10.13m
11:09:15 [POS] Lat: 47.397616, Lon: 8.546513, Alt: 10.13m
11:09:15 [POS] Lat: 47.397615, Lon: 8.546513, Alt: 10.13m
11:09:15 [POS] Lat: 47.397615, Lon: 8.546513, Alt: 10.13m
11:09:15 [POS] Lat: 47.397615, Lon: 8.546513, Alt: 10.13m
11:09:15 [POS] Lat: 47.397615, Lon: 8.546513, Alt: 10.13m
11:09:15 [POS] Lat: 47.397615, Lon: 8.546513, Alt: 10.13m
11:09:15 [POS] Lat: 47.397615, Lon: 8.546513, Alt: 10.13m
11:09:15 [POS] Lat: 47.397615, Lon: 8.546514, Alt: 10.13m
11:09:15 [PROG] Waypoint 1 of 4
11:09:15 [POS] Lat: 47.397615, Lon: 8.546514, Alt: 10.13m
11:09:15 [POS] Lat: 47.397615, Lon: 8.546514, Alt: 10.12m
11:09:15 [POS] Lat: 47.397615, Lon: 8.546514, Alt: 10.12m
11:09:15 [POS] Lat: 47.397615, Lon: 8.546514, Alt: 10.12m
11:09:15 [POS] Lat: 47.397614, Lon: 8.546514, Alt: 10.12m
11:09:15 [POS] Lat: 47.397614, Lon: 8.546514, Alt: 10.12m
11:09:15 [POS] Lat: 47.397614, Lon: 8.546514, Alt: 10.12m
11:09:15 [POS] Lat: 47.397614, Lon: 8.546514, Alt: 10.13m
11:09:15 [POS] Lat: 47.397614, Lon: 8.546514, Alt: 10.13m
11:09:15 [POS] Lat: 47.397614, Lon: 8.546514, Alt: 10.13m
11:09:15 [POS] Lat: 47.397614, Lon: 8.546514, Alt: 10.13m
11:09:15 [POS] Lat: 47.397614, Lon: 8.546514, Alt: 10.13m
11:09:15 [BAT] Percentage: 78, Voltage: 15.51V
11:09:15 [POS] Lat: 47.397614, Lon: 8.546513, Alt: 10.13m
11:09:15 [POS] Lat: 47.397614, Lon: 8.546513, Alt: 10.13m
11:09:15 [POS] Lat: 47.397614, Lon: 8.546513, Alt: 10.13m
11:09:15 [POS] Lat: 47.397614, Lon: 8.546513, Alt: 10.13m
11:09:15 [POS] Lat: 47.397614, Lon: 8.546513, Alt: 10.13m
11:09:15 [POS] Lat: 47.397614, Lon: 8.546513, Alt: 10.13m
11:09:15 [POS] Lat: 47.397614, Lon: 8.546513, Alt: 10.13m
11:09:15 [POS] Lat: 47.397614, Lon: 8.546513, Alt: 10.13m
11:09:15 [POS] Lat: 47.397614, Lon: 8.546513, Alt: 10.14m
11:09:15 [POS] Lat: 47.397614, Lon: 8.546512, Alt: 10.14m
11:09:16 [POS] Lat: 47.397614, Lon: 8.546512, Alt: 10.14m
11:09:16 [POS] Lat: 47.397614, Lon: 8.546512, Alt: 10.14m
11:09:16 [POS] Lat: 47.397614, Lon: 8.546512, Alt: 10.14m
11:09:16 [POS] Lat: 47.397614, Lon: 8.546512, Alt: 10.14m
11:09:16 [POS] Lat: 47.397614, Lon: 8.546511, Alt: 10.14m
11:09:16 [POS] Lat: 47.397614, Lon: 8.546511, Alt: 10.14m
11:09:16 [POS] Lat: 47.397614, Lon: 8.546511, Alt: 10.14m
11:09:16 [POS] Lat: 47.397614, Lon: 8.546511, Alt: 10.14m
11:09:16 [POS] Lat: 47.397614, Lon: 8.546510, Alt: 10.14m
11:09:16 [POS] Lat: 47.397614, Lon: 8.546510, Alt: 10.14m
11:09:16 [POS] Lat: 47.397614, Lon: 8.546510, Alt: 10.14m
11:09:16 [POS] Lat: 47.397614, Lon: 8.546510, Alt: 10.14m
11:09:16 [POS] Lat: 47.397614, Lon: 8.546509, Alt: 10.15m
11:09:16 [POS] Lat: 47.397614, Lon: 8.546509, Alt: 10.15m
11:09:16 [POS] Lat: 47.397614, Lon: 8.546509, Alt: 10.15m
11:09:16 [POS] Lat: 47.397614, Lon: 8.546509, Alt: 10.15m
11:09:16 [POS] Lat: 47.397614, Lon: 8.546508, Alt: 10.15m
11:09:16 [POS] Lat: 47.397614, Lon: 8.546508, Alt: 10.15m
11:09:16 [POS] Lat: 47.397614, Lon: 8.546508, Alt: 10.15m
11:09:16 [POS] Lat: 47.397615, Lon: 8.546508, Alt: 10.15m
11:09:16 [POS] Lat: 47.397615, Lon: 8.546507, Alt: 10.15m
11:09:16 [POS] Lat: 47.397615, Lon: 8.546507, Alt: 10.15m
11:09:16 [POS] Lat: 47.397615, Lon: 8.546507, Alt: 10.15m
11:09:16 [POS] Lat: 47.397615, Lon: 8.546507, Alt: 10.16m
11:09:16 [POS] Lat: 47.397615, Lon: 8.546506, Alt: 10.16m
11:09:16 [POS] Lat: 47.397615, Lon: 8.546506, Alt: 10.16m
11:09:16 [POS] Lat: 47.397615, Lon: 8.546506, Alt: 10.16m
11:09:16 [POS] Lat: 47.397615, Lon: 8.546506, Alt: 10.16m
11:09:16 [POS] Lat: 47.397615, Lon: 8.546505, Alt: 10.17m
11:09:16 [POS] Lat: 47.397615, Lon: 8.546505, Alt: 10.17m
11:09:16 [POS] Lat: 47.397615, Lon: 8.546504, Alt: 10.17m
11:09:16 [POS] Lat: 47.397615, Lon: 8.546504, Alt: 10.17m
11:09:16 [POS] Lat: 47.397615, Lon: 8.546504, Alt: 10.17m
11:09:16 [POS] Lat: 47.397615, Lon: 8.546504, Alt: 10.18m
11:09:16 [POS] Lat: 47.397615, Lon: 8.546503, Alt: 10.18m
11:09:16 [POS] Lat: 47.397615, Lon: 8.546503, Alt: 10.18m
11:09:16 [POS] Lat: 47.397615, Lon: 8.546502, Alt: 10.18m
11:09:16 [POS] Lat: 47.397616, Lon: 8.546502, Alt: 10.19m
11:09:16 [POS] Lat: 47.397616, Lon: 8.546501, Alt: 10.19m
11:09:16 [POS] Lat: 47.397616, Lon: 8.546501, Alt: 10.19m
11:09:16 [POS] Lat: 47.397616, Lon: 8.546501, Alt: 10.20m
11:09:16 [POS] Lat: 47.397616, Lon: 8.546500, Alt: 10.20m
11:09:16 [POS] Lat: 47.397616, Lon: 8.546500, Alt: 10.21m
11:09:16 [POS] Lat: 47.397616, Lon: 8.546499, Alt: 10.21m
11:09:16 [POS] Lat: 47.397616, Lon: 8.546499, Alt: 10.21m
11:09:16 [POS] Lat: 47.397616, Lon: 8.546498, Alt: 10.22m
11:09:16 [POS] Lat: 47.397616, Lon: 8.546497, Alt: 10.22m
11:09:16 [POS] Lat: 47.397616, Lon: 8.546497, Alt: 10.22m
11:09:16 [POS] Lat: 47.397616, Lon: 8.546496, Alt: 10.23m
11:09:16 [POS] Lat: 47.397616, Lon: 8.546496, Alt: 10.23m
11:09:17 [POS] Lat: 47.397616, Lon: 8.546495, Alt: 10.23m
11:09:17 [POS] Lat: 47.397616, Lon: 8.546495, Alt: 10.23m
11:09:17 [POS] Lat: 47.397616, Lon: 8.546494, Alt: 10.24m
11:09:17 [POS] Lat: 47.397616, Lon: 8.546493, Alt: 10.24m
11:09:17 [POS] Lat: 47.397616, Lon: 8.546492, Alt: 10.24m
11:09:17 [POS] Lat: 47.397617, Lon: 8.546492, Alt: 10.24m
11:09:17 [POS] Lat: 47.397617, Lon: 8.546491, Alt: 10.24m
11:09:17 [POS] Lat: 47.397617, Lon: 8.546490, Alt: 10.24m
11:09:17 [POS] Lat: 47.397617, Lon: 8.546490, Alt: 10.24m
11:09:17 [POS] Lat: 47.397617, Lon: 8.546489, Alt: 10.24m
11:09:17 [POS] Lat: 47.397617, Lon: 8.546488, Alt: 10.24m
11:09:17 [POS] Lat: 47.397617, Lon: 8.546487, Alt: 10.24m
11:09:17 [POS] Lat: 47.397617, Lon: 8.546486, Alt: 10.24m
11:09:17 [POS] Lat: 47.397617, Lon: 8.546486, Alt: 10.24m
11:09:17 [POS] Lat: 47.397618, Lon: 8.546485, Alt: 10.24m
11:09:17 [POS] Lat: 47.397618, Lon: 8.546484, Alt: 10.24m
11:09:17 [POS] Lat: 47.397618, Lon: 8.546483, Alt: 10.24m
11:09:17 [POS] Lat: 47.397618, Lon: 8.546482, Alt: 10.24m
11:09:17 [POS] Lat: 47.397618, Lon: 8.546481, Alt: 10.24m
11:09:17 [POS] Lat: 47.397618, Lon: 8.546480, Alt: 10.24m
11:09:17 [POS] Lat: 47.397618, Lon: 8.546479, Alt: 10.24m
11:09:17 [POS] Lat: 47.397618, Lon: 8.546478, Alt: 10.24m
11:09:17 [POS] Lat: 47.397619, Lon: 8.546477, Alt: 10.24m
11:09:17 [POS] Lat: 47.397619, Lon: 8.546476, Alt: 10.24m
11:09:17 [POS] Lat: 47.397619, Lon: 8.546475, Alt: 10.25m
11:09:17 [POS] Lat: 47.397619, Lon: 8.546475, Alt: 10.25m
11:09:17 [POS] Lat: 47.397619, Lon: 8.546473, Alt: 10.25m
11:09:17 [POS] Lat: 47.397619, Lon: 8.546472, Alt: 10.25m
11:09:17 [POS] Lat: 47.397619, Lon: 8.546471, Alt: 10.25m
11:09:17 [POS] Lat: 47.397619, Lon: 8.546470, Alt: 10.25m
11:09:17 [POS] Lat: 47.397619, Lon: 8.546469, Alt: 10.25m
11:09:17 [POS] Lat: 47.397619, Lon: 8.546468, Alt: 10.25m
11:09:17 [POS] Lat: 47.397620, Lon: 8.546467, Alt: 10.25m
11:09:17 [POS] Lat: 47.397620, Lon: 8.546466, Alt: 10.25m
11:09:17 [POS] Lat: 47.397620, Lon: 8.546464, Alt: 10.25m
11:09:17 [POS] Lat: 47.397620, Lon: 8.546463, Alt: 10.25m
11:09:17 [POS] Lat: 47.397620, Lon: 8.546462, Alt: 10.25m
11:09:17 [POS] Lat: 47.397620, Lon: 8.546461, Alt: 10.25m
11:09:17 [POS] Lat: 47.397620, Lon: 8.546459, Alt: 10.25m
11:09:17 [POS] Lat: 47.397620, Lon: 8.546459, Alt: 10.25m
11:09:17 [BAT] Percentage: 75, Voltage: 15.45V
11:09:17 [POS] Lat: 47.397620, Lon: 8.546457, Alt: 10.25m
11:09:17 [POS] Lat: 47.397621, Lon: 8.546456, Alt: 10.24m
11:09:17 [POS] Lat: 47.397621, Lon: 8.546455, Alt: 10.24m
11:09:17 [POS] Lat: 47.397621, Lon: 8.546454, Alt: 10.24m
11:09:17 [POS] Lat: 47.397621, Lon: 8.546452, Alt: 10.24m
11:09:17 [POS] Lat: 47.397621, Lon: 8.546451, Alt: 10.24m
11:09:17 [POS] Lat: 47.397621, Lon: 8.546449, Alt: 10.24m
11:09:17 [POS] Lat: 47.397621, Lon: 8.546448, Alt: 10.24m
11:09:17 [POS] Lat: 47.397621, Lon: 8.546447, Alt: 10.24m
11:09:18 [POS] Lat: 47.397621, Lon: 8.546446, Alt: 10.24m
11:09:18 [POS] Lat: 47.397622, Lon: 8.546444, Alt: 10.24m
11:09:18 [POS] Lat: 47.397622, Lon: 8.546443, Alt: 10.24m
11:09:18 [POS] Lat: 47.397622, Lon: 8.546442, Alt: 10.24m
11:09:18 [POS] Lat: 47.397622, Lon: 8.546441, Alt: 10.24m
11:09:18 [POS] Lat: 47.397622, Lon: 8.546439, Alt: 10.24m
11:09:18 [POS] Lat: 47.397622, Lon: 8.546438, Alt: 10.24m
11:09:18 [POS] Lat: 47.397622, Lon: 8.546436, Alt: 10.24m
11:09:18 [POS] Lat: 47.397622, Lon: 8.546435, Alt: 10.24m
11:09:18 [POS] Lat: 47.397622, Lon: 8.546434, Alt: 10.24m
11:09:18 [POS] Lat: 47.397623, Lon: 8.546433, Alt: 10.24m
11:09:18 [POS] Lat: 47.397623, Lon: 8.546431, Alt: 10.25m
11:09:18 [POS] Lat: 47.397623, Lon: 8.546430, Alt: 10.25m
11:09:18 [POS] Lat: 47.397623, Lon: 8.546428, Alt: 10.25m
11:09:18 [POS] Lat: 47.397623, Lon: 8.546427, Alt: 10.25m
11:09:18 [POS] Lat: 47.397623, Lon: 8.546426, Alt: 10.25m
11:09:18 [POS] Lat: 47.397623, Lon: 8.546425, Alt: 10.25m
11:09:18 [POS] Lat: 47.397623, Lon: 8.546423, Alt: 10.26m
11:09:18 [POS] Lat: 47.397623, Lon: 8.546422, Alt: 10.26m
11:09:18 [POS] Lat: 47.397624, Lon: 8.546420, Alt: 10.26m
11:09:18 [POS] Lat: 47.397624, Lon: 8.546419, Alt: 10.26m
11:09:18 [POS] Lat: 47.397624, Lon: 8.546418, Alt: 10.26m
11:09:18 [POS] Lat: 47.397624, Lon: 8.546417, Alt: 10.26m
11:09:18 [POS] Lat: 47.397624, Lon: 8.546415, Alt: 10.27m
11:09:18 [POS] Lat: 47.397624, Lon: 8.546414, Alt: 10.27m
11:09:18 [POS] Lat: 47.397624, Lon: 8.546412, Alt: 10.27m
11:09:18 [POS] Lat: 47.397624, Lon: 8.546411, Alt: 10.27m
11:09:18 [POS] Lat: 47.397625, Lon: 8.546410, Alt: 10.27m
11:09:18 [POS] Lat: 47.397625, Lon: 8.546409, Alt: 10.28m
11:09:18 [POS] Lat: 47.397625, Lon: 8.546407, Alt: 10.28m
11:09:18 [POS] Lat: 47.397625, Lon: 8.546406, Alt: 10.28m
11:09:18 [POS] Lat: 47.397625, Lon: 8.546404, Alt: 10.28m
11:09:18 [POS] Lat: 47.397625, Lon: 8.546403, Alt: 10.28m
11:09:18 [POS] Lat: 47.397625, Lon: 8.546402, Alt: 10.28m
11:09:18 [POS] Lat: 47.397625, Lon: 8.546401, Alt: 10.28m
11:09:18 [POS] Lat: 47.397625, Lon: 8.546399, Alt: 10.29m
11:09:18 [POS] Lat: 47.397625, Lon: 8.546398, Alt: 10.29m
11:09:18 [POS] Lat: 47.397626, Lon: 8.546397, Alt: 10.29m
11:09:18 [POS] Lat: 47.397626, Lon: 8.546395, Alt: 10.29m
11:09:18 [POS] Lat: 47.397626, Lon: 8.546394, Alt: 10.29m
11:09:18 [POS] Lat: 47.397626, Lon: 8.546393, Alt: 10.30m
11:09:18 [POS] Lat: 47.397626, Lon: 8.546391, Alt: 10.30m
11:09:18 [POS] Lat: 47.397626, Lon: 8.546390, Alt: 10.30m
11:09:18 [POS] Lat: 47.397626, Lon: 8.546389, Alt: 10.30m
11:09:18 [POS] Lat: 47.397626, Lon: 8.546388, Alt: 10.30m
11:09:18 [POS] Lat: 47.397627, Lon: 8.546386, Alt: 10.31m
11:09:18 [POS] Lat: 47.397627, Lon: 8.546385, Alt: 10.31m
11:09:18 [POS] Lat: 47.397627, Lon: 8.546384, Alt: 10.31m
11:09:18 [POS] Lat: 47.397627, Lon: 8.546383, Alt: 10.31m
11:09:18 [POS] Lat: 47.397627, Lon: 8.546381, Alt: 10.32m
11:09:19 [POS] Lat: 47.397627, Lon: 8.546380, Alt: 10.32m
11:09:19 [POS] Lat: 47.397627, Lon: 8.546378, Alt: 10.32m
11:09:19 [POS] Lat: 47.397627, Lon: 8.546378, Alt: 10.32m
11:09:19 [POS] Lat: 47.397627, Lon: 8.546376, Alt: 10.33m
11:09:19 [POS] Lat: 47.397627, Lon: 8.546375, Alt: 10.33m
11:09:19 [POS] Lat: 47.397628, Lon: 8.546373, Alt: 10.34m
11:09:19 [POS] Lat: 47.397628, Lon: 8.546372, Alt: 10.34m
11:09:19 [POS] Lat: 47.397628, Lon: 8.546371, Alt: 10.34m
11:09:19 [POS] Lat: 47.397628, Lon: 8.546370, Alt: 10.35m
11:09:19 [POS] Lat: 47.397628, Lon: 8.546368, Alt: 10.35m
11:09:19 [POS] Lat: 47.397628, Lon: 8.546367, Alt: 10.35m
11:09:19 [POS] Lat: 47.397628, Lon: 8.546366, Alt: 10.35m
11:09:19 [POS] Lat: 47.397628, Lon: 8.546365, Alt: 10.35m
11:09:19 [POS] Lat: 47.397628, Lon: 8.546363, Alt: 10.36m
11:09:19 [POS] Lat: 47.397629, Lon: 8.546362, Alt: 10.36m
11:09:19 [POS] Lat: 47.397629, Lon: 8.546361, Alt: 10.36m
11:09:19 [POS] Lat: 47.397629, Lon: 8.546360, Alt: 10.36m
11:09:19 [POS] Lat: 47.397629, Lon: 8.546358, Alt: 10.36m
11:09:19 [POS] Lat: 47.397629, Lon: 8.546357, Alt: 10.37m
11:09:19 [POS] Lat: 47.397629, Lon: 8.546356, Alt: 10.37m
11:09:19 [POS] Lat: 47.397629, Lon: 8.546355, Alt: 10.37m
11:09:19 [POS] Lat: 47.397629, Lon: 8.546353, Alt: 10.37m
11:09:19 [POS] Lat: 47.397630, Lon: 8.546352, Alt: 10.37m
11:09:19 [POS] Lat: 47.397630, Lon: 8.546351, Alt: 10.38m
11:09:19 [POS] Lat: 47.397630, Lon: 8.546350, Alt: 10.38m
11:09:19 [POS] Lat: 47.397630, Lon: 8.546348, Alt: 10.38m
11:09:19 [POS] Lat: 47.397630, Lon: 8.546347, Alt: 10.39m
11:09:19 [POS] Lat: 47.397630, Lon: 8.546345, Alt: 10.39m
11:09:19 [POS] Lat: 47.397630, Lon: 8.546345, Alt: 10.39m
11:09:19 [POS] Lat: 47.397630, Lon: 8.546343, Alt: 10.40m
11:09:19 [POS] Lat: 47.397630, Lon: 8.546342, Alt: 10.40m
11:09:19 [POS] Lat: 47.397631, Lon: 8.546340, Alt: 10.40m
11:09:19 [POS] Lat: 47.397631, Lon: 8.546339, Alt: 10.41m
11:09:19 [POS] Lat: 47.397631, Lon: 8.546338, Alt: 10.41m
11:09:19 [POS] Lat: 47.397631, Lon: 8.546337, Alt: 10.41m
11:09:19 [POS] Lat: 47.397631, Lon: 8.546335, Alt: 10.42m
11:09:19 [POS] Lat: 47.397631, Lon: 8.546334, Alt: 10.42m
11:09:19 [POS] Lat: 47.397631, Lon: 8.546333, Alt: 10.43m
11:09:19 [POS] Lat: 47.397631, Lon: 8.546332, Alt: 10.43m
11:09:19 [POS] Lat: 47.397632, Lon: 8.546330, Alt: 10.44m
11:09:19 [POS] Lat: 47.397632, Lon: 8.546329, Alt: 10.44m
11:09:19 [BAT] Percentage: 71, Voltage: 15.39V
11:09:19 [POS] Lat: 47.397632, Lon: 8.546327, Alt: 10.45m
11:09:19 [POS] Lat: 47.397632, Lon: 8.546326, Alt: 10.45m
11:09:19 [POS] Lat: 47.397632, Lon: 8.546325, Alt: 10.46m
11:09:19 [POS] Lat: 47.397632, Lon: 8.546324, Alt: 10.47m
11:09:19 [POS] Lat: 47.397632, Lon: 8.546322, Alt: 10.47m
11:09:19 [POS] Lat: 47.397633, Lon: 8.546321, Alt: 10.48m
11:09:19 [POS] Lat: 47.397633, Lon: 8.546319, Alt: 10.48m
11:09:19 [POS] Lat: 47.397633, Lon: 8.546318, Alt: 10.48m
11:09:20 [POS] Lat: 47.397633, Lon: 8.546317, Alt: 10.49m
11:09:20 [POS] Lat: 47.397633, Lon: 8.546316, Alt: 10.49m
11:09:20 [POS] Lat: 47.397633, Lon: 8.546314, Alt: 10.50m
11:09:20 [POS] Lat: 47.397633, Lon: 8.546313, Alt: 10.50m
11:09:20 [POS] Lat: 47.397633, Lon: 8.546312, Alt: 10.51m
11:09:20 [POS] Lat: 47.397633, Lon: 8.546311, Alt: 10.51m
11:09:20 [POS] Lat: 47.397634, Lon: 8.546309, Alt: 10.52m
11:09:20 [POS] Lat: 47.397634, Lon: 8.546308, Alt: 10.52m
11:09:20 [POS] Lat: 47.397634, Lon: 8.546306, Alt: 10.52m
11:09:20 [POS] Lat: 47.397634, Lon: 8.546305, Alt: 10.53m
11:09:20 [POS] Lat: 47.397634, Lon: 8.546304, Alt: 10.53m
11:09:20 [POS] Lat: 47.397634, Lon: 8.546303, Alt: 10.53m
11:09:20 [POS] Lat: 47.397634, Lon: 8.546301, Alt: 10.54m
11:09:20 [POS] Lat: 47.397634, Lon: 8.546300, Alt: 10.54m
11:09:20 [POS] Lat: 47.397635, Lon: 8.546298, Alt: 10.55m
11:09:20 [POS] Lat: 47.397635, Lon: 8.546297, Alt: 10.55m
11:09:20 [POS] Lat: 47.397635, Lon: 8.546296, Alt: 10.55m
11:09:20 [POS] Lat: 47.397635, Lon: 8.546295, Alt: 10.56m
11:09:20 [POS] Lat: 47.397635, Lon: 8.546293, Alt: 10.56m
11:09:20 [POS] Lat: 47.397635, Lon: 8.546292, Alt: 10.57m
11:09:20 [POS] Lat: 47.397635, Lon: 8.546291, Alt: 10.57m
11:09:20 [POS] Lat: 47.397635, Lon: 8.546290, Alt: 10.57m
11:09:20 [POS] Lat: 47.397635, Lon: 8.546288, Alt: 10.58m
11:09:20 [POS] Lat: 47.397635, Lon: 8.546287, Alt: 10.58m
11:09:20 [POS] Lat: 47.397636, Lon: 8.546286, Alt: 10.58m
11:09:20 [POS] Lat: 47.397636, Lon: 8.546285, Alt: 10.59m
11:09:20 [POS] Lat: 47.397636, Lon: 8.546283, Alt: 10.59m
11:09:20 [POS] Lat: 47.397636, Lon: 8.546282, Alt: 10.59m
11:09:20 [POS] Lat: 47.397636, Lon: 8.546280, Alt: 10.60m
11:09:20 [POS] Lat: 47.397636, Lon: 8.546279, Alt: 10.60m
11:09:20 [POS] Lat: 47.397636, Lon: 8.546278, Alt: 10.60m
11:09:20 [POS] Lat: 47.397636, Lon: 8.546277, Alt: 10.60m
11:09:20 [POS] Lat: 47.397636, Lon: 8.546275, Alt: 10.61m
11:09:20 [POS] Lat: 47.397637, Lon: 8.546274, Alt: 10.61m
11:09:20 [POS] Lat: 47.397637, Lon: 8.546273, Alt: 10.61m
11:09:20 [POS] Lat: 47.397637, Lon: 8.546271, Alt: 10.61m
11:09:20 [POS] Lat: 47.397637, Lon: 8.546270, Alt: 10.62m
11:09:20 [POS] Lat: 47.397637, Lon: 8.546269, Alt: 10.62m
11:09:20 [POS] Lat: 47.397637, Lon: 8.546267, Alt: 10.62m
11:09:20 [POS] Lat: 47.397637, Lon: 8.546266, Alt: 10.62m
11:09:20 [POS] Lat: 47.397637, Lon: 8.546265, Alt: 10.62m
11:09:20 [POS] Lat: 47.397637, Lon: 8.546264, Alt: 10.62m
11:09:20 [POS] Lat: 47.397637, Lon: 8.546262, Alt: 10.63m
11:09:20 [POS] Lat: 47.397638, Lon: 8.546261, Alt: 10.63m
11:09:20 [POS] Lat: 47.397638, Lon: 8.546259, Alt: 10.63m
11:09:20 [POS] Lat: 47.397638, Lon: 8.546258, Alt: 10.64m
11:09:20 [POS] Lat: 47.397638, Lon: 8.546257, Alt: 10.64m
11:09:20 [POS] Lat: 47.397638, Lon: 8.546256, Alt: 10.64m
11:09:20 [POS] Lat: 47.397638, Lon: 8.546254, Alt: 10.65m
11:09:20 [POS] Lat: 47.397638, Lon: 8.546253, Alt: 10.65m
11:09:21 [POS] Lat: 47.397638, Lon: 8.546252, Alt: 10.65m
11:09:21 [POS] Lat: 47.397638, Lon: 8.546251, Alt: 10.66m
11:09:21 [POS] Lat: 47.397639, Lon: 8.546249, Alt: 10.66m
11:09:21 [POS] Lat: 47.397639, Lon: 8.546248, Alt: 10.66m
11:09:21 [POS] Lat: 47.397639, Lon: 8.546246, Alt: 10.67m
11:09:21 [POS] Lat: 47.397639, Lon: 8.546245, Alt: 10.67m
11:09:21 [POS] Lat: 47.397639, Lon: 8.546244, Alt: 10.67m
11:09:21 [POS] Lat: 47.397639, Lon: 8.546243, Alt: 10.67m
11:09:21 [POS] Lat: 47.397639, Lon: 8.546241, Alt: 10.68m
11:09:21 [POS] Lat: 47.397639, Lon: 8.546240, Alt: 10.68m
11:09:21 [POS] Lat: 47.397639, Lon: 8.546239, Alt: 10.68m
11:09:21 [POS] Lat: 47.397639, Lon: 8.546238, Alt: 10.69m
11:09:21 [POS] Lat: 47.397640, Lon: 8.546236, Alt: 10.69m
11:09:21 [POS] Lat: 47.397640, Lon: 8.546235, Alt: 10.69m
11:09:21 [POS] Lat: 47.397640, Lon: 8.546233, Alt: 10.70m
11:09:21 [POS] Lat: 47.397640, Lon: 8.546232, Alt: 10.70m
11:09:21 [POS] Lat: 47.397640, Lon: 8.546231, Alt: 10.71m
11:09:21 [POS] Lat: 47.397640, Lon: 8.546230, Alt: 10.71m
11:09:21 [POS] Lat: 47.397640, Lon: 8.546228, Alt: 10.72m
11:09:21 [POS] Lat: 47.397640, Lon: 8.546227, Alt: 10.72m
11:09:21 [POS] Lat: 47.397640, Lon: 8.546226, Alt: 10.72m
11:09:21 [POS] Lat: 47.397640, Lon: 8.546225, Alt: 10.73m
11:09:21 [POS] Lat: 47.397641, Lon: 8.546223, Alt: 10.73m
11:09:21 [POS] Lat: 47.397641, Lon: 8.546222, Alt: 10.73m
11:09:21 [POS] Lat: 47.397641, Lon: 8.546220, Alt: 10.74m
11:09:21 [POS] Lat: 47.397641, Lon: 8.546219, Alt: 10.74m
11:09:21 [POS] Lat: 47.397641, Lon: 8.546218, Alt: 10.74m
11:09:21 [POS] Lat: 47.397641, Lon: 8.546217, Alt: 10.75m
11:09:21 [POS] Lat: 47.397641, Lon: 8.546215, Alt: 10.75m
11:09:21 [POS] Lat: 47.397641, Lon: 8.546214, Alt: 10.75m
11:09:21 [POS] Lat: 47.397641, Lon: 8.546212, Alt: 10.76m
11:09:21 [POS] Lat: 47.397641, Lon: 8.546212, Alt: 10.76m
11:09:21 [POS] Lat: 47.397642, Lon: 8.546210, Alt: 10.76m
11:09:21 [POS] Lat: 47.397642, Lon: 8.546209, Alt: 10.77m
11:09:21 [POS] Lat: 47.397642, Lon: 8.546207, Alt: 10.77m
11:09:21 [POS] Lat: 47.397642, Lon: 8.546206, Alt: 10.77m
11:09:21 [POS] Lat: 47.397642, Lon: 8.546205, Alt: 10.78m
11:09:21 [POS] Lat: 47.397642, Lon: 8.546204, Alt: 10.78m
11:09:21 [POS] Lat: 47.397642, Lon: 8.546202, Alt: 10.79m
11:09:21 [POS] Lat: 47.397642, Lon: 8.546201, Alt: 10.79m
11:09:21 [POS] Lat: 47.397642, Lon: 8.546200, Alt: 10.80m
11:09:21 [POS] Lat: 47.397642, Lon: 8.546198, Alt: 10.80m
11:09:21 [BAT] Percentage: 68, Voltage: 15.33V
11:09:21 [POS] Lat: 47.397642, Lon: 8.546197, Alt: 10.80m
11:09:21 [POS] Lat: 47.397642, Lon: 8.546196, Alt: 10.81m
11:09:21 [POS] Lat: 47.397643, Lon: 8.546194, Alt: 10.81m
11:09:21 [POS] Lat: 47.397643, Lon: 8.546193, Alt: 10.81m
11:09:21 [POS] Lat: 47.397643, Lon: 8.546192, Alt: 10.81m
11:09:21 [POS] Lat: 47.397643, Lon: 8.546191, Alt: 10.82m
11:09:21 [POS] Lat: 47.397643, Lon: 8.546189, Alt: 10.82m
11:09:22 [POS] Lat: 47.397643, Lon: 8.546188, Alt: 10.82m
11:09:22 [POS] Lat: 47.397643, Lon: 8.546186, Alt: 10.82m
11:09:22 [POS] Lat: 47.397643, Lon: 8.546185, Alt: 10.83m
11:09:22 [POS] Lat: 47.397643, Lon: 8.546184, Alt: 10.83m
11:09:22 [POS] Lat: 47.397644, Lon: 8.546183, Alt: 10.83m
11:09:22 [POS] Lat: 47.397644, Lon: 8.546181, Alt: 10.84m
11:09:22 [POS] Lat: 47.397644, Lon: 8.546180, Alt: 10.84m
11:09:22 [POS] Lat: 47.397644, Lon: 8.546178, Alt: 10.85m
11:09:22 [POS] Lat: 47.397644, Lon: 8.546177, Alt: 10.85m
11:09:22 [POS] Lat: 47.397644, Lon: 8.546176, Alt: 10.86m
11:09:22 [POS] Lat: 47.397644, Lon: 8.546175, Alt: 10.86m
11:09:22 [POS] Lat: 47.397644, Lon: 8.546173, Alt: 10.87m
11:09:22 [POS] Lat: 47.397644, Lon: 8.546172, Alt: 10.87m
11:09:22 [POS] Lat: 47.397644, Lon: 8.546170, Alt: 10.88m
11:09:22 [POS] Lat: 47.397644, Lon: 8.546169, Alt: 10.88m
11:09:22 [POS] Lat: 47.397645, Lon: 8.546168, Alt: 10.89m
11:09:22 [POS] Lat: 47.397645, Lon: 8.546167, Alt: 10.89m
11:09:22 [POS] Lat: 47.397645, Lon: 8.546165, Alt: 10.90m
11:09:22 [POS] Lat: 47.397645, Lon: 8.546164, Alt: 10.90m
11:09:22 [POS] Lat: 47.397645, Lon: 8.546163, Alt: 10.91m
11:09:22 [POS] Lat: 47.397645, Lon: 8.546162, Alt: 10.91m
11:09:22 [POS] Lat: 47.397645, Lon: 8.546160, Alt: 10.92m
11:09:22 [POS] Lat: 47.397645, Lon: 8.546159, Alt: 10.92m
11:09:22 [POS] Lat: 47.397645, Lon: 8.546157, Alt: 10.93m
11:09:22 [POS] Lat: 47.397645, Lon: 8.546156, Alt: 10.93m
11:09:22 [POS] Lat: 47.397645, Lon: 8.546155, Alt: 10.93m
11:09:22 [POS] Lat: 47.397645, Lon: 8.546154, Alt: 10.94m
11:09:22 [POS] Lat: 47.397646, Lon: 8.546152, Alt: 10.94m
11:09:22 [POS] Lat: 47.397646, Lon: 8.546151, Alt: 10.94m
11:09:22 [POS] Lat: 47.397646, Lon: 8.546150, Alt: 10.94m
11:09:22 [POS] Lat: 47.397646, Lon: 8.546148, Alt: 10.95m
11:09:22 [POS] Lat: 47.397646, Lon: 8.546147, Alt: 10.95m
11:09:22 [POS] Lat: 47.397646, Lon: 8.546146, Alt: 10.95m
11:09:22 [POS] Lat: 47.397646, Lon: 8.546144, Alt: 10.96m
11:09:22 [POS] Lat: 47.397646, Lon: 8.546143, Alt: 10.96m
11:09:22 [POS] Lat: 47.397646, Lon: 8.546142, Alt: 10.96m
11:09:22 [POS] Lat: 47.397646, Lon: 8.546141, Alt: 10.96m
11:09:22 [POS] Lat: 47.397647, Lon: 8.546139, Alt: 10.97m
11:09:22 [POS] Lat: 47.397647, Lon: 8.546138, Alt: 10.97m
11:09:22 [POS] Lat: 47.397647, Lon: 8.546136, Alt: 10.97m
11:09:22 [POS] Lat: 47.397647, Lon: 8.546135, Alt: 10.97m
11:09:22 [POS] Lat: 47.397647, Lon: 8.546134, Alt: 10.97m
11:09:22 [POS] Lat: 47.397647, Lon: 8.546133, Alt: 10.97m
11:09:22 [POS] Lat: 47.397647, Lon: 8.546131, Alt: 10.97m
11:09:22 [POS] Lat: 47.397647, Lon: 8.546130, Alt: 10.98m
11:09:22 [POS] Lat: 47.397647, Lon: 8.546129, Alt: 10.98m
11:09:22 [POS] Lat: 47.397647, Lon: 8.546127, Alt: 10.98m
11:09:22 [POS] Lat: 47.397647, Lon: 8.546126, Alt: 10.98m
11:09:22 [POS] Lat: 47.397647, Lon: 8.546125, Alt: 10.99m
11:09:22 [POS] Lat: 47.397647, Lon: 8.546123, Alt: 10.99m
11:09:23 [POS] Lat: 47.397647, Lon: 8.546122, Alt: 10.99m
11:09:23 [POS] Lat: 47.397648, Lon: 8.546121, Alt: 10.99m
11:09:23 [POS] Lat: 47.397648, Lon: 8.546120, Alt: 11.00m
11:09:23 [POS] Lat: 47.397648, Lon: 8.546118, Alt: 11.00m
11:09:23 [POS] Lat: 47.397648, Lon: 8.546117, Alt: 11.00m
11:09:23 [POS] Lat: 47.397648, Lon: 8.546115, Alt: 11.01m
11:09:23 [POS] Lat: 47.397648, Lon: 8.546114, Alt: 11.01m
11:09:23 [POS] Lat: 47.397648, Lon: 8.546113, Alt: 11.01m
11:09:23 [POS] Lat: 47.397648, Lon: 8.546112, Alt: 11.02m
11:09:23 [POS] Lat: 47.397648, Lon: 8.546110, Alt: 11.02m
11:09:23 [POS] Lat: 47.397648, Lon: 8.546109, Alt: 11.02m
11:09:23 [POS] Lat: 47.397648, Lon: 8.546107, Alt: 11.03m
11:09:23 [POS] Lat: 47.397648, Lon: 8.546106, Alt: 11.03m
11:09:23 [POS] Lat: 47.397648, Lon: 8.546105, Alt: 11.04m
11:09:23 [POS] Lat: 47.397648, Lon: 8.546103, Alt: 11.04m
11:09:23 [POS] Lat: 47.397648, Lon: 8.546102, Alt: 11.05m
11:09:23 [POS] Lat: 47.397648, Lon: 8.546101, Alt: 11.05m
11:09:23 [POS] Lat: 47.397649, Lon: 8.546099, Alt: 11.06m
11:09:23 [POS] Lat: 47.397649, Lon: 8.546098, Alt: 11.06m
11:09:23 [POS] Lat: 47.397649, Lon: 8.546096, Alt: 11.07m
11:09:23 [POS] Lat: 47.397649, Lon: 8.546095, Alt: 11.07m
11:09:23 [POS] Lat: 47.397649, Lon: 8.546094, Alt: 11.07m
11:09:23 [POS] Lat: 47.397649, Lon: 8.546093, Alt: 11.08m
11:09:23 [POS] Lat: 47.397649, Lon: 8.546091, Alt: 11.08m
11:09:23 [POS] Lat: 47.397649, Lon: 8.546090, Alt: 11.08m
11:09:23 [POS] Lat: 47.397649, Lon: 8.546088, Alt: 11.09m
11:09:23 [POS] Lat: 47.397649, Lon: 8.546087, Alt: 11.09m
11:09:23 [POS] Lat: 47.397649, Lon: 8.546086, Alt: 11.10m
11:09:23 [POS] Lat: 47.397649, Lon: 8.546084, Alt: 11.10m
11:09:23 [POS] Lat: 47.397649, Lon: 8.546083, Alt: 11.11m
11:09:23 [POS] Lat: 47.397650, Lon: 8.546082, Alt: 11.11m
11:09:23 [POS] Lat: 47.397650, Lon: 8.546080, Alt: 11.11m
11:09:23 [POS] Lat: 47.397650, Lon: 8.546079, Alt: 11.12m
11:09:23 [POS] Lat: 47.397650, Lon: 8.546077, Alt: 11.12m
11:09:23 [POS] Lat: 47.397650, Lon: 8.546076, Alt: 11.12m
11:09:23 [POS] Lat: 47.397650, Lon: 8.546075, Alt: 11.13m
11:09:23 [POS] Lat: 47.397650, Lon: 8.546074, Alt: 11.13m
11:09:23 [POS] Lat: 47.397650, Lon: 8.546072, Alt: 11.14m
11:09:23 [POS] Lat: 47.397650, Lon: 8.546071, Alt: 11.14m
11:09:23 [POS] Lat: 47.397650, Lon: 8.546069, Alt: 11.15m
11:09:23 [POS] Lat: 47.397650, Lon: 8.546068, Alt: 11.15m
11:09:23 [POS] Lat: 47.397651, Lon: 8.546067, Alt: 11.16m
11:09:23 [POS] Lat: 47.397651, Lon: 8.546066, Alt: 11.16m
11:09:23 [BAT] Percentage: 66, Voltage: 15.30V
11:09:23 [POS] Lat: 47.397651, Lon: 8.546064, Alt: 11.16m
11:09:23 [POS] Lat: 47.397651, Lon: 8.546063, Alt: 11.17m
11:09:23 [POS] Lat: 47.397651, Lon: 8.546061, Alt: 11.17m
11:09:23 [POS] Lat: 47.397651, Lon: 8.546060, Alt: 11.18m
11:09:23 [POS] Lat: 47.397651, Lon: 8.546059, Alt: 11.18m
11:09:23 [POS] Lat: 47.397651, Lon: 8.546058, Alt: 11.18m
11:09:24 [POS] Lat: 47.397651, Lon: 8.546056, Alt: 11.19m
11:09:24 [POS] Lat: 47.397651, Lon: 8.546055, Alt: 11.19m
11:09:24 [POS] Lat: 47.397652, Lon: 8.546053, Alt: 11.20m
11:09:24 [POS] Lat: 47.397652, Lon: 8.546052, Alt: 11.20m
11:09:24 [POS] Lat: 47.397652, Lon: 8.546051, Alt: 11.20m
11:09:24 [POS] Lat: 47.397652, Lon: 8.546050, Alt: 11.21m
11:09:24 [POS] Lat: 47.397652, Lon: 8.546048, Alt: 11.21m
11:09:24 [POS] Lat: 47.397652, Lon: 8.546047, Alt: 11.22m
11:09:24 [POS] Lat: 47.397652, Lon: 8.546045, Alt: 11.22m
11:09:24 [POS] Lat: 47.397652, Lon: 8.546044, Alt: 11.23m
11:09:24 [POS] Lat: 47.397652, Lon: 8.546043, Alt: 11.23m
11:09:24 [POS] Lat: 47.397652, Lon: 8.546042, Alt: 11.23m
11:09:24 [POS] Lat: 47.397652, Lon: 8.546040, Alt: 11.24m
11:09:24 [POS] Lat: 47.397653, Lon: 8.546039, Alt: 11.24m
11:09:24 [POS] Lat: 47.397653, Lon: 8.546037, Alt: 11.25m
11:09:24 [POS] Lat: 47.397653, Lon: 8.546036, Alt: 11.26m
11:09:24 [POS] Lat: 47.397653, Lon: 8.546035, Alt: 11.26m
11:09:24 [POS] Lat: 47.397653, Lon: 8.546034, Alt: 11.27m
11:09:24 [POS] Lat: 47.397653, Lon: 8.546032, Alt: 11.27m
11:09:24 [POS] Lat: 47.397653, Lon: 8.546031, Alt: 11.27m
11:09:24 [POS] Lat: 47.397653, Lon: 8.546029, Alt: 11.28m
11:09:24 [POS] Lat: 47.397653, Lon: 8.546029, Alt: 11.29m
11:09:24 [POS] Lat: 47.397653, Lon: 8.546027, Alt: 11.29m
11:09:24 [POS] Lat: 47.397654, Lon: 8.546026, Alt: 11.30m
11:09:24 [POS] Lat: 47.397654, Lon: 8.546024, Alt: 11.30m
11:09:24 [POS] Lat: 47.397654, Lon: 8.546023, Alt: 11.30m
11:09:24 [POS] Lat: 47.397654, Lon: 8.546022, Alt: 11.31m
11:09:24 [POS] Lat: 47.397654, Lon: 8.546021, Alt: 11.31m
11:09:24 [POS] Lat: 47.397654, Lon: 8.546019, Alt: 11.31m
11:09:24 [POS] Lat: 47.397654, Lon: 8.546018, Alt: 11.32m
11:09:24 [POS] Lat: 47.397654, Lon: 8.546016, Alt: 11.32m
11:09:24 [POS] Lat: 47.397654, Lon: 8.546015, Alt: 11.32m
11:09:24 [POS] Lat: 47.397655, Lon: 8.546014, Alt: 11.32m
11:09:24 [POS] Lat: 47.397655, Lon: 8.546013, Alt: 11.32m
11:09:24 [POS] Lat: 47.397655, Lon: 8.546011, Alt: 11.33m
11:09:24 [POS] Lat: 47.397655, Lon: 8.546010, Alt: 11.33m
11:09:24 [POS] Lat: 47.397655, Lon: 8.546008, Alt: 11.33m
11:09:24 [POS] Lat: 47.397655, Lon: 8.546007, Alt: 11.33m
11:09:24 [POS] Lat: 47.397655, Lon: 8.546006, Alt: 11.34m
11:09:24 [POS] Lat: 47.397655, Lon: 8.546005, Alt: 11.34m
11:09:24 [POS] Lat: 47.397656, Lon: 8.546003, Alt: 11.34m
11:09:24 [POS] Lat: 47.397656, Lon: 8.546002, Alt: 11.34m
11:09:24 [POS] Lat: 47.397656, Lon: 8.546000, Alt: 11.34m
11:09:24 [POS] Lat: 47.397656, Lon: 8.545999, Alt: 11.34m
11:09:24 [POS] Lat: 47.397656, Lon: 8.545998, Alt: 11.35m
11:09:24 [POS] Lat: 47.397656, Lon: 8.545997, Alt: 11.35m
11:09:24 [POS] Lat: 47.397656, Lon: 8.545995, Alt: 11.35m
11:09:24 [POS] Lat: 47.397656, Lon: 8.545994, Alt: 11.35m
11:09:24 [POS] Lat: 47.397657, Lon: 8.545993, Alt: 11.36m
11:09:24 [POS] Lat: 47.397657, Lon: 8.545992, Alt: 11.36m
11:09:25 [POS] Lat: 47.397657, Lon: 8.545990, Alt: 11.36m
11:09:25 [POS] Lat: 47.397657, Lon: 8.545989, Alt: 11.36m
11:09:25 [POS] Lat: 47.397657, Lon: 8.545987, Alt: 11.37m
11:09:25 [POS] Lat: 47.397657, Lon: 8.545986, Alt: 11.37m
11:09:25 [POS] Lat: 47.397657, Lon: 8.545985, Alt: 11.37m
11:09:25 [POS] Lat: 47.397658, Lon: 8.545984, Alt: 11.38m
11:09:25 [POS] Lat: 47.397658, Lon: 8.545982, Alt: 11.38m
11:09:25 [POS] Lat: 47.397658, Lon: 8.545981, Alt: 11.38m
11:09:25 [POS] Lat: 47.397658, Lon: 8.545979, Alt: 11.39m
11:09:25 [POS] Lat: 47.397658, Lon: 8.545979, Alt: 11.39m
11:09:25 [POS] Lat: 47.397658, Lon: 8.545977, Alt: 11.39m
11:09:25 [POS] Lat: 47.397658, Lon: 8.545976, Alt: 11.39m
11:09:25 [POS] Lat: 47.397658, Lon: 8.545974, Alt: 11.40m
11:09:25 [POS] Lat: 47.397658, Lon: 8.545973, Alt: 11.40m
11:09:25 [POS] Lat: 47.397659, Lon: 8.545972, Alt: 11.41m
11:09:25 [POS] Lat: 47.397659, Lon: 8.545971, Alt: 11.41m
11:09:25 [POS] Lat: 47.397659, Lon: 8.545969, Alt: 11.42m
11:09:25 [POS] Lat: 47.397659, Lon: 8.545968, Alt: 11.42m
11:09:25 [POS] Lat: 47.397659, Lon: 8.545967, Alt: 11.42m
11:09:25 [POS] Lat: 47.397659, Lon: 8.545965, Alt: 11.43m
11:09:25 [POS] Lat: 47.397659, Lon: 8.545964, Alt: 11.44m
11:09:25 [POS] Lat: 47.397659, Lon: 8.545963, Alt: 11.44m
11:09:25 [POS] Lat: 47.397659, Lon: 8.545961, Alt: 11.45m
11:09:25 [POS] Lat: 47.397660, Lon: 8.545960, Alt: 11.45m
11:09:25 [POS] Lat: 47.397660, Lon: 8.545959, Alt: 11.45m
11:09:25 [POS] Lat: 47.397660, Lon: 8.545958, Alt: 11.46m
11:09:25 [POS] Lat: 47.397660, Lon: 8.545956, Alt: 11.46m
11:09:25 [POS] Lat: 47.397660, Lon: 8.545955, Alt: 11.47m
11:09:25 [POS] Lat: 47.397660, Lon: 8.545953, Alt: 11.47m
11:09:25 [POS] Lat: 47.397660, Lon: 8.545953, Alt: 11.48m
11:09:25 [POS] Lat: 47.397660, Lon: 8.545951, Alt: 11.48m
11:09:25 [POS] Lat: 47.397660, Lon: 8.545950, Alt: 11.48m
11:09:25 [POS] Lat: 47.397660, Lon: 8.545948, Alt: 11.49m
11:09:25 [POS] Lat: 47.397660, Lon: 8.545947, Alt: 11.49m
11:09:25 [POS] Lat: 47.397660, Lon: 8.545946, Alt: 11.50m
11:09:25 [POS] Lat: 47.397661, Lon: 8.545945, Alt: 11.50m
11:09:25 [POS] Lat: 47.397661, Lon: 8.545943, Alt: 11.51m
11:09:25 [POS] Lat: 47.397661, Lon: 8.545942, Alt: 11.51m
11:09:25 [POS] Lat: 47.397661, Lon: 8.545941, Alt: 11.51m
11:09:25 [POS] Lat: 47.397661, Lon: 8.545939, Alt: 11.51m
11:09:25 [POS] Lat: 47.397661, Lon: 8.545938, Alt: 11.52m
11:09:25 [POS] Lat: 47.397661, Lon: 8.545937, Alt: 11.52m
11:09:25 [POS] Lat: 47.397661, Lon: 8.545935, Alt: 11.52m
11:09:25 [POS] Lat: 47.397661, Lon: 8.545934, Alt: 11.52m
11:09:25 [BAT] Percentage: 66, Voltage: 15.30V
11:09:25 [POS] Lat: 47.397661, Lon: 8.545933, Alt: 11.53m
11:09:25 [POS] Lat: 47.397661, Lon: 8.545932, Alt: 11.53m
11:09:25 [POS] Lat: 47.397661, Lon: 8.545930, Alt: 11.53m
11:09:25 [POS] Lat: 47.397661, Lon: 8.545929, Alt: 11.53m
11:09:25 [POS] Lat: 47.397661, Lon: 8.545927, Alt: 11.54m
11:09:26 [POS] Lat: 47.397661, Lon: 8.545926, Alt: 11.54m
11:09:26 [POS] Lat: 47.397662, Lon: 8.545925, Alt: 11.54m
11:09:26 [POS] Lat: 47.397662, Lon: 8.545924, Alt: 11.54m
11:09:26 [POS] Lat: 47.397662, Lon: 8.545922, Alt: 11.55m
11:09:26 [POS] Lat: 47.397662, Lon: 8.545921, Alt: 11.55m
11:09:26 [POS] Lat: 47.397662, Lon: 8.545919, Alt: 11.56m
11:09:26 [POS] Lat: 47.397662, Lon: 8.545918, Alt: 11.56m
11:09:26 [POS] Lat: 47.397662, Lon: 8.545917, Alt: 11.56m
11:09:26 [POS] Lat: 47.397662, Lon: 8.545916, Alt: 11.57m
11:09:26 [POS] Lat: 47.397662, Lon: 8.545914, Alt: 11.57m
11:09:26 [POS] Lat: 47.397662, Lon: 8.545913, Alt: 11.57m
11:09:26 [POS] Lat: 47.397662, Lon: 8.545911, Alt: 11.58m
11:09:26 [POS] Lat: 47.397662, Lon: 8.545910, Alt: 11.58m
11:09:26 [POS] Lat: 47.397662, Lon: 8.545909, Alt: 11.58m
11:09:26 [POS] Lat: 47.397663, Lon: 8.545908, Alt: 11.59m
11:09:26 [POS] Lat: 47.397663, Lon: 8.545906, Alt: 11.59m
11:09:26 [POS] Lat: 47.397663, Lon: 8.545905, Alt: 11.59m
11:09:26 [POS] Lat: 47.397663, Lon: 8.545903, Alt: 11.60m
11:09:26 [POS] Lat: 47.397663, Lon: 8.545903, Alt: 11.60m
11:09:26 [POS] Lat: 47.397663, Lon: 8.545901, Alt: 11.60m
11:09:26 [POS] Lat: 47.397663, Lon: 8.545900, Alt: 11.60m
11:09:26 [POS] Lat: 47.397663, Lon: 8.545898, Alt: 11.61m
11:09:26 [POS] Lat: 47.397663, Lon: 8.545897, Alt: 11.61m
11:09:26 [POS] Lat: 47.397663, Lon: 8.545896, Alt: 11.62m
11:09:26 [POS] Lat: 47.397663, Lon: 8.545894, Alt: 11.62m
11:09:26 [POS] Lat: 47.397664, Lon: 8.545893, Alt: 11.62m
11:09:26 [POS] Lat: 47.397664, Lon: 8.545892, Alt: 11.63m
11:09:26 [POS] Lat: 47.397664, Lon: 8.545890, Alt: 11.63m
11:09:26 [POS] Lat: 47.397664, Lon: 8.545889, Alt: 11.63m
11:09:26 [POS] Lat: 47.397664, Lon: 8.545887, Alt: 11.64m
11:09:26 [POS] Lat: 47.397664, Lon: 8.545886, Alt: 11.64m
11:09:26 [POS] Lat: 47.397664, Lon: 8.545885, Alt: 11.64m
11:09:26 [POS] Lat: 47.397664, Lon: 8.545884, Alt: 11.64m
11:09:26 [POS] Lat: 47.397664, Lon: 8.545882, Alt: 11.65m
11:09:26 [POS] Lat: 47.397664, Lon: 8.545881, Alt: 11.65m
11:09:26 [POS] Lat: 47.397664, Lon: 8.545880, Alt: 11.66m
11:09:26 [POS] Lat: 47.397664, Lon: 8.545878, Alt: 11.66m
11:09:26 [POS] Lat: 47.397665, Lon: 8.545877, Alt: 11.66m
11:09:26 [POS] Lat: 47.397665, Lon: 8.545876, Alt: 11.67m
11:09:26 [POS] Lat: 47.397665, Lon: 8.545874, Alt: 11.67m
11:09:26 [POS] Lat: 47.397665, Lon: 8.545873, Alt: 11.67m
11:09:26 [POS] Lat: 47.397665, Lon: 8.545872, Alt: 11.67m
11:09:26 [POS] Lat: 47.397665, Lon: 8.545870, Alt: 11.67m
11:09:26 [POS] Lat: 47.397665, Lon: 8.545869, Alt: 11.68m
11:09:26 [POS] Lat: 47.397665, Lon: 8.545868, Alt: 11.68m
11:09:26 [POS] Lat: 47.397665, Lon: 8.545866, Alt: 11.68m
11:09:26 [POS] Lat: 47.397665, Lon: 8.545865, Alt: 11.68m
11:09:26 [POS] Lat: 47.397666, Lon: 8.545864, Alt: 11.69m
11:09:26 [POS] Lat: 47.397666, Lon: 8.545863, Alt: 11.69m
11:09:26 [POS] Lat: 47.397666, Lon: 8.545861, Alt: 11.69m
11:09:27 [POS] Lat: 47.397666, Lon: 8.545860, Alt: 11.70m
11:09:27 [POS] Lat: 47.397666, Lon: 8.545858, Alt: 11.70m
11:09:27 [POS] Lat: 47.397666, Lon: 8.545857, Alt: 11.70m
11:09:27 [POS] Lat: 47.397666, Lon: 8.545856, Alt: 11.71m
11:09:27 [POS] Lat: 47.397666, Lon: 8.545854, Alt: 11.71m
11:09:27 [POS] Lat: 47.397666, Lon: 8.545853, Alt: 11.72m
11:09:27 [POS] Lat: 47.397666, Lon: 8.545852, Alt: 11.72m
11:09:27 [POS] Lat: 47.397667, Lon: 8.545850, Alt: 11.72m
11:09:27 [POS] Lat: 47.397667, Lon: 8.545849, Alt: 11.73m
11:09:27 [POS] Lat: 47.397667, Lon: 8.545848, Alt: 11.73m
11:09:27 [POS] Lat: 47.397667, Lon: 8.545846, Alt: 11.74m
11:09:27 [POS] Lat: 47.397667, Lon: 8.545845, Alt: 11.74m
11:09:27 [POS] Lat: 47.397667, Lon: 8.545844, Alt: 11.74m
11:09:27 [POS] Lat: 47.397667, Lon: 8.545842, Alt: 11.75m
11:09:27 [POS] Lat: 47.397667, Lon: 8.545841, Alt: 11.75m
11:09:27 [POS] Lat: 47.397667, Lon: 8.545840, Alt: 11.75m
11:09:27 [POS] Lat: 47.397667, Lon: 8.545839, Alt: 11.75m
11:09:27 [POS] Lat: 47.397668, Lon: 8.545837, Alt: 11.76m
11:09:27 [POS] Lat: 47.397668, Lon: 8.545836, Alt: 11.76m
11:09:27 [POS] Lat: 47.397668, Lon: 8.545834, Alt: 11.76m
11:09:27 [POS] Lat: 47.397668, Lon: 8.545833, Alt: 11.76m
11:09:27 [POS] Lat: 47.397668, Lon: 8.545832, Alt: 11.77m
11:09:27 [POS] Lat: 47.397668, Lon: 8.545830, Alt: 11.77m
11:09:27 [POS] Lat: 47.397668, Lon: 8.545829, Alt: 11.78m
11:09:27 [POS] Lat: 47.397668, Lon: 8.545828, Alt: 11.78m
11:09:27 [POS] Lat: 47.397668, Lon: 8.545826, Alt: 11.79m
11:09:27 [POS] Lat: 47.397668, Lon: 8.545825, Alt: 11.79m
11:09:27 [POS] Lat: 47.397669, Lon: 8.545824, Alt: 11.79m
11:09:27 [POS] Lat: 47.397669, Lon: 8.545822, Alt: 11.80m
11:09:27 [POS] Lat: 47.397669, Lon: 8.545821, Alt: 11.80m
11:09:27 [POS] Lat: 47.397669, Lon: 8.545820, Alt: 11.80m
11:09:27 [POS] Lat: 47.397669, Lon: 8.545818, Alt: 11.81m
11:09:27 [POS] Lat: 47.397669, Lon: 8.545817, Alt: 11.81m
11:09:27 [POS] Lat: 47.397669, Lon: 8.545816, Alt: 11.82m
11:09:27 [POS] Lat: 47.397669, Lon: 8.545814, Alt: 11.82m
11:09:27 [POS] Lat: 47.397669, Lon: 8.545813, Alt: 11.82m
11:09:27 [POS] Lat: 47.397669, Lon: 8.545812, Alt: 11.82m
11:09:27 [POS] Lat: 47.397670, Lon: 8.545810, Alt: 11.83m
11:09:27 [POS] Lat: 47.397670, Lon: 8.545809, Alt: 11.83m
11:09:27 [POS] Lat: 47.397670, Lon: 8.545808, Alt: 11.84m
11:09:27 [POS] Lat: 47.397670, Lon: 8.545806, Alt: 11.84m
11:09:27 [POS] Lat: 47.397670, Lon: 8.545805, Alt: 11.85m
11:09:27 [POS] Lat: 47.397670, Lon: 8.545804, Alt: 11.85m
11:09:27 [POS] Lat: 47.397670, Lon: 8.545802, Alt: 11.86m
11:09:27 [POS] Lat: 47.397670, Lon: 8.545801, Alt: 11.86m
11:09:27 [BAT] Percentage: 66, Voltage: 15.30V
11:09:27 [POS] Lat: 47.397670, Lon: 8.545800, Alt: 11.86m
11:09:27 [POS] Lat: 47.397670, Lon: 8.545799, Alt: 11.87m
11:09:27 [POS] Lat: 47.397670, Lon: 8.545797, Alt: 11.87m
11:09:27 [POS] Lat: 47.397671, Lon: 8.545796, Alt: 11.87m
11:09:28 [POS] Lat: 47.397671, Lon: 8.545794, Alt: 11.88m
11:09:28 [POS] Lat: 47.397671, Lon: 8.545793, Alt: 11.88m
11:09:28 [POS] Lat: 47.397671, Lon: 8.545792, Alt: 11.88m
11:09:28 [POS] Lat: 47.397671, Lon: 8.545791, Alt: 11.89m
11:09:28 [POS] Lat: 47.397671, Lon: 8.545789, Alt: 11.89m
11:09:28 [POS] Lat: 47.397671, Lon: 8.545788, Alt: 11.89m
11:09:28 [POS] Lat: 47.397671, Lon: 8.545787, Alt: 11.90m
11:09:28 [POS] Lat: 47.397671, Lon: 8.545785, Alt: 11.90m
11:09:28 [POS] Lat: 47.397671, Lon: 8.545784, Alt: 11.90m
11:09:28 [POS] Lat: 47.397672, Lon: 8.545783, Alt: 11.90m
11:09:28 [POS] Lat: 47.397672, Lon: 8.545781, Alt: 11.91m
11:09:28 [POS] Lat: 47.397672, Lon: 8.545780, Alt: 11.91m
11:09:28 [POS] Lat: 47.397672, Lon: 8.545779, Alt: 11.92m
11:09:28 [POS] Lat: 47.397672, Lon: 8.545778, Alt: 11.92m
11:09:28 [POS] Lat: 47.397672, Lon: 8.545776, Alt: 11.92m
11:09:28 [POS] Lat: 47.397672, Lon: 8.545775, Alt: 11.93m
11:09:28 [POS] Lat: 47.397672, Lon: 8.545773, Alt: 11.93m
11:09:28 [POS] Lat: 47.397672, Lon: 8.545772, Alt: 11.93m
11:09:28 [POS] Lat: 47.397672, Lon: 8.545771, Alt: 11.94m
11:09:28 [POS] Lat: 47.397672, Lon: 8.545770, Alt: 11.94m
11:09:28 [POS] Lat: 47.397673, Lon: 8.545768, Alt: 11.94m
11:09:28 [POS] Lat: 47.397673, Lon: 8.545767, Alt: 11.94m
11:09:28 [POS] Lat: 47.397673, Lon: 8.545766, Alt: 11.94m
11:09:28 [POS] Lat: 47.397673, Lon: 8.545764, Alt: 11.95m
11:09:28 [POS] Lat: 47.397673, Lon: 8.545763, Alt: 11.95m
11:09:28 [POS] Lat: 47.397673, Lon: 8.545762, Alt: 11.95m
11:09:28 [POS] Lat: 47.397673, Lon: 8.545760, Alt: 11.95m
11:09:28 [POS] Lat: 47.397673, Lon: 8.545759, Alt: 11.95m
11:09:28 [POS] Lat: 47.397673, Lon: 8.545758, Alt: 11.95m
11:09:28 [POS] Lat: 47.397673, Lon: 8.545756, Alt: 11.95m
11:09:28 [POS] Lat: 47.397674, Lon: 8.545755, Alt: 11.95m
11:09:28 [POS] Lat: 47.397674, Lon: 8.545754, Alt: 11.95m
11:09:28 [POS] Lat: 47.397674, Lon: 8.545752, Alt: 11.95m
11:09:28 [POS] Lat: 47.397674, Lon: 8.545751, Alt: 11.95m
11:09:28 [POS] Lat: 47.397674, Lon: 8.545750, Alt: 11.95m
11:09:28 [POS] Lat: 47.397674, Lon: 8.545749, Alt: 11.96m
11:09:28 [POS] Lat: 47.397674, Lon: 8.545747, Alt: 11.96m
11:09:28 [POS] Lat: 47.397674, Lon: 8.545746, Alt: 11.96m
11:09:28 [POS] Lat: 47.397675, Lon: 8.545744, Alt: 11.96m
11:09:28 [POS] Lat: 47.397675, Lon: 8.545743, Alt: 11.96m
11:09:28 [POS] Lat: 47.397675, Lon: 8.545742, Alt: 11.96m
11:09:28 [POS] Lat: 47.397675, Lon: 8.545741, Alt: 11.96m
11:09:28 [POS] Lat: 47.397675, Lon: 8.545739, Alt: 11.97m
11:09:28 [POS] Lat: 47.397675, Lon: 8.545738, Alt: 11.97m
11:09:28 [POS] Lat: 47.397675, Lon: 8.545736, Alt: 11.97m
11:09:28 [POS] Lat: 47.397675, Lon: 8.545735, Alt: 11.97m
11:09:28 [POS] Lat: 47.397675, Lon: 8.545734, Alt: 11.98m
11:09:28 [POS] Lat: 47.397675, Lon: 8.545733, Alt: 11.98m
11:09:28 [POS] Lat: 47.397676, Lon: 8.545731, Alt: 11.98m
11:09:28 [POS] Lat: 47.397676, Lon: 8.545730, Alt: 11.98m
11:09:29 [POS] Lat: 47.397676, Lon: 8.545728, Alt: 11.99m
11:09:29 [POS] Lat: 47.397676, Lon: 8.545727, Alt: 11.99m
11:09:29 [POS] Lat: 47.397676, Lon: 8.545726, Alt: 11.99m
11:09:29 [POS] Lat: 47.397676, Lon: 8.545725, Alt: 12.00m
11:09:29 [POS] Lat: 47.397676, Lon: 8.545723, Alt: 12.00m
11:09:29 [POS] Lat: 47.397676, Lon: 8.545722, Alt: 12.00m
11:09:29 [POS] Lat: 47.397676, Lon: 8.545720, Alt: 12.01m
11:09:29 [POS] Lat: 47.397676, Lon: 8.545719, Alt: 12.01m
11:09:29 [POS] Lat: 47.397677, Lon: 8.545718, Alt: 12.02m
11:09:29 [POS] Lat: 47.397677, Lon: 8.545717, Alt: 12.02m
11:09:29 [POS] Lat: 47.397677, Lon: 8.545715, Alt: 12.03m
11:09:29 [POS] Lat: 47.397677, Lon: 8.545714, Alt: 12.03m
11:09:29 [POS] Lat: 47.397677, Lon: 8.545712, Alt: 12.04m
11:09:29 [POS] Lat: 47.397677, Lon: 8.545711, Alt: 12.04m
11:09:29 [POS] Lat: 47.397677, Lon: 8.545710, Alt: 12.04m
11:09:29 [POS] Lat: 47.397677, Lon: 8.545709, Alt: 12.05m
11:09:29 [POS] Lat: 47.397677, Lon: 8.545707, Alt: 12.05m
11:09:29 [POS] Lat: 47.397677, Lon: 8.545706, Alt: 12.06m
11:09:29 [POS] Lat: 47.397678, Lon: 8.545704, Alt: 12.06m
11:09:29 [POS] Lat: 47.397678, Lon: 8.545703, Alt: 12.07m
11:09:29 [POS] Lat: 47.397678, Lon: 8.545702, Alt: 12.07m
11:09:29 [POS] Lat: 47.397678, Lon: 8.545701, Alt: 12.07m
11:09:29 [POS] Lat: 47.397678, Lon: 8.545699, Alt: 12.08m
11:09:29 [POS] Lat: 47.397678, Lon: 8.545698, Alt: 12.08m
11:09:29 [POS] Lat: 47.397678, Lon: 8.545697, Alt: 12.09m
11:09:29 [POS] Lat: 47.397678, Lon: 8.545695, Alt: 12.09m
11:09:29 [POS] Lat: 47.397678, Lon: 8.545694, Alt: 12.09m
11:09:29 [POS] Lat: 47.397678, Lon: 8.545693, Alt: 12.10m
11:09:29 [POS] Lat: 47.397678, Lon: 8.545691, Alt: 12.10m
11:09:29 [POS] Lat: 47.397678, Lon: 8.545690, Alt: 12.11m
11:09:29 [POS] Lat: 47.397678, Lon: 8.545689, Alt: 12.11m
11:09:29 [POS] Lat: 47.397679, Lon: 8.545687, Alt: 12.12m
11:09:29 [POS] Lat: 47.397679, Lon: 8.545686, Alt: 12.12m
11:09:29 [POS] Lat: 47.397679, Lon: 8.545685, Alt: 12.12m
11:09:29 [POS] Lat: 47.397679, Lon: 8.545683, Alt: 12.13m
11:09:29 [POS] Lat: 47.397679, Lon: 8.545682, Alt: 12.13m
11:09:29 [POS] Lat: 47.397679, Lon: 8.545681, Alt: 12.14m
11:09:29 [POS] Lat: 47.397679, Lon: 8.545680, Alt: 12.14m
11:09:29 [POS] Lat: 47.397679, Lon: 8.545678, Alt: 12.14m
11:09:29 [POS] Lat: 47.397679, Lon: 8.545677, Alt: 12.15m
11:09:29 [POS] Lat: 47.397679, Lon: 8.545675, Alt: 12.15m
11:09:29 [POS] Lat: 47.397680, Lon: 8.545674, Alt: 12.16m
11:09:29 [POS] Lat: 47.397680, Lon: 8.545673, Alt: 12.16m
11:09:29 [POS] Lat: 47.397680, Lon: 8.545672, Alt: 12.17m
11:09:29 [POS] Lat: 47.397680, Lon: 8.545670, Alt: 12.17m
11:09:29 [POS] Lat: 47.397680, Lon: 8.545669, Alt: 12.17m
11:09:29 [BAT] Percentage: 66, Voltage: 15.30V
11:09:29 [POS] Lat: 47.397680, Lon: 8.545667, Alt: 12.18m
11:09:29 [POS] Lat: 47.397680, Lon: 8.545666, Alt: 12.18m
11:09:29 [POS] Lat: 47.397680, Lon: 8.545665, Alt: 12.19m
11:09:30 [POS] Lat: 47.397680, Lon: 8.545664, Alt: 12.19m
11:09:30 [POS] Lat: 47.397680, Lon: 8.545662, Alt: 12.20m
11:09:30 [POS] Lat: 47.397681, Lon: 8.545661, Alt: 12.20m
11:09:30 [POS] Lat: 47.397681, Lon: 8.545660, Alt: 12.21m
11:09:30 [POS] Lat: 47.397681, Lon: 8.545659, Alt: 12.21m
11:09:30 [POS] Lat: 47.397681, Lon: 8.545657, Alt: 12.22m
11:09:30 [POS] Lat: 47.397681, Lon: 8.545656, Alt: 12.22m
11:09:30 [POS] Lat: 47.397681, Lon: 8.545654, Alt: 12.22m
11:09:30 [POS] Lat: 47.397681, Lon: 8.545653, Alt: 12.23m
11:09:30 [POS] Lat: 47.397681, Lon: 8.545652, Alt: 12.23m
11:09:30 [POS] Lat: 47.397681, Lon: 8.545651, Alt: 12.23m
11:09:30 [POS] Lat: 47.397681, Lon: 8.545649, Alt: 12.24m
11:09:30 [POS] Lat: 47.397681, Lon: 8.545648, Alt: 12.24m
11:09:30 [POS] Lat: 47.397682, Lon: 8.545647, Alt: 12.24m
11:09:30 [POS] Lat: 47.397682, Lon: 8.545645, Alt: 12.24m
11:09:30 [POS] Lat: 47.397682, Lon: 8.545644, Alt: 12.25m
11:09:30 [POS] Lat: 47.397682, Lon: 8.545643, Alt: 12.25m
11:09:30 [POS] Lat: 47.397682, Lon: 8.545641, Alt: 12.25m
11:09:30 [POS] Lat: 47.397682, Lon: 8.545640, Alt: 12.25m
11:09:30 [POS] Lat: 47.397682, Lon: 8.545639, Alt: 12.25m
11:09:30 [POS] Lat: 47.397682, Lon: 8.545638, Alt: 12.26m
11:09:30 [POS] Lat: 47.397682, Lon: 8.545636, Alt: 12.26m
11:09:30 [POS] Lat: 47.397682, Lon: 8.545635, Alt: 12.26m
11:09:30 [POS] Lat: 47.397683, Lon: 8.545634, Alt: 12.27m
11:09:30 [POS] Lat: 47.397683, Lon: 8.545632, Alt: 12.27m
11:09:30 [POS] Lat: 47.397683, Lon: 8.545631, Alt: 12.27m
11:09:30 [POS] Lat: 47.397683, Lon: 8.545630, Alt: 12.28m
11:09:30 [POS] Lat: 47.397683, Lon: 8.545628, Alt: 12.28m
11:09:30 [POS] Lat: 47.397683, Lon: 8.545627, Alt: 12.29m
11:09:30 [POS] Lat: 47.397683, Lon: 8.545626, Alt: 12.29m
11:09:30 [POS] Lat: 47.397683, Lon: 8.545625, Alt: 12.29m
11:09:30 [POS] Lat: 47.397683, Lon: 8.545623, Alt: 12.30m
11:09:30 [POS] Lat: 47.397683, Lon: 8.545622, Alt: 12.30m
11:09:30 [POS] Lat: 47.397684, Lon: 8.545621, Alt: 12.31m
11:09:30 [POS] Lat: 47.397684, Lon: 8.545620, Alt: 12.31m
11:09:30 [POS] Lat: 47.397684, Lon: 8.545618, Alt: 12.32m
11:09:30 [POS] Lat: 47.397684, Lon: 8.545617, Alt: 12.32m
11:09:30 [POS] Lat: 47.397684, Lon: 8.545616, Alt: 12.33m
11:09:30 [POS] Lat: 47.397684, Lon: 8.545615, Alt: 12.33m
11:09:30 [POS] Lat: 47.397684, Lon: 8.545613, Alt: 12.34m
11:09:30 [POS] Lat: 47.397684, Lon: 8.545612, Alt: 12.34m
11:09:30 [POS] Lat: 47.397684, Lon: 8.545610, Alt: 12.35m
11:09:30 [POS] Lat: 47.397684, Lon: 8.545609, Alt: 12.35m
11:09:30 [POS] Lat: 47.397685, Lon: 8.545608, Alt: 12.36m
11:09:30 [POS] Lat: 47.397685, Lon: 8.545607, Alt: 12.36m
11:09:30 [POS] Lat: 47.397685, Lon: 8.545605, Alt: 12.37m
11:09:30 [POS] Lat: 47.397685, Lon: 8.545604, Alt: 12.37m
11:09:30 [POS] Lat: 47.397685, Lon: 8.545602, Alt: 12.38m
11:09:30 [POS] Lat: 47.397685, Lon: 8.545601, Alt: 12.38m
11:09:30 [POS] Lat: 47.397685, Lon: 8.545600, Alt: 12.39m
11:09:31 [POS] Lat: 47.397685, Lon: 8.545599, Alt: 12.39m
11:09:31 [POS] Lat: 47.397685, Lon: 8.545597, Alt: 12.40m
11:09:31 [POS] Lat: 47.397685, Lon: 8.545596, Alt: 12.40m
11:09:31 [POS] Lat: 47.397686, Lon: 8.545594, Alt: 12.40m
11:09:31 [POS] Lat: 47.397686, Lon: 8.545593, Alt: 12.41m
11:09:31 [POS] Lat: 47.397686, Lon: 8.545592, Alt: 12.41m
11:09:31 [POS] Lat: 47.397686, Lon: 8.545591, Alt: 12.42m
11:09:31 [POS] Lat: 47.397686, Lon: 8.545589, Alt: 12.42m
11:09:31 [POS] Lat: 47.397686, Lon: 8.545588, Alt: 12.42m
11:09:31 [POS] Lat: 47.397686, Lon: 8.545587, Alt: 12.43m
11:09:31 [POS] Lat: 47.397686, Lon: 8.545585, Alt: 12.43m
11:09:31 [POS] Lat: 47.397686, Lon: 8.545584, Alt: 12.44m
11:09:31 [POS] Lat: 47.397687, Lon: 8.545583, Alt: 12.44m
11:09:31 [POS] Lat: 47.397687, Lon: 8.545581, Alt: 12.45m
11:09:31 [POS] Lat: 47.397687, Lon: 8.545580, Alt: 12.45m
11:09:31 [POS] Lat: 47.397687, Lon: 8.545579, Alt: 12.45m
11:09:31 [POS] Lat: 47.397687, Lon: 8.545578, Alt: 12.46m
11:09:31 [POS] Lat: 47.397687, Lon: 8.545576, Alt: 12.46m
11:09:31 [POS] Lat: 47.397687, Lon: 8.545575, Alt: 12.46m
11:09:31 [POS] Lat: 47.397687, Lon: 8.545573, Alt: 12.47m
11:09:31 [POS] Lat: 47.397687, Lon: 8.545572, Alt: 12.47m
11:09:31 [POS] Lat: 47.397687, Lon: 8.545571, Alt: 12.47m
11:09:31 [POS] Lat: 47.397687, Lon: 8.545569, Alt: 12.47m
11:09:31 [POS] Lat: 47.397688, Lon: 8.545568, Alt: 12.48m
11:09:31 [POS] Lat: 47.397688, Lon: 8.545567, Alt: 12.48m
11:09:31 [POS] Lat: 47.397688, Lon: 8.545565, Alt: 12.48m
11:09:31 [POS] Lat: 47.397688, Lon: 8.545564, Alt: 12.48m
11:09:31 [POS] Lat: 47.397688, Lon: 8.545563, Alt: 12.49m
11:09:31 [POS] Lat: 47.397688, Lon: 8.545561, Alt: 12.49m
11:09:31 [POS] Lat: 47.397688, Lon: 8.545560, Alt: 12.49m
11:09:31 [POS] Lat: 47.397688, Lon: 8.545559, Alt: 12.50m
11:09:31 [POS] Lat: 47.397688, Lon: 8.545557, Alt: 12.50m
11:09:31 [POS] Lat: 47.397688, Lon: 8.545556, Alt: 12.50m
11:09:31 [POS] Lat: 47.397689, Lon: 8.545555, Alt: 12.51m
11:09:31 [POS] Lat: 47.397689, Lon: 8.545554, Alt: 12.51m
11:09:31 [POS] Lat: 47.397689, Lon: 8.545552, Alt: 12.51m
11:09:31 [POS] Lat: 47.397689, Lon: 8.545551, Alt: 12.51m
11:09:31 [POS] Lat: 47.397689, Lon: 8.545549, Alt: 12.52m
11:09:31 [POS] Lat: 47.397689, Lon: 8.545548, Alt: 12.52m
11:09:31 [POS] Lat: 47.397689, Lon: 8.545547, Alt: 12.52m
11:09:31 [POS] Lat: 47.397689, Lon: 8.545546, Alt: 12.52m
11:09:31 [POS] Lat: 47.397689, Lon: 8.545544, Alt: 12.52m
11:09:31 [POS] Lat: 47.397689, Lon: 8.545543, Alt: 12.52m
11:09:31 [POS] Lat: 47.397689, Lon: 8.545541, Alt: 12.53m
11:09:31 [POS] Lat: 47.397689, Lon: 8.545540, Alt: 12.53m
11:09:31 [POS] Lat: 47.397690, Lon: 8.545539, Alt: 12.53m
11:09:31 [POS] Lat: 47.397690, Lon: 8.545538, Alt: 12.53m
11:09:31 [BAT] Percentage: 66, Voltage: 15.30V
11:09:31 [POS] Lat: 47.397690, Lon: 8.545536, Alt: 12.53m
11:09:31 [POS] Lat: 47.397690, Lon: 8.545535, Alt: 12.53m
11:09:32 [POS] Lat: 47.397690, Lon: 8.545533, Alt: 12.54m
11:09:32 [POS] Lat: 47.397690, Lon: 8.545532, Alt: 12.54m
11:09:32 [POS] Lat: 47.397690, Lon: 8.545531, Alt: 12.54m
11:09:32 [POS] Lat: 47.397690, Lon: 8.545530, Alt: 12.54m
11:09:32 [POS] Lat: 47.397690, Lon: 8.545528, Alt: 12.55m
11:09:32 [POS] Lat: 47.397690, Lon: 8.545527, Alt: 12.55m
11:09:32 [POS] Lat: 47.397691, Lon: 8.545525, Alt: 12.55m
11:09:32 [POS] Lat: 47.397691, Lon: 8.545524, Alt: 12.56m
11:09:32 [POS] Lat: 47.397691, Lon: 8.545523, Alt: 12.56m
11:09:32 [POS] Lat: 47.397691, Lon: 8.545522, Alt: 12.56m
11:09:32 [POS] Lat: 47.397691, Lon: 8.545520, Alt: 12.57m
11:09:32 [POS] Lat: 47.397691, Lon: 8.545519, Alt: 12.57m
11:09:32 [POS] Lat: 47.397691, Lon: 8.545517, Alt: 12.57m
11:09:32 [POS] Lat: 47.397691, Lon: 8.545516, Alt: 12.58m
11:09:32 [POS] Lat: 47.397691, Lon: 8.545515, Alt: 12.58m
11:09:32 [POS] Lat: 47.397692, Lon: 8.545514, Alt: 12.58m
11:09:32 [POS] Lat: 47.397692, Lon: 8.545512, Alt: 12.59m
11:09:32 [POS] Lat: 47.397692, Lon: 8.545511, Alt: 12.59m
11:09:32 [POS] Lat: 47.397692, Lon: 8.545509, Alt: 12.60m
11:09:32 [POS] Lat: 47.397692, Lon: 8.545508, Alt: 12.60m
11:09:32 [POS] Lat: 47.397692, Lon: 8.545507, Alt: 12.61m
11:09:32 [POS] Lat: 47.397692, Lon: 8.545505, Alt: 12.61m
11:09:32 [POS] Lat: 47.397692, Lon: 8.545504, Alt: 12.62m
11:09:32 [POS] Lat: 47.397692, Lon: 8.545503, Alt: 12.62m
11:09:32 [POS] Lat: 47.397692, Lon: 8.545501, Alt: 12.63m
11:09:32 [POS] Lat: 47.397692, Lon: 8.545500, Alt: 12.63m
11:09:32 [POS] Lat: 47.397693, Lon: 8.545499, Alt: 12.63m
11:09:32 [POS] Lat: 47.397693, Lon: 8.545498, Alt: 12.64m
11:09:32 [POS] Lat: 47.397693, Lon: 8.545496, Alt: 12.64m
11:09:32 [POS] Lat: 47.397693, Lon: 8.545495, Alt: 12.64m
11:09:32 [POS] Lat: 47.397693, Lon: 8.545493, Alt: 12.65m
11:09:32 [POS] Lat: 47.397693, Lon: 8.545492, Alt: 12.65m
11:09:32 [POS] Lat: 47.397693, Lon: 8.545491, Alt: 12.66m
11:09:32 [POS] Lat: 47.397693, Lon: 8.545490, Alt: 12.66m
11:09:32 [POS] Lat: 47.397693, Lon: 8.545488, Alt: 12.66m
11:09:32 [POS] Lat: 47.397694, Lon: 8.545487, Alt: 12.67m
11:09:32 [POS] Lat: 47.397694, Lon: 8.545485, Alt: 12.67m
11:09:32 [POS] Lat: 47.397694, Lon: 8.545484, Alt: 12.67m
11:09:32 [POS] Lat: 47.397694, Lon: 8.545483, Alt: 12.68m
11:09:32 [POS] Lat: 47.397694, Lon: 8.545482, Alt: 12.68m
11:09:32 [POS] Lat: 47.397694, Lon: 8.545480, Alt: 12.68m
11:09:32 [POS] Lat: 47.397694, Lon: 8.545479, Alt: 12.68m
11:09:32 [POS] Lat: 47.397694, Lon: 8.545478, Alt: 12.69m
11:09:32 [POS] Lat: 47.397695, Lon: 8.545477, Alt: 12.69m
11:09:32 [POS] Lat: 47.397695, Lon: 8.545475, Alt: 12.69m
11:09:32 [POS] Lat: 47.397695, Lon: 8.545474, Alt: 12.69m
11:09:32 [POS] Lat: 47.397695, Lon: 8.545472, Alt: 12.70m
11:09:32 [POS] Lat: 47.397695, Lon: 8.545471, Alt: 12.70m
11:09:32 [POS] Lat: 47.397695, Lon: 8.545470, Alt: 12.70m
11:09:32 [POS] Lat: 47.397695, Lon: 8.545469, Alt: 12.71m
11:09:33 [POS] Lat: 47.397695, Lon: 8.545467, Alt: 12.71m
11:09:33 [POS] Lat: 47.397695, Lon: 8.545466, Alt: 12.71m
11:09:33 [POS] Lat: 47.397695, Lon: 8.545465, Alt: 12.72m
11:09:33 [POS] Lat: 47.397696, Lon: 8.545464, Alt: 12.72m
11:09:33 [POS] Lat: 47.397696, Lon: 8.545462, Alt: 12.72m
11:09:33 [POS] Lat: 47.397696, Lon: 8.545461, Alt: 12.73m
11:09:33 [POS] Lat: 47.397696, Lon: 8.545459, Alt: 12.73m
11:09:33 [POS] Lat: 47.397696, Lon: 8.545458, Alt: 12.73m
11:09:33 [POS] Lat: 47.397696, Lon: 8.545457, Alt: 12.74m
11:09:33 [POS] Lat: 47.397696, Lon: 8.545456, Alt: 12.74m
11:09:33 [POS] Lat: 47.397696, Lon: 8.545454, Alt: 12.75m
11:09:33 [POS] Lat: 47.397696, Lon: 8.545453, Alt: 12.75m
11:09:33 [POS] Lat: 47.397697, Lon: 8.545452, Alt: 12.75m
11:09:33 [POS] Lat: 47.397697, Lon: 8.545451, Alt: 12.75m
11:09:33 [POS] Lat: 47.397697, Lon: 8.545449, Alt: 12.76m
11:09:33 [POS] Lat: 47.397697, Lon: 8.545448, Alt: 12.76m
11:09:33 [POS] Lat: 47.397697, Lon: 8.545446, Alt: 12.76m
11:09:33 [POS] Lat: 47.397697, Lon: 8.545445, Alt: 12.76m
11:09:33 [POS] Lat: 47.397697, Lon: 8.545444, Alt: 12.77m
11:09:33 [POS] Lat: 47.397697, Lon: 8.545443, Alt: 12.77m
11:09:33 [POS] Lat: 47.397698, Lon: 8.545441, Alt: 12.77m
11:09:33 [POS] Lat: 47.397698, Lon: 8.545440, Alt: 12.77m
11:09:33 [POS] Lat: 47.397698, Lon: 8.545439, Alt: 12.77m
11:09:33 [POS] Lat: 47.397698, Lon: 8.545438, Alt: 12.77m
11:09:33 [POS] Lat: 47.397698, Lon: 8.545436, Alt: 12.78m
11:09:33 [POS] Lat: 47.397698, Lon: 8.545435, Alt: 12.78m
11:09:33 [POS] Lat: 47.397698, Lon: 8.545433, Alt: 12.78m
11:09:33 [POS] Lat: 47.397698, Lon: 8.545433, Alt: 12.79m
11:09:33 [POS] Lat: 47.397698, Lon: 8.545431, Alt: 12.79m
11:09:33 [POS] Lat: 47.397698, Lon: 8.545430, Alt: 12.79m
11:09:33 [POS] Lat: 47.397699, Lon: 8.545428, Alt: 12.80m
11:09:33 [POS] Lat: 47.397699, Lon: 8.545427, Alt: 12.80m
11:09:33 [POS] Lat: 47.397699, Lon: 8.545426, Alt: 12.80m
11:09:33 [POS] Lat: 47.397699, Lon: 8.545425, Alt: 12.80m
11:09:33 [POS] Lat: 47.397699, Lon: 8.545423, Alt: 12.80m
11:09:33 [POS] Lat: 47.397699, Lon: 8.545422, Alt: 12.81m
11:09:33 [POS] Lat: 47.397699, Lon: 8.545420, Alt: 12.81m
11:09:33 [POS] Lat: 47.397699, Lon: 8.545419, Alt: 12.81m
11:09:33 [POS] Lat: 47.397699, Lon: 8.545418, Alt: 12.82m
11:09:33 [POS] Lat: 47.397699, Lon: 8.545417, Alt: 12.82m
11:09:33 [POS] Lat: 47.397700, Lon: 8.545415, Alt: 12.83m
11:09:33 [POS] Lat: 47.397700, Lon: 8.545414, Alt: 12.83m
11:09:33 [POS] Lat: 47.397700, Lon: 8.545413, Alt: 12.83m
11:09:33 [POS] Lat: 47.397700, Lon: 8.545412, Alt: 12.83m
11:09:33 [POS] Lat: 47.397700, Lon: 8.545410, Alt: 12.84m
11:09:33 [POS] Lat: 47.397700, Lon: 8.545409, Alt: 12.84m
11:09:33 [POS] Lat: 47.397700, Lon: 8.545407, Alt: 12.84m
11:09:33 [POS] Lat: 47.397700, Lon: 8.545406, Alt: 12.84m
11:09:33 [BAT] Percentage: 66, Voltage: 15.30V
11:09:33 [POS] Lat: 47.397700, Lon: 8.545405, Alt: 12.84m
11:09:34 [POS] Lat: 47.397701, Lon: 8.545404, Alt: 12.85m
11:09:34 [POS] Lat: 47.397701, Lon: 8.545402, Alt: 12.85m
11:09:34 [POS] Lat: 47.397701, Lon: 8.545401, Alt: 12.85m
11:09:34 [POS] Lat: 47.397701, Lon: 8.545399, Alt: 12.85m
11:09:34 [POS] Lat: 47.397701, Lon: 8.545398, Alt: 12.85m
11:09:34 [POS] Lat: 47.397701, Lon: 8.545397, Alt: 12.86m
11:09:34 [POS] Lat: 47.397701, Lon: 8.545396, Alt: 12.86m
11:09:34 [POS] Lat: 47.397701, Lon: 8.545394, Alt: 12.86m
11:09:34 [POS] Lat: 47.397701, Lon: 8.545393, Alt: 12.87m
11:09:34 [POS] Lat: 47.397701, Lon: 8.545391, Alt: 12.87m
11:09:34 [POS] Lat: 47.397702, Lon: 8.545390, Alt: 12.87m
11:09:34 [POS] Lat: 47.397702, Lon: 8.545389, Alt: 12.87m
11:09:34 [POS] Lat: 47.397702, Lon: 8.545388, Alt: 12.88m
11:09:34 [POS] Lat: 47.397702, Lon: 8.545386, Alt: 12.88m
11:09:34 [POS] Lat: 47.397702, Lon: 8.545385, Alt: 12.88m
11:09:34 [POS] Lat: 47.397702, Lon: 8.545383, Alt: 12.89m
11:09:34 [POS] Lat: 47.397702, Lon: 8.545382, Alt: 12.89m
11:09:34 [POS] Lat: 47.397702, Lon: 8.545381, Alt: 12.89m
11:09:34 [POS] Lat: 47.397702, Lon: 8.545380, Alt: 12.89m
11:09:34 [POS] Lat: 47.397703, Lon: 8.545378, Alt: 12.90m
11:09:34 [POS] Lat: 47.397703, Lon: 8.545377, Alt: 12.90m
11:09:34 [POS] Lat: 47.397703, Lon: 8.545376, Alt: 12.91m
11:09:34 [POS] Lat: 47.397703, Lon: 8.545374, Alt: 12.91m
11:09:34 [POS] Lat: 47.397703, Lon: 8.545373, Alt: 12.92m
11:09:34 [POS] Lat: 47.397703, Lon: 8.545372, Alt: 12.92m
11:09:34 [POS] Lat: 47.397703, Lon: 8.545370, Alt: 12.93m
11:09:34 [POS] Lat: 47.397703, Lon: 8.545369, Alt: 12.93m
11:09:34 [POS] Lat: 47.397703, Lon: 8.545368, Alt: 12.93m
11:09:34 [POS] Lat: 47.397703, Lon: 8.545367, Alt: 12.94m
11:09:34 [POS] Lat: 47.397703, Lon: 8.545365, Alt: 12.94m
11:09:34 [POS] Lat: 47.397703, Lon: 8.545364, Alt: 12.94m
11:09:34 [POS] Lat: 47.397704, Lon: 8.545362, Alt: 12.95m
11:09:34 [POS] Lat: 47.397704, Lon: 8.545361, Alt: 12.95m
11:09:34 [POS] Lat: 47.397704, Lon: 8.545360, Alt: 12.96m
11:09:34 [POS] Lat: 47.397704, Lon: 8.545359, Alt: 12.96m
11:09:34 [POS] Lat: 47.397704, Lon: 8.545357, Alt: 12.96m
11:09:34 [POS] Lat: 47.397704, Lon: 8.545356, Alt: 12.97m
11:09:34 [POS] Lat: 47.397704, Lon: 8.545355, Alt: 12.97m
11:09:34 [POS] Lat: 47.397704, Lon: 8.545353, Alt: 12.97m
11:09:34 [POS] Lat: 47.397704, Lon: 8.545352, Alt: 12.98m
11:09:34 [POS] Lat: 47.397704, Lon: 8.545351, Alt: 12.98m
11:09:34 [POS] Lat: 47.397705, Lon: 8.545349, Alt: 12.98m
11:09:34 [POS] Lat: 47.397705, Lon: 8.545348, Alt: 12.99m
11:09:34 [POS] Lat: 47.397705, Lon: 8.545346, Alt: 12.99m
11:09:34 [POS] Lat: 47.397705, Lon: 8.545345, Alt: 12.99m
11:09:34 [POS] Lat: 47.397705, Lon: 8.545344, Alt: 12.99m
11:09:34 [POS] Lat: 47.397705, Lon: 8.545343, Alt: 13.00m
11:09:34 [POS] Lat: 47.397705, Lon: 8.545341, Alt: 13.00m
11:09:34 [POS] Lat: 47.397705, Lon: 8.545340, Alt: 13.00m
11:09:34 [POS] Lat: 47.397706, Lon: 8.545339, Alt: 13.00m
11:09:35 [POS] Lat: 47.397706, Lon: 8.545338, Alt: 13.00m
11:09:35 [POS] Lat: 47.397706, Lon: 8.545336, Alt: 13.01m
11:09:35 [POS] Lat: 47.397706, Lon: 8.545335, Alt: 13.01m
11:09:35 [POS] Lat: 47.397706, Lon: 8.545333, Alt: 13.01m
11:09:35 [POS] Lat: 47.397706, Lon: 8.545332, Alt: 13.01m
11:09:35 [POS] Lat: 47.397706, Lon: 8.545331, Alt: 13.01m
11:09:35 [POS] Lat: 47.397706, Lon: 8.545330, Alt: 13.02m
11:09:35 [POS] Lat: 47.397706, Lon: 8.545328, Alt: 13.02m
11:09:35 [POS] Lat: 47.397706, Lon: 8.545327, Alt: 13.02m
11:09:35 [POS] Lat: 47.397707, Lon: 8.545325, Alt: 13.02m
11:09:35 [POS] Lat: 47.397707, Lon: 8.545324, Alt: 13.02m
11:09:35 [POS] Lat: 47.397707, Lon: 8.545323, Alt: 13.03m
11:09:35 [POS] Lat: 47.397707, Lon: 8.545322, Alt: 13.03m
11:09:35 [POS] Lat: 47.397707, Lon: 8.545320, Alt: 13.03m
11:09:35 [POS] Lat: 47.397707, Lon: 8.545319, Alt: 13.03m
11:09:35 [POS] Lat: 47.397707, Lon: 8.545317, Alt: 13.03m
11:09:35 [POS] Lat: 47.397707, Lon: 8.545316, Alt: 13.04m
11:09:35 [POS] Lat: 47.397708, Lon: 8.545315, Alt: 13.04m
11:09:35 [POS] Lat: 47.397708, Lon: 8.545314, Alt: 13.04m
11:09:35 [POS] Lat: 47.397708, Lon: 8.545312, Alt: 13.04m
11:09:35 [POS] Lat: 47.397708, Lon: 8.545311, Alt: 13.05m
11:09:35 [POS] Lat: 47.397708, Lon: 8.545310, Alt: 13.05m
11:09:35 [POS] Lat: 47.397708, Lon: 8.545308, Alt: 13.05m
11:09:35 [POS] Lat: 47.397708, Lon: 8.545307, Alt: 13.05m
11:09:35 [POS] Lat: 47.397708, Lon: 8.545306, Alt: 13.05m
11:09:35 [POS] Lat: 47.397709, Lon: 8.545304, Alt: 13.06m
11:09:35 [POS] Lat: 47.397709, Lon: 8.545303, Alt: 13.06m
11:09:35 [POS] Lat: 47.397709, Lon: 8.545302, Alt: 13.06m
11:09:35 [POS] Lat: 47.397709, Lon: 8.545300, Alt: 13.06m
11:09:35 [POS] Lat: 47.397709, Lon: 8.545299, Alt: 13.07m
11:09:35 [POS] Lat: 47.397709, Lon: 8.545298, Alt: 13.07m
11:09:35 [POS] Lat: 47.397709, Lon: 8.545296, Alt: 13.07m
11:09:35 [POS] Lat: 47.397709, Lon: 8.545295, Alt: 13.08m
11:09:35 [POS] Lat: 47.397709, Lon: 8.545294, Alt: 13.08m
11:09:35 [POS] Lat: 47.397710, Lon: 8.545293, Alt: 13.08m
11:09:35 [POS] Lat: 47.397710, Lon: 8.545291, Alt: 13.08m
11:09:35 [POS] Lat: 47.397710, Lon: 8.545290, Alt: 13.09m
11:09:35 [POS] Lat: 47.397710, Lon: 8.545288, Alt: 13.09m
11:09:35 [POS] Lat: 47.397710, Lon: 8.545287, Alt: 13.10m
11:09:35 [POS] Lat: 47.397710, Lon: 8.545286, Alt: 13.10m
11:09:35 [POS] Lat: 47.397710, Lon: 8.545285, Alt: 13.10m
11:09:35 [POS] Lat: 47.397710, Lon: 8.545283, Alt: 13.11m
11:09:35 [POS] Lat: 47.397710, Lon: 8.545282, Alt: 13.11m
11:09:35 [POS] Lat: 47.397711, Lon: 8.545281, Alt: 13.12m
11:09:35 [POS] Lat: 47.397711, Lon: 8.545280, Alt: 13.12m
11:09:35 [POS] Lat: 47.397711, Lon: 8.545278, Alt: 13.13m
11:09:35 [POS] Lat: 47.397711, Lon: 8.545277, Alt: 13.13m
11:09:35 [POS] Lat: 47.397711, Lon: 8.545275, Alt: 13.14m
11:09:35 [POS] Lat: 47.397711, Lon: 8.545274, Alt: 13.14m
11:09:35 [BAT] Percentage: 66, Voltage: 15.30V
11:09:36 [POS] Lat: 47.397711, Lon: 8.545273, Alt: 13.15m
11:09:36 [POS] Lat: 47.397711, Lon: 8.545272, Alt: 13.15m
11:09:36 [POS] Lat: 47.397711, Lon: 8.545270, Alt: 13.16m
11:09:36 [POS] Lat: 47.397711, Lon: 8.545269, Alt: 13.17m
11:09:36 [POS] Lat: 47.397712, Lon: 8.545268, Alt: 13.17m
11:09:36 [POS] Lat: 47.397712, Lon: 8.545267, Alt: 13.18m
11:09:36 [POS] Lat: 47.397712, Lon: 8.545265, Alt: 13.18m
11:09:36 [POS] Lat: 47.397712, Lon: 8.545264, Alt: 13.19m
11:09:36 [POS] Lat: 47.397712, Lon: 8.545262, Alt: 13.20m
11:09:36 [POS] Lat: 47.397712, Lon: 8.545261, Alt: 13.20m
11:09:36 [POS] Lat: 47.397712, Lon: 8.545260, Alt: 13.21m
11:09:36 [POS] Lat: 47.397712, Lon: 8.545259, Alt: 13.21m
11:09:36 [POS] Lat: 47.397712, Lon: 8.545257, Alt: 13.22m
11:09:36 [POS] Lat: 47.397713, Lon: 8.545256, Alt: 13.22m
11:09:36 [POS] Lat: 47.397713, Lon: 8.545254, Alt: 13.23m
11:09:36 [POS] Lat: 47.397713, Lon: 8.545253, Alt: 13.24m
11:09:36 [POS] Lat: 47.397713, Lon: 8.545252, Alt: 13.24m
11:09:36 [POS] Lat: 47.397713, Lon: 8.545251, Alt: 13.25m
11:09:36 [POS] Lat: 47.397713, Lon: 8.545249, Alt: 13.25m
11:09:36 [POS] Lat: 47.397713, Lon: 8.545248, Alt: 13.26m
11:09:36 [POS] Lat: 47.397713, Lon: 8.545246, Alt: 13.26m
11:09:36 [POS] Lat: 47.397713, Lon: 8.545245, Alt: 13.27m
11:09:36 [POS] Lat: 47.397713, Lon: 8.545244, Alt: 13.27m
11:09:36 [POS] Lat: 47.397713, Lon: 8.545243, Alt: 13.28m
11:09:36 [POS] Lat: 47.397714, Lon: 8.545241, Alt: 13.28m
11:09:36 [POS] Lat: 47.397714, Lon: 8.545240, Alt: 13.28m
11:09:36 [POS] Lat: 47.397714, Lon: 8.545238, Alt: 13.29m
11:09:36 [POS] Lat: 47.397714, Lon: 8.545237, Alt: 13.29m
11:09:36 [POS] Lat: 47.397714, Lon: 8.545236, Alt: 13.30m
11:09:36 [POS] Lat: 47.397714, Lon: 8.545235, Alt: 13.30m
11:09:36 [POS] Lat: 47.397714, Lon: 8.545233, Alt: 13.30m
11:09:36 [POS] Lat: 47.397714, Lon: 8.545232, Alt: 13.31m
11:09:36 [POS] Lat: 47.397714, Lon: 8.545230, Alt: 13.31m
11:09:36 [POS] Lat: 47.397714, Lon: 8.545229, Alt: 13.32m
11:09:36 [POS] Lat: 47.397714, Lon: 8.545228, Alt: 13.32m
11:09:36 [POS] Lat: 47.397714, Lon: 8.545227, Alt: 13.32m
11:09:36 [POS] Lat: 47.397715, Lon: 8.545225, Alt: 13.33m
11:09:36 [POS] Lat: 47.397715, Lon: 8.545224, Alt: 13.33m
11:09:36 [POS] Lat: 47.397715, Lon: 8.545222, Alt: 13.34m
11:09:36 [POS] Lat: 47.397715, Lon: 8.545221, Alt: 13.34m
11:09:36 [POS] Lat: 47.397715, Lon: 8.545220, Alt: 13.34m
11:09:36 [POS] Lat: 47.397715, Lon: 8.545219, Alt: 13.35m
11:09:36 [POS] Lat: 47.397715, Lon: 8.545217, Alt: 13.35m
11:09:36 [POS] Lat: 47.397715, Lon: 8.545216, Alt: 13.35m
11:09:36 [POS] Lat: 47.397715, Lon: 8.545214, Alt: 13.36m
11:09:36 [POS] Lat: 47.397715, Lon: 8.545213, Alt: 13.36m
11:09:36 [POS] Lat: 47.397715, Lon: 8.545212, Alt: 13.36m
11:09:36 [POS] Lat: 47.397715, Lon: 8.545211, Alt: 13.36m
11:09:36 [POS] Lat: 47.397715, Lon: 8.545209, Alt: 13.36m
11:09:36 [POS] Lat: 47.397716, Lon: 8.545208, Alt: 13.37m
11:09:37 [POS] Lat: 47.397716, Lon: 8.545206, Alt: 13.37m
11:09:37 [POS] Lat: 47.397716, Lon: 8.545205, Alt: 13.37m
11:09:37 [POS] Lat: 47.397716, Lon: 8.545204, Alt: 13.37m
11:09:37 [POS] Lat: 47.397716, Lon: 8.545203, Alt: 13.37m
11:09:37 [POS] Lat: 47.397716, Lon: 8.545201, Alt: 13.38m
11:09:37 [POS] Lat: 47.397716, Lon: 8.545200, Alt: 13.38m
11:09:37 [POS] Lat: 47.397716, Lon: 8.545198, Alt: 13.38m
11:09:37 [POS] Lat: 47.397716, Lon: 8.545197, Alt: 13.38m
11:09:37 [POS] Lat: 47.397717, Lon: 8.545196, Alt: 13.38m
11:09:37 [POS] Lat: 47.397717, Lon: 8.545195, Alt: 13.38m
11:09:37 [POS] Lat: 47.397717, Lon: 8.545193, Alt: 13.38m
11:09:37 [POS] Lat: 47.397717, Lon: 8.545192, Alt: 13.38m
11:09:37 [POS] Lat: 47.397717, Lon: 8.545190, Alt: 13.38m
11:09:37 [POS] Lat: 47.397717, Lon: 8.545189, Alt: 13.39m
11:09:37 [POS] Lat: 47.397717, Lon: 8.545188, Alt: 13.39m
11:09:37 [POS] Lat: 47.397717, Lon: 8.545187, Alt: 13.39m
11:09:37 [POS] Lat: 47.397717, Lon: 8.545185, Alt: 13.39m
11:09:37 [POS] Lat: 47.397717, Lon: 8.545184, Alt: 13.40m
11:09:37 [POS] Lat: 47.397718, Lon: 8.545182, Alt: 13.40m
11:09:37 [POS] Lat: 47.397718, Lon: 8.545181, Alt: 13.40m
11:09:37 [POS] Lat: 47.397718, Lon: 8.545180, Alt: 13.40m
11:09:37 [POS] Lat: 47.397718, Lon: 8.545179, Alt: 13.41m
11:09:37 [POS] Lat: 47.397718, Lon: 8.545177, Alt: 13.41m
11:09:37 [POS] Lat: 47.397718, Lon: 8.545176, Alt: 13.41m
11:09:37 [POS] Lat: 47.397718, Lon: 8.545174, Alt: 13.42m
11:09:37 [POS] Lat: 47.397718, Lon: 8.545173, Alt: 13.42m
11:09:37 [POS] Lat: 47.397718, Lon: 8.545172, Alt: 13.42m
11:09:37 [POS] Lat: 47.397718, Lon: 8.545171, Alt: 13.43m
11:09:37 [POS] Lat: 47.397718, Lon: 8.545169, Alt: 13.43m
11:09:37 [POS] Lat: 47.397719, Lon: 8.545168, Alt: 13.43m
11:09:37 [POS] Lat: 47.397719, Lon: 8.545166, Alt: 13.44m
11:09:37 [POS] Lat: 47.397719, Lon: 8.545165, Alt: 13.44m
11:09:37 [POS] Lat: 47.397719, Lon: 8.545164, Alt: 13.44m
11:09:37 [POS] Lat: 47.397719, Lon: 8.545163, Alt: 13.45m
11:09:37 [POS] Lat: 47.397719, Lon: 8.545161, Alt: 13.45m
11:09:37 [POS] Lat: 47.397719, Lon: 8.545160, Alt: 13.46m
11:09:37 [POS] Lat: 47.397719, Lon: 8.545158, Alt: 13.46m
11:09:37 [POS] Lat: 47.397719, Lon: 8.545157, Alt: 13.46m
11:09:37 [POS] Lat: 47.397720, Lon: 8.545156, Alt: 13.47m
11:09:37 [POS] Lat: 47.397720, Lon: 8.545155, Alt: 13.47m
11:09:37 [POS] Lat: 47.397720, Lon: 8.545153, Alt: 13.48m
11:09:37 [POS] Lat: 47.397720, Lon: 8.545152, Alt: 13.48m
11:09:37 [POS] Lat: 47.397720, Lon: 8.545150, Alt: 13.48m
11:09:37 [POS] Lat: 47.397720, Lon: 8.545149, Alt: 13.48m
11:09:37 [POS] Lat: 47.397720, Lon: 8.545148, Alt: 13.49m
11:09:37 [POS] Lat: 47.397720, Lon: 8.545147, Alt: 13.49m
11:09:37 [POS] Lat: 47.397720, Lon: 8.545145, Alt: 13.50m
11:09:37 [POS] Lat: 47.397720, Lon: 8.545144, Alt: 13.50m
11:09:37 [POS] Lat: 47.397721, Lon: 8.545142, Alt: 13.51m
11:09:38 [POS] Lat: 47.397721, Lon: 8.545141, Alt: 13.51m
11:09:38 [BAT] Percentage: 66, Voltage: 15.30V
11:09:38 [POS] Lat: 47.397721, Lon: 8.545140, Alt: 13.51m
11:09:38 [POS] Lat: 47.397721, Lon: 8.545139, Alt: 13.51m
11:09:38 [POS] Lat: 47.397721, Lon: 8.545137, Alt: 13.52m
11:09:38 [POS] Lat: 47.397721, Lon: 8.545136, Alt: 13.52m
11:09:38 [POS] Lat: 47.397721, Lon: 8.545134, Alt: 13.52m
11:09:38 [POS] Lat: 47.397721, Lon: 8.545133, Alt: 13.53m
11:09:38 [POS] Lat: 47.397721, Lon: 8.545132, Alt: 13.53m
11:09:38 [POS] Lat: 47.397721, Lon: 8.545131, Alt: 13.53m
11:09:38 [POS] Lat: 47.397722, Lon: 8.545129, Alt: 13.54m
11:09:38 [POS] Lat: 47.397722, Lon: 8.545128, Alt: 13.54m
11:09:38 [POS] Lat: 47.397722, Lon: 8.545126, Alt: 13.54m
11:09:38 [POS] Lat: 47.397722, Lon: 8.545125, Alt: 13.54m
11:09:38 [POS] Lat: 47.397722, Lon: 8.545124, Alt: 13.55m
11:09:38 [POS] Lat: 47.397722, Lon: 8.545122, Alt: 13.55m
11:09:38 [POS] Lat: 47.397722, Lon: 8.545121, Alt: 13.55m
11:09:38 [POS] Lat: 47.397722, Lon: 8.545120, Alt: 13.55m
11:09:38 [POS] Lat: 47.397722, Lon: 8.545118, Alt: 13.56m
11:09:38 [POS] Lat: 47.397723, Lon: 8.545117, Alt: 13.56m
11:09:38 [POS] Lat: 47.397723, Lon: 8.545115, Alt: 13.56m
11:09:38 [POS] Lat: 47.397723, Lon: 8.545115, Alt: 13.56m
11:09:38 [POS] Lat: 47.397723, Lon: 8.545113, Alt: 13.56m
11:09:38 [POS] Lat: 47.397723, Lon: 8.545112, Alt: 13.56m
11:09:38 [POS] Lat: 47.397723, Lon: 8.545110, Alt: 13.56m
11:09:38 [POS] Lat: 47.397723, Lon: 8.545109, Alt: 13.56m
11:09:38 [POS] Lat: 47.397723, Lon: 8.545108, Alt: 13.57m
11:09:38 [POS] Lat: 47.397723, Lon: 8.545107, Alt: 13.57m
11:09:38 [POS] Lat: 47.397723, Lon: 8.545105, Alt: 13.57m
11:09:38 [POS] Lat: 47.397723, Lon: 8.545104, Alt: 13.57m
11:09:38 [POS] Lat: 47.397723, Lon: 8.545102, Alt: 13.58m
11:09:38 [POS] Lat: 47.397724, Lon: 8.545101, Alt: 13.58m
11:09:38 [POS] Lat: 47.397724, Lon: 8.545100, Alt: 13.58m
11:09:38 [POS] Lat: 47.397724, Lon: 8.545099, Alt: 13.58m
11:09:38 [POS] Lat: 47.397724, Lon: 8.545097, Alt: 13.59m
11:09:38 [POS] Lat: 47.397724, Lon: 8.545096, Alt: 13.59m
11:09:38 [POS] Lat: 47.397724, Lon: 8.545094, Alt: 13.60m
11:09:38 [POS] Lat: 47.397724, Lon: 8.545093, Alt: 13.60m
11:09:38 [POS] Lat: 47.397724, Lon: 8.545092, Alt: 13.60m
11:09:38 [POS] Lat: 47.397724, Lon: 8.545091, Alt: 13.60m
11:09:38 [POS] Lat: 47.397724, Lon: 8.545089, Alt: 13.61m
11:09:38 [POS] Lat: 47.397724, Lon: 8.545088, Alt: 13.61m
11:09:38 [POS] Lat: 47.397724, Lon: 8.545086, Alt: 13.61m
11:09:38 [POS] Lat: 47.397725, Lon: 8.545085, Alt: 13.62m
11:09:38 [POS] Lat: 47.397725, Lon: 8.545084, Alt: 13.62m
11:09:38 [POS] Lat: 47.397725, Lon: 8.545083, Alt: 13.62m
11:09:38 [POS] Lat: 47.397725, Lon: 8.545081, Alt: 13.63m
11:09:38 [POS] Lat: 47.397725, Lon: 8.545080, Alt: 13.63m
11:09:38 [POS] Lat: 47.397725, Lon: 8.545078, Alt: 13.63m
11:09:38 [POS] Lat: 47.397725, Lon: 8.545077, Alt: 13.64m
11:09:38 [POS] Lat: 47.397725, Lon: 8.545076, Alt: 13.64m
11:09:39 [POS] Lat: 47.397725, Lon: 8.545075, Alt: 13.64m
11:09:39 [POS] Lat: 47.397725, Lon: 8.545073, Alt: 13.65m
11:09:39 [POS] Lat: 47.397725, Lon: 8.545072, Alt: 13.65m
11:09:39 [POS] Lat: 47.397725, Lon: 8.545070, Alt: 13.66m
11:09:39 [POS] Lat: 47.397726, Lon: 8.545069, Alt: 13.66m
11:09:39 [POS] Lat: 47.397726, Lon: 8.545068, Alt: 13.67m
11:09:39 [POS] Lat: 47.397726, Lon: 8.545067, Alt: 13.67m
11:09:39 [POS] Lat: 47.397726, Lon: 8.545065, Alt: 13.67m
11:09:39 [POS] Lat: 47.397726, Lon: 8.545064, Alt: 13.68m
11:09:39 [POS] Lat: 47.397726, Lon: 8.545063, Alt: 13.68m
11:09:39 [POS] Lat: 47.397726, Lon: 8.545061, Alt: 13.69m
11:09:39 [POS] Lat: 47.397726, Lon: 8.545060, Alt: 13.69m
11:09:39 [POS] Lat: 47.397726, Lon: 8.545059, Alt: 13.69m
11:09:39 [POS] Lat: 47.397726, Lon: 8.545057, Alt: 13.70m
11:09:39 [POS] Lat: 47.397727, Lon: 8.545056, Alt: 13.70m
11:09:39 [POS] Lat: 47.397727, Lon: 8.545055, Alt: 13.71m
11:09:39 [POS] Lat: 47.397727, Lon: 8.545054, Alt: 13.71m
11:09:39 [POS] Lat: 47.397727, Lon: 8.545052, Alt: 13.71m
11:09:39 [POS] Lat: 47.397727, Lon: 8.545051, Alt: 13.72m
11:09:39 [POS] Lat: 47.397727, Lon: 8.545049, Alt: 13.72m
11:09:39 [POS] Lat: 47.397727, Lon: 8.545048, Alt: 13.72m
11:09:39 [POS] Lat: 47.397727, Lon: 8.545047, Alt: 13.73m
11:09:39 [POS] Lat: 47.397727, Lon: 8.545046, Alt: 13.73m
11:09:39 [POS] Lat: 47.397727, Lon: 8.545044, Alt: 13.74m
11:09:39 [POS] Lat: 47.397728, Lon: 8.545043, Alt: 13.74m
11:09:39 [POS] Lat: 47.397728, Lon: 8.545042, Alt: 13.74m
11:09:39 [POS] Lat: 47.397728, Lon: 8.545041, Alt: 13.74m
11:09:39 [POS] Lat: 47.397728, Lon: 8.545039, Alt: 13.75m
11:09:39 [POS] Lat: 47.397728, Lon: 8.545038, Alt: 13.75m
11:09:39 [POS] Lat: 47.397728, Lon: 8.545037, Alt: 13.76m
11:09:39 [POS] Lat: 47.397728, Lon: 8.545035, Alt: 13.76m
11:09:39 [POS] Lat: 47.397728, Lon: 8.545034, Alt: 13.76m
11:09:39 [POS] Lat: 47.397728, Lon: 8.545033, Alt: 13.76m
11:09:39 [POS] Lat: 47.397728, Lon: 8.545031, Alt: 13.77m
11:09:39 [POS] Lat: 47.397728, Lon: 8.545030, Alt: 13.77m
11:09:39 [POS] Lat: 47.397729, Lon: 8.545029, Alt: 13.78m
11:09:39 [POS] Lat: 47.397729, Lon: 8.545028, Alt: 13.78m
11:09:39 [POS] Lat: 47.397729, Lon: 8.545026, Alt: 13.79m
11:09:39 [POS] Lat: 47.397729, Lon: 8.545025, Alt: 13.79m
11:09:39 [POS] Lat: 47.397729, Lon: 8.545024, Alt: 13.80m
11:09:39 [POS] Lat: 47.397729, Lon: 8.545022, Alt: 13.80m
11:09:39 [POS] Lat: 47.397729, Lon: 8.545021, Alt: 13.81m
11:09:39 [POS] Lat: 47.397729, Lon: 8.545020, Alt: 13.81m
11:09:39 [POS] Lat: 47.397729, Lon: 8.545018, Alt: 13.81m
11:09:39 [POS] Lat: 47.397729, Lon: 8.545017, Alt: 13.82m
11:09:39 [POS] Lat: 47.397730, Lon: 8.545016, Alt: 13.82m
11:09:39 [POS] Lat: 47.397730, Lon: 8.545015, Alt: 13.83m
11:09:39 [POS] Lat: 47.397730, Lon: 8.545013, Alt: 13.83m
11:09:39 [POS] Lat: 47.397730, Lon: 8.545012, Alt: 13.84m
11:09:40 [POS] Lat: 47.397730, Lon: 8.545011, Alt: 13.84m
11:09:40 [POS] Lat: 47.397730, Lon: 8.545009, Alt: 13.84m
11:09:40 [BAT] Percentage: 66, Voltage: 15.30V
11:09:40 [POS] Lat: 47.397730, Lon: 8.545008, Alt: 13.85m
11:09:40 [POS] Lat: 47.397730, Lon: 8.545007, Alt: 13.85m
11:09:40 [POS] Lat: 47.397730, Lon: 8.545005, Alt: 13.85m
11:09:40 [POS] Lat: 47.397730, Lon: 8.545004, Alt: 13.85m
11:09:40 [POS] Lat: 47.397731, Lon: 8.545003, Alt: 13.86m
11:09:40 [POS] Lat: 47.397731, Lon: 8.545002, Alt: 13.86m
11:09:40 [POS] Lat: 47.397731, Lon: 8.545000, Alt: 13.86m
11:09:40 [POS] Lat: 47.397731, Lon: 8.544999, Alt: 13.86m
11:09:40 [POS] Lat: 47.397731, Lon: 8.544997, Alt: 13.86m
11:09:40 [POS] Lat: 47.397731, Lon: 8.544996, Alt: 13.86m
11:09:40 [POS] Lat: 47.397731, Lon: 8.544995, Alt: 13.86m
11:09:40 [POS] Lat: 47.397731, Lon: 8.544994, Alt: 13.87m
11:09:40 [POS] Lat: 47.397732, Lon: 8.544992, Alt: 13.87m
11:09:40 [POS] Lat: 47.397732, Lon: 8.544991, Alt: 13.87m
11:09:40 [POS] Lat: 47.397732, Lon: 8.544989, Alt: 13.87m
11:09:40 [POS] Lat: 47.397732, Lon: 8.544988, Alt: 13.88m
11:09:40 [POS] Lat: 47.397732, Lon: 8.544987, Alt: 13.88m
11:09:40 [POS] Lat: 47.397732, Lon: 8.544986, Alt: 13.88m
11:09:40 [POS] Lat: 47.397732, Lon: 8.544984, Alt: 13.88m
11:09:40 [POS] Lat: 47.397732, Lon: 8.544983, Alt: 13.89m
11:09:40 [POS] Lat: 47.397733, Lon: 8.544981, Alt: 13.89m
11:09:40 [POS] Lat: 47.397733, Lon: 8.544980, Alt: 13.89m
11:09:40 [POS] Lat: 47.397733, Lon: 8.544979, Alt: 13.89m
11:09:40 [POS] Lat: 47.397733, Lon: 8.544978, Alt: 13.89m
11:09:40 [POS] Lat: 47.397733, Lon: 8.544976, Alt: 13.90m
11:09:40 [POS] Lat: 47.397733, Lon: 8.544975, Alt: 13.90m
11:09:40 [POS] Lat: 47.397734, Lon: 8.544973, Alt: 13.90m
11:09:40 [POS] Lat: 47.397734, Lon: 8.544972, Alt: 13.90m
11:09:40 [POS] Lat: 47.397734, Lon: 8.544971, Alt: 13.91m
11:09:40 [POS] Lat: 47.397734, Lon: 8.544970, Alt: 13.91m
11:09:40 [POS] Lat: 47.397734, Lon: 8.544968, Alt: 13.91m
11:09:40 [POS] Lat: 47.397734, Lon: 8.544967, Alt: 13.91m
11:09:40 [POS] Lat: 47.397734, Lon: 8.544965, Alt: 13.91m
11:09:40 [POS] Lat: 47.397734, Lon: 8.544964, Alt: 13.91m
11:09:40 [POS] Lat: 47.397734, Lon: 8.544963, Alt: 13.92m
11:09:40 [POS] Lat: 47.397734, Lon: 8.544962, Alt: 13.92m
11:09:40 [POS] Lat: 47.397735, Lon: 8.544960, Alt: 13.92m
11:09:40 [POS] Lat: 47.397735, Lon: 8.544959, Alt: 13.92m
11:09:40 [POS] Lat: 47.397735, Lon: 8.544957, Alt: 13.92m
11:09:40 [POS] Lat: 47.397735, Lon: 8.544956, Alt: 13.93m
11:09:40 [POS] Lat: 47.397735, Lon: 8.544955, Alt: 13.93m
11:09:40 [POS] Lat: 47.397735, Lon: 8.544954, Alt: 13.93m
11:09:40 [POS] Lat: 47.397735, Lon: 8.544952, Alt: 13.93m
11:09:40 [POS] Lat: 47.397735, Lon: 8.544951, Alt: 13.93m
11:09:40 [POS] Lat: 47.397735, Lon: 8.544949, Alt: 13.94m
11:09:40 [POS] Lat: 47.397736, Lon: 8.544948, Alt: 13.94m
11:09:40 [POS] Lat: 47.397736, Lon: 8.544947, Alt: 13.94m
11:09:41 [POS] Lat: 47.397736, Lon: 8.544946, Alt: 13.94m
11:09:41 [POS] Lat: 47.397736, Lon: 8.544944, Alt: 13.95m
11:09:41 [POS] Lat: 47.397736, Lon: 8.544943, Alt: 13.95m
11:09:41 [POS] Lat: 47.397736, Lon: 8.544942, Alt: 13.95m
11:09:41 [POS] Lat: 47.397736, Lon: 8.544940, Alt: 13.95m
11:09:41 [POS] Lat: 47.397736, Lon: 8.544939, Alt: 13.95m
11:09:41 [POS] Lat: 47.397736, Lon: 8.544938, Alt: 13.95m
11:09:41 [POS] Lat: 47.397736, Lon: 8.544936, Alt: 13.95m
11:09:41 [POS] Lat: 47.397736, Lon: 8.544935, Alt: 13.96m
11:09:41 [POS] Lat: 47.397737, Lon: 8.544934, Alt: 13.96m
11:09:41 [POS] Lat: 47.397737, Lon: 8.544933, Alt: 13.96m
11:09:41 [POS] Lat: 47.397737, Lon: 8.544931, Alt: 13.96m
11:09:41 [POS] Lat: 47.397737, Lon: 8.544930, Alt: 13.96m
11:09:41 [POS] Lat: 47.397737, Lon: 8.544928, Alt: 13.96m
11:09:41 [POS] Lat: 47.397737, Lon: 8.544927, Alt: 13.96m
11:09:41 [POS] Lat: 47.397737, Lon: 8.544926, Alt: 13.96m
11:09:41 [POS] Lat: 47.397737, Lon: 8.544925, Alt: 13.96m
11:09:41 [POS] Lat: 47.397737, Lon: 8.544923, Alt: 13.97m
11:09:41 [POS] Lat: 47.397737, Lon: 8.544922, Alt: 13.97m
11:09:41 [POS] Lat: 47.397737, Lon: 8.544920, Alt: 13.97m
11:09:41 [POS] Lat: 47.397737, Lon: 8.544919, Alt: 13.97m
11:09:41 [POS] Lat: 47.397738, Lon: 8.544918, Alt: 13.98m
11:09:41 [POS] Lat: 47.397738, Lon: 8.544917, Alt: 13.98m
11:09:41 [POS] Lat: 47.397738, Lon: 8.544915, Alt: 13.98m
11:09:41 [POS] Lat: 47.397738, Lon: 8.544914, Alt: 13.98m
11:09:41 [POS] Lat: 47.397738, Lon: 8.544912, Alt: 13.99m
11:09:41 [POS] Lat: 47.397738, Lon: 8.544911, Alt: 13.99m
11:09:41 [POS] Lat: 47.397738, Lon: 8.544910, Alt: 13.99m
11:09:41 [POS] Lat: 47.397738, Lon: 8.544909, Alt: 14.00m
11:09:41 [POS] Lat: 47.397738, Lon: 8.544907, Alt: 14.00m
11:09:41 [POS] Lat: 47.397738, Lon: 8.544906, Alt: 14.00m
11:09:41 [POS] Lat: 47.397738, Lon: 8.544904, Alt: 14.00m
11:09:41 [POS] Lat: 47.397739, Lon: 8.544903, Alt: 14.01m
11:09:41 [POS] Lat: 47.397739, Lon: 8.544902, Alt: 14.01m
11:09:41 [POS] Lat: 47.397739, Lon: 8.544901, Alt: 14.01m
11:09:41 [POS] Lat: 47.397739, Lon: 8.544899, Alt: 14.01m
11:09:41 [POS] Lat: 47.397739, Lon: 8.544898, Alt: 14.02m
11:09:41 [POS] Lat: 47.397739, Lon: 8.544897, Alt: 14.02m
11:09:41 [POS] Lat: 47.397739, Lon: 8.544895, Alt: 14.02m
11:09:41 [POS] Lat: 47.397739, Lon: 8.544894, Alt: 14.03m
11:09:41 [POS] Lat: 47.397739, Lon: 8.544893, Alt: 14.03m
11:09:41 [POS] Lat: 47.397739, Lon: 8.544891, Alt: 14.03m
11:09:41 [POS] Lat: 47.397740, Lon: 8.544890, Alt: 14.03m
11:09:41 [POS] Lat: 47.397740, Lon: 8.544889, Alt: 14.04m
11:09:41 [POS] Lat: 47.397740, Lon: 8.544888, Alt: 14.04m
11:09:41 [POS] Lat: 47.397740, Lon: 8.544886, Alt: 14.04m
11:09:41 [POS] Lat: 47.397740, Lon: 8.544885, Alt: 14.04m
11:09:41 [POS] Lat: 47.397740, Lon: 8.544884, Alt: 14.05m
11:09:41 [POS] Lat: 47.397740, Lon: 8.544882, Alt: 14.05m
11:09:41 [POS] Lat: 47.397740, Lon: 8.544881, Alt: 14.05m
11:09:42 [POS] Lat: 47.397740, Lon: 8.544880, Alt: 14.06m
11:09:42 [POS] Lat: 47.397740, Lon: 8.544878, Alt: 14.06m
11:09:42 [POS] Lat: 47.397740, Lon: 8.544877, Alt: 14.06m
11:09:42 [BAT] Percentage: 66, Voltage: 15.30V
11:09:42 [POS] Lat: 47.397741, Lon: 8.544876, Alt: 14.07m
11:09:42 [POS] Lat: 47.397741, Lon: 8.544875, Alt: 14.07m
11:09:42 [POS] Lat: 47.397741, Lon: 8.544873, Alt: 14.08m
11:09:42 [POS] Lat: 47.397741, Lon: 8.544872, Alt: 14.08m
11:09:42 [POS] Lat: 47.397741, Lon: 8.544871, Alt: 14.08m
11:09:42 [POS] Lat: 47.397741, Lon: 8.544869, Alt: 14.09m
11:09:42 [POS] Lat: 47.397741, Lon: 8.544868, Alt: 14.09m
11:09:42 [POS] Lat: 47.397741, Lon: 8.544867, Alt: 14.09m
11:09:42 [POS] Lat: 47.397741, Lon: 8.544865, Alt: 14.10m
11:09:42 [POS] Lat: 47.397741, Lon: 8.544864, Alt: 14.10m
11:09:42 [POS] Lat: 47.397741, Lon: 8.544863, Alt: 14.10m
11:09:42 [POS] Lat: 47.397741, Lon: 8.544862, Alt: 14.11m
11:09:42 [POS] Lat: 47.397742, Lon: 8.544860, Alt: 14.11m
11:09:42 [POS] Lat: 47.397742, Lon: 8.544859, Alt: 14.11m
11:09:42 [POS] Lat: 47.397742, Lon: 8.544857, Alt: 14.12m
11:09:42 [POS] Lat: 47.397742, Lon: 8.544856, Alt: 14.12m
11:09:42 [POS] Lat: 47.397742, Lon: 8.544855, Alt: 14.13m
11:09:42 [POS] Lat: 47.397742, Lon: 8.544854, Alt: 14.13m
11:09:42 [POS] Lat: 47.397742, Lon: 8.544852, Alt: 14.13m
11:09:42 [POS] Lat: 47.397742, Lon: 8.544851, Alt: 14.14m
11:09:42 [POS] Lat: 47.397742, Lon: 8.544849, Alt: 14.14m
11:09:42 [POS] Lat: 47.397742, Lon: 8.544848, Alt: 14.14m
11:09:42 [POS] Lat: 47.397743, Lon: 8.544847, Alt: 14.15m
11:09:42 [POS] Lat: 47.397743, Lon: 8.544846, Alt: 14.15m
11:09:42 [POS] Lat: 47.397743, Lon: 8.544844, Alt: 14.16m
11:09:42 [POS] Lat: 47.397743, Lon: 8.544843, Alt: 14.16m
11:09:42 [POS] Lat: 47.397743, Lon: 8.544842, Alt: 14.16m
11:09:42 [POS] Lat: 47.397743, Lon: 8.544840, Alt: 14.17m
11:09:42 [POS] Lat: 47.397743, Lon: 8.544839, Alt: 14.17m
11:09:42 [POS] Lat: 47.397743, Lon: 8.544838, Alt: 14.17m
11:09:42 [POS] Lat: 47.397743, Lon: 8.544836, Alt: 14.18m
11:09:42 [POS] Lat: 47.397743, Lon: 8.544835, Alt: 14.18m
11:09:42 [POS] Lat: 47.397744, Lon: 8.544834, Alt: 14.18m
11:09:42 [POS] Lat: 47.397744, Lon: 8.544833, Alt: 14.18m
11:09:42 [POS] Lat: 47.397744, Lon: 8.544831, Alt: 14.18m
11:09:42 [POS] Lat: 47.397744, Lon: 8.544830, Alt: 14.18m
11:09:42 [POS] Lat: 47.397744, Lon: 8.544828, Alt: 14.18m
11:09:42 [POS] Lat: 47.397744, Lon: 8.544827, Alt: 14.19m
11:09:42 [POS] Lat: 47.397744, Lon: 8.544826, Alt: 14.19m
11:09:42 [POS] Lat: 47.397744, Lon: 8.544825, Alt: 14.19m
11:09:42 [POS] Lat: 47.397744, Lon: 8.544823, Alt: 14.19m
11:09:42 [POS] Lat: 47.397745, Lon: 8.544822, Alt: 14.20m
11:09:42 [POS] Lat: 47.397745, Lon: 8.544820, Alt: 14.20m
11:09:42 [POS] Lat: 47.397745, Lon: 8.544819, Alt: 14.20m
11:09:42 [POS] Lat: 47.397745, Lon: 8.544818, Alt: 14.20m
11:09:42 [POS] Lat: 47.397745, Lon: 8.544817, Alt: 14.21m
11:09:43 [POS] Lat: 47.397745, Lon: 8.544815, Alt: 14.21m
11:09:43 [POS] Lat: 47.397745, Lon: 8.544814, Alt: 14.21m
11:09:43 [POS] Lat: 47.397745, Lon: 8.544812, Alt: 14.22m
11:09:43 [POS] Lat: 47.397745, Lon: 8.544811, Alt: 14.22m
11:09:43 [POS] Lat: 47.397745, Lon: 8.544810, Alt: 14.23m
11:09:43 [POS] Lat: 47.397745, Lon: 8.544809, Alt: 14.23m
11:09:43 [POS] Lat: 47.397746, Lon: 8.544807, Alt: 14.24m
11:09:43 [POS] Lat: 47.397746, Lon: 8.544806, Alt: 14.24m
11:09:43 [POS] Lat: 47.397746, Lon: 8.544805, Alt: 14.24m
11:09:43 [POS] Lat: 47.397746, Lon: 8.544804, Alt: 14.25m
11:09:43 [POS] Lat: 47.397746, Lon: 8.544802, Alt: 14.25m
11:09:43 [POS] Lat: 47.397746, Lon: 8.544801, Alt: 14.26m
11:09:43 [POS] Lat: 47.397746, Lon: 8.544799, Alt: 14.26m
11:09:43 [POS] Lat: 47.397746, Lon: 8.544798, Alt: 14.27m
11:09:43 [POS] Lat: 47.397747, Lon: 8.544797, Alt: 14.27m
11:09:43 [POS] Lat: 47.397747, Lon: 8.544796, Alt: 14.27m
11:09:43 [POS] Lat: 47.397747, Lon: 8.544794, Alt: 14.28m
11:09:43 [POS] Lat: 47.397747, Lon: 8.544793, Alt: 14.28m
11:09:43 [POS] Lat: 47.397747, Lon: 8.544792, Alt: 14.29m
11:09:43 [POS] Lat: 47.397747, Lon: 8.544791, Alt: 14.29m
11:09:43 [POS] Lat: 47.397747, Lon: 8.544789, Alt: 14.29m
11:09:43 [POS] Lat: 47.397747, Lon: 8.544788, Alt: 14.29m
11:09:43 [POS] Lat: 47.397748, Lon: 8.544786, Alt: 14.30m
11:09:43 [POS] Lat: 47.397748, Lon: 8.544785, Alt: 14.30m
11:09:43 [POS] Lat: 47.397748, Lon: 8.544784, Alt: 14.30m
11:09:43 [POS] Lat: 47.397748, Lon: 8.544783, Alt: 14.30m
11:09:43 [POS] Lat: 47.397748, Lon: 8.544781, Alt: 14.31m
11:09:43 [POS] Lat: 47.397748, Lon: 8.544780, Alt: 14.31m
11:09:43 [POS] Lat: 47.397748, Lon: 8.544779, Alt: 14.31m
11:09:43 [POS] Lat: 47.397748, Lon: 8.544778, Alt: 14.31m
11:09:43 [POS] Lat: 47.397749, Lon: 8.544776, Alt: 14.31m
11:09:43 [POS] Lat: 47.397749, Lon: 8.544775, Alt: 14.31m
11:09:43 [POS] Lat: 47.397749, Lon: 8.544773, Alt: 14.31m
11:09:43 [POS] Lat: 47.397749, Lon: 8.544772, Alt: 14.31m
11:09:43 [POS] Lat: 47.397749, Lon: 8.544771, Alt: 14.31m
11:09:43 [POS] Lat: 47.397749, Lon: 8.544770, Alt: 14.32m
11:09:43 [POS] Lat: 47.397749, Lon: 8.544768, Alt: 14.32m
11:09:43 [POS] Lat: 47.397749, Lon: 8.544767, Alt: 14.32m
11:09:43 [POS] Lat: 47.397750, Lon: 8.544766, Alt: 14.32m
11:09:43 [POS] Lat: 47.397750, Lon: 8.544764, Alt: 14.32m
11:09:43 [POS] Lat: 47.397750, Lon: 8.544763, Alt: 14.32m
11:09:43 [POS] Lat: 47.397750, Lon: 8.544762, Alt: 14.33m
11:09:43 [POS] Lat: 47.397750, Lon: 8.544760, Alt: 14.33m
11:09:43 [POS] Lat: 47.397750, Lon: 8.544759, Alt: 14.33m
11:09:43 [POS] Lat: 47.397750, Lon: 8.544757, Alt: 14.34m
11:09:43 [POS] Lat: 47.397751, Lon: 8.544756, Alt: 14.34m
11:09:43 [POS] Lat: 47.397751, Lon: 8.544755, Alt: 14.35m
11:09:43 [POS] Lat: 47.397751, Lon: 8.544754, Alt: 14.35m
11:09:43 [POS] Lat: 47.397751, Lon: 8.544752, Alt: 14.35m
11:09:43 [POS] Lat: 47.397751, Lon: 8.544751, Alt: 14.36m
11:09:44 [POS] Lat: 47.397751, Lon: 8.544749, Alt: 14.36m
11:09:44 [POS] Lat: 47.397751, Lon: 8.544748, Alt: 14.37m
11:09:44 [POS] Lat: 47.397751, Lon: 8.544747, Alt: 14.37m
11:09:44 [POS] Lat: 47.397751, Lon: 8.544746, Alt: 14.37m
11:09:44 [BAT] Percentage: 66, Voltage: 15.30V
11:09:44 [POS] Lat: 47.397751, Lon: 8.544744, Alt: 14.38m
11:09:44 [POS] Lat: 47.397751, Lon: 8.544743, Alt: 14.38m
11:09:44 [POS] Lat: 47.397752, Lon: 8.544741, Alt: 14.39m
11:09:44 [POS] Lat: 47.397752, Lon: 8.544740, Alt: 14.39m
11:09:44 [POS] Lat: 47.397752, Lon: 8.544738, Alt: 14.40m
11:09:44 [POS] Lat: 47.397752, Lon: 8.544738, Alt: 14.40m
11:09:44 [POS] Lat: 47.397752, Lon: 8.544736, Alt: 14.41m
11:09:44 [POS] Lat: 47.397752, Lon: 8.544735, Alt: 14.41m
11:09:44 [POS] Lat: 47.397752, Lon: 8.544733, Alt: 14.42m
11:09:44 [POS] Lat: 47.397752, Lon: 8.544732, Alt: 14.42m
11:09:44 [POS] Lat: 47.397752, Lon: 8.544731, Alt: 14.43m
11:09:44 [POS] Lat: 47.397752, Lon: 8.544729, Alt: 14.43m
11:09:44 [POS] Lat: 47.397753, Lon: 8.544728, Alt: 14.43m
11:09:44 [POS] Lat: 47.397753, Lon: 8.544727, Alt: 14.44m
11:09:44 [POS] Lat: 47.397753, Lon: 8.544725, Alt: 14.44m
11:09:44 [POS] Lat: 47.397753, Lon: 8.544724, Alt: 14.44m
11:09:44 [POS] Lat: 47.397753, Lon: 8.544722, Alt: 14.45m
11:09:44 [POS] Lat: 47.397753, Lon: 8.544721, Alt: 14.45m
11:09:44 [POS] Lat: 47.397753, Lon: 8.544720, Alt: 14.45m
11:09:44 [POS] Lat: 47.397753, Lon: 8.544719, Alt: 14.45m
11:09:44 [POS] Lat: 47.397753, Lon: 8.544717, Alt: 14.46m
11:09:44 [POS] Lat: 47.397753, Lon: 8.544716, Alt: 14.46m
11:09:44 [POS] Lat: 47.397754, Lon: 8.544714, Alt: 14.46m
11:09:44 [POS] Lat: 47.397754, Lon: 8.544713, Alt: 14.47m
11:09:44 [POS] Lat: 47.397754, Lon: 8.544712, Alt: 14.47m
11:09:44 [POS] Lat: 47.397754, Lon: 8.544711, Alt: 14.47m
11:09:44 [POS] Lat: 47.397754, Lon: 8.544709, Alt: 14.47m
11:09:44 [POS] Lat: 47.397754, Lon: 8.544708, Alt: 14.48m
11:09:44 [POS] Lat: 47.397754, Lon: 8.544706, Alt: 14.48m
11:09:44 [POS] Lat: 47.397754, Lon: 8.544705, Alt: 14.48m
11:09:44 [POS] Lat: 47.397754, Lon: 8.544704, Alt: 14.49m
11:09:44 [POS] Lat: 47.397754, Lon: 8.544703, Alt: 14.49m
11:09:44 [POS] Lat: 47.397754, Lon: 8.544701, Alt: 14.49m
11:09:44 [POS] Lat: 47.397754, Lon: 8.544700, Alt: 14.50m
11:09:44 [POS] Lat: 47.397755, Lon: 8.544698, Alt: 14.50m
11:09:44 [POS] Lat: 47.397755, Lon: 8.544697, Alt: 14.50m
11:09:44 [POS] Lat: 47.397755, Lon: 8.544696, Alt: 14.51m
11:09:44 [POS] Lat: 47.397755, Lon: 8.544695, Alt: 14.51m
11:09:44 [POS] Lat: 47.397755, Lon: 8.544693, Alt: 14.51m
11:09:44 [POS] Lat: 47.397755, Lon: 8.544692, Alt: 14.51m
11:09:44 [POS] Lat: 47.397755, Lon: 8.544690, Alt: 14.52m
11:09:44 [POS] Lat: 47.397755, Lon: 8.544689, Alt: 14.52m
11:09:44 [POS] Lat: 47.397755, Lon: 8.544688, Alt: 14.52m
11:09:44 [POS] Lat: 47.397755, Lon: 8.544687, Alt: 14.52m
11:09:44 [POS] Lat: 47.397756, Lon: 8.544685, Alt: 14.52m
11:09:45 [POS] Lat: 47.397756, Lon: 8.544684, Alt: 14.53m
11:09:45 [POS] Lat: 47.397756, Lon: 8.544682, Alt: 14.53m
11:09:45 [POS] Lat: 47.397756, Lon: 8.544681, Alt: 14.53m
11:09:45 [POS] Lat: 47.397756, Lon: 8.544680, Alt: 14.54m
11:09:45 [POS] Lat: 47.397756, Lon: 8.544679, Alt: 14.54m
11:09:45 [POS] Lat: 47.397756, Lon: 8.544677, Alt: 14.54m
11:09:45 [POS] Lat: 47.397756, Lon: 8.544676, Alt: 14.55m
11:09:45 [POS] Lat: 47.397756, Lon: 8.544674, Alt: 14.55m
11:09:45 [POS] Lat: 47.397756, Lon: 8.544674, Alt: 14.55m
11:09:45 [POS] Lat: 47.397757, Lon: 8.544672, Alt: 14.56m
11:09:45 [POS] Lat: 47.397757, Lon: 8.544671, Alt: 14.56m
11:09:45 [POS] Lat: 47.397757, Lon: 8.544669, Alt: 14.56m
11:09:45 [POS] Lat: 47.397757, Lon: 8.544668, Alt: 14.57m
11:09:45 [POS] Lat: 47.397757, Lon: 8.544667, Alt: 14.57m
11:09:45 [POS] Lat: 47.397757, Lon: 8.544666, Alt: 14.57m
11:09:45 [POS] Lat: 47.397757, Lon: 8.544664, Alt: 14.58m
11:09:45 [POS] Lat: 47.397757, Lon: 8.544663, Alt: 14.58m
11:09:45 [POS] Lat: 47.397757, Lon: 8.544662, Alt: 14.58m
11:09:45 [POS] Lat: 47.397757, Lon: 8.544660, Alt: 14.59m
11:09:45 [POS] Lat: 47.397757, Lon: 8.544659, Alt: 14.59m
11:09:45 [POS] Lat: 47.397758, Lon: 8.544658, Alt: 14.59m
11:09:45 [POS] Lat: 47.397758, Lon: 8.544656, Alt: 14.59m
11:09:45 [POS] Lat: 47.397758, Lon: 8.544655, Alt: 14.59m
11:09:45 [POS] Lat: 47.397758, Lon: 8.544654, Alt: 14.59m
11:09:45 [POS] Lat: 47.397758, Lon: 8.544653, Alt: 14.60m
11:09:45 [POS] Lat: 47.397758, Lon: 8.544651, Alt: 14.60m
11:09:45 [POS] Lat: 47.397758, Lon: 8.544650, Alt: 14.60m
11:09:45 [POS] Lat: 47.397758, Lon: 8.544649, Alt: 14.60m
11:09:45 [POS] Lat: 47.397758, Lon: 8.544647, Alt: 14.60m
11:09:45 [POS] Lat: 47.397758, Lon: 8.544646, Alt: 14.60m
11:09:45 [POS] Lat: 47.397758, Lon: 8.544645, Alt: 14.61m
11:09:45 [POS] Lat: 47.397758, Lon: 8.544643, Alt: 14.61m
11:09:45 [POS] Lat: 47.397758, Lon: 8.544642, Alt: 14.62m
11:09:45 [POS] Lat: 47.397759, Lon: 8.544641, Alt: 14.62m
11:09:45 [POS] Lat: 47.397759, Lon: 8.544640, Alt: 14.62m
11:09:45 [POS] Lat: 47.397759, Lon: 8.544638, Alt: 14.63m
11:09:45 [POS] Lat: 47.397759, Lon: 8.544637, Alt: 14.63m
11:09:45 [POS] Lat: 47.397759, Lon: 8.544636, Alt: 14.64m
11:09:45 [POS] Lat: 47.397759, Lon: 8.544635, Alt: 14.64m
11:09:45 [POS] Lat: 47.397759, Lon: 8.544633, Alt: 14.65m
11:09:45 [POS] Lat: 47.397759, Lon: 8.544632, Alt: 14.65m
11:09:45 [POS] Lat: 47.397759, Lon: 8.544630, Alt: 14.66m
11:09:45 [POS] Lat: 47.397759, Lon: 8.544629, Alt: 14.66m
11:09:45 [POS] Lat: 47.397759, Lon: 8.544628, Alt: 14.67m
11:09:45 [POS] Lat: 47.397759, Lon: 8.544627, Alt: 14.67m
11:09:45 [POS] Lat: 47.397759, Lon: 8.544625, Alt: 14.68m
11:09:45 [POS] Lat: 47.397759, Lon: 8.544624, Alt: 14.68m
11:09:45 [POS] Lat: 47.397760, Lon: 8.544622, Alt: 14.69m
11:09:45 [POS] Lat: 47.397760, Lon: 8.544621, Alt: 14.69m
11:09:45 [POS] Lat: 47.397760, Lon: 8.544620, Alt: 14.70m
11:09:46 [POS] Lat: 47.397760, Lon: 8.544619, Alt: 14.70m
11:09:46 [POS] Lat: 47.397760, Lon: 8.544617, Alt: 14.71m
11:09:46 [POS] Lat: 47.397760, Lon: 8.544616, Alt: 14.71m
11:09:46 [POS] Lat: 47.397760, Lon: 8.544614, Alt: 14.72m
11:09:46 [POS] Lat: 47.397760, Lon: 8.544613, Alt: 14.72m
11:09:46 [BAT] Percentage: 66, Voltage: 15.30V
11:09:46 [POS] Lat: 47.397760, Lon: 8.544612, Alt: 14.73m
11:09:46 [POS] Lat: 47.397760, Lon: 8.544611, Alt: 14.73m
11:09:46 [POS] Lat: 47.397761, Lon: 8.544609, Alt: 14.74m
11:09:46 [POS] Lat: 47.397761, Lon: 8.544608, Alt: 14.74m
11:09:46 [POS] Lat: 47.397761, Lon: 8.544607, Alt: 14.75m
11:09:46 [POS] Lat: 47.397761, Lon: 8.544605, Alt: 14.75m
11:09:46 [POS] Lat: 47.397761, Lon: 8.544604, Alt: 14.76m
11:09:46 [POS] Lat: 47.397761, Lon: 8.544603, Alt: 14.76m
11:09:46 [POS] Lat: 47.397761, Lon: 8.544601, Alt: 14.77m
11:09:46 [POS] Lat: 47.397761, Lon: 8.544600, Alt: 14.77m
11:09:46 [POS] Lat: 47.397762, Lon: 8.544599, Alt: 14.78m
11:09:46 [POS] Lat: 47.397762, Lon: 8.544598, Alt: 14.78m
11:09:46 [POS] Lat: 47.397762, Lon: 8.544596, Alt: 14.78m
11:09:46 [POS] Lat: 47.397762, Lon: 8.544595, Alt: 14.79m
11:09:46 [POS] Lat: 47.397762, Lon: 8.544593, Alt: 14.79m
11:09:46 [POS] Lat: 47.397762, Lon: 8.544592, Alt: 14.79m
11:09:46 [POS] Lat: 47.397762, Lon: 8.544591, Alt: 14.79m
11:09:46 [POS] Lat: 47.397762, Lon: 8.544590, Alt: 14.80m
11:09:46 [POS] Lat: 47.397762, Lon: 8.544588, Alt: 14.80m
11:09:46 [POS] Lat: 47.397763, Lon: 8.544587, Alt: 14.80m
11:09:46 [POS] Lat: 47.397763, Lon: 8.544586, Alt: 14.80m
11:09:46 [POS] Lat: 47.397763, Lon: 8.544584, Alt: 14.81m
11:09:46 [POS] Lat: 47.397763, Lon: 8.544583, Alt: 14.81m
11:09:46 [POS] Lat: 47.397763, Lon: 8.544582, Alt: 14.81m
11:09:46 [POS] Lat: 47.397763, Lon: 8.544581, Alt: 14.81m
11:09:46 [POS] Lat: 47.397763, Lon: 8.544579, Alt: 14.82m
11:09:46 [POS] Lat: 47.397763, Lon: 8.544578, Alt: 14.82m
11:09:46 [POS] Lat: 47.397763, Lon: 8.544577, Alt: 14.82m
11:09:46 [POS] Lat: 47.397763, Lon: 8.544576, Alt: 14.82m
11:09:46 [POS] Lat: 47.397764, Lon: 8.544575, Alt: 14.82m
11:09:46 [POS] Lat: 47.397764, Lon: 8.544573, Alt: 14.82m
11:09:46 [POS] Lat: 47.397764, Lon: 8.544572, Alt: 14.82m
11:09:46 [POS] Lat: 47.397764, Lon: 8.544571, Alt: 14.83m
11:09:46 [POS] Lat: 47.397764, Lon: 8.544570, Alt: 14.83m
11:09:46 [POS] Lat: 47.397764, Lon: 8.544569, Alt: 14.83m
11:09:46 [POS] Lat: 47.397764, Lon: 8.544568, Alt: 14.83m
11:09:46 [POS] Lat: 47.397764, Lon: 8.544566, Alt: 14.83m
11:09:46 [POS] Lat: 47.397764, Lon: 8.544565, Alt: 14.84m
11:09:46 [POS] Lat: 47.397765, Lon: 8.544564, Alt: 14.84m
11:09:46 [POS] Lat: 47.397765, Lon: 8.544563, Alt: 14.84m
11:09:46 [POS] Lat: 47.397765, Lon: 8.544562, Alt: 14.84m
11:09:46 [POS] Lat: 47.397765, Lon: 8.544561, Alt: 14.84m
11:09:46 [POS] Lat: 47.397765, Lon: 8.544560, Alt: 14.85m
11:09:46 [POS] Lat: 47.397765, Lon: 8.544559, Alt: 14.85m
11:09:47 [POS] Lat: 47.397765, Lon: 8.544558, Alt: 14.85m
11:09:47 [POS] Lat: 47.397765, Lon: 8.544557, Alt: 14.85m
11:09:47 [POS] Lat: 47.397765, Lon: 8.544555, Alt: 14.85m
11:09:47 [POS] Lat: 47.397765, Lon: 8.544555, Alt: 14.86m
11:09:47 [POS] Lat: 47.397765, Lon: 8.544553, Alt: 14.86m
11:09:47 [POS] Lat: 47.397765, Lon: 8.544553, Alt: 14.86m
11:09:47 [POS] Lat: 47.397766, Lon: 8.544551, Alt: 14.86m
11:09:47 [POS] Lat: 47.397766, Lon: 8.544551, Alt: 14.86m
11:09:47 [POS] Lat: 47.397766, Lon: 8.544550, Alt: 14.86m
11:09:47 [POS] Lat: 47.397766, Lon: 8.544549, Alt: 14.86m
11:09:47 [POS] Lat: 47.397766, Lon: 8.544548, Alt: 14.86m
11:09:47 [POS] Lat: 47.397766, Lon: 8.544547, Alt: 14.86m
11:09:47 [POS] Lat: 47.397766, Lon: 8.544546, Alt: 14.86m
11:09:47 [POS] Lat: 47.397766, Lon: 8.544545, Alt: 14.86m
11:09:47 [POS] Lat: 47.397766, Lon: 8.544544, Alt: 14.86m
11:09:47 [POS] Lat: 47.397766, Lon: 8.544543, Alt: 14.86m
11:09:47 [POS] Lat: 47.397766, Lon: 8.544542, Alt: 14.87m
11:09:47 [POS] Lat: 47.397767, Lon: 8.544541, Alt: 14.87m
11:09:47 [POS] Lat: 47.397767, Lon: 8.544540, Alt: 14.87m
11:09:47 [POS] Lat: 47.397767, Lon: 8.544540, Alt: 14.87m
11:09:47 [POS] Lat: 47.397767, Lon: 8.544539, Alt: 14.87m
11:09:47 [POS] Lat: 47.397767, Lon: 8.544538, Alt: 14.87m
11:09:47 [POS] Lat: 47.397767, Lon: 8.544537, Alt: 14.87m
11:09:47 [POS] Lat: 47.397767, Lon: 8.544536, Alt: 14.87m
11:09:47 [POS] Lat: 47.397767, Lon: 8.544535, Alt: 14.87m
11:09:47 [POS] Lat: 47.397767, Lon: 8.544535, Alt: 14.87m
11:09:47 [POS] Lat: 47.397767, Lon: 8.544534, Alt: 14.87m
11:09:47 [POS] Lat: 47.397767, Lon: 8.544533, Alt: 14.87m
11:09:47 [POS] Lat: 47.397768, Lon: 8.544532, Alt: 14.87m
11:09:47 [POS] Lat: 47.397768, Lon: 8.544531, Alt: 14.87m
11:09:47 [POS] Lat: 47.397768, Lon: 8.544531, Alt: 14.87m
11:09:47 [POS] Lat: 47.397768, Lon: 8.544530, Alt: 14.87m
11:09:47 [POS] Lat: 47.397768, Lon: 8.544529, Alt: 14.87m
11:09:47 [POS] Lat: 47.397768, Lon: 8.544528, Alt: 14.87m
11:09:47 [POS] Lat: 47.397768, Lon: 8.544527, Alt: 14.87m
11:09:47 [POS] Lat: 47.397768, Lon: 8.544527, Alt: 14.87m
11:09:47 [POS] Lat: 47.397768, Lon: 8.544526, Alt: 14.87m
11:09:47 [POS] Lat: 47.397768, Lon: 8.544525, Alt: 14.87m
11:09:47 [POS] Lat: 47.397768, Lon: 8.544525, Alt: 14.88m
11:09:47 [POS] Lat: 47.397768, Lon: 8.544524, Alt: 14.88m
11:09:47 [POS] Lat: 47.397768, Lon: 8.544523, Alt: 14.88m
11:09:47 [POS] Lat: 47.397768, Lon: 8.544523, Alt: 14.88m
11:09:47 [POS] Lat: 47.397768, Lon: 8.544522, Alt: 14.88m
11:09:47 [POS] Lat: 47.397769, Lon: 8.544521, Alt: 14.89m
11:09:47 [POS] Lat: 47.397769, Lon: 8.544520, Alt: 14.89m
11:09:47 [POS] Lat: 47.397769, Lon: 8.544520, Alt: 14.89m
11:09:47 [POS] Lat: 47.397769, Lon: 8.544519, Alt: 14.90m
11:09:47 [POS] Lat: 47.397769, Lon: 8.544518, Alt: 14.90m
11:09:47 [POS] Lat: 47.397769, Lon: 8.544518, Alt: 14.90m
11:09:47 [POS] Lat: 47.397769, Lon: 8.544517, Alt: 14.91m
11:09:48 [POS] Lat: 47.397769, Lon: 8.544516, Alt: 14.91m
11:09:48 [POS] Lat: 47.397769, Lon: 8.544516, Alt: 14.91m
11:09:48 [POS] Lat: 47.397769, Lon: 8.544515, Alt: 14.92m
11:09:48 [POS] Lat: 47.397769, Lon: 8.544515, Alt: 14.92m
11:09:48 [POS] Lat: 47.397769, Lon: 8.544514, Alt: 14.92m
11:09:48 [POS] Lat: 47.397769, Lon: 8.544513, Alt: 14.93m
11:09:48 [BAT] Percentage: 66, Voltage: 15.30V
11:09:48 [POS] Lat: 47.397769, Lon: 8.544513, Alt: 14.93m
11:09:48 [POS] Lat: 47.397769, Lon: 8.544512, Alt: 14.93m
11:09:48 [POS] Lat: 47.397769, Lon: 8.544511, Alt: 14.94m
11:09:48 [POS] Lat: 47.397769, Lon: 8.544511, Alt: 14.94m
11:09:48 [POS] Lat: 47.397770, Lon: 8.544510, Alt: 14.94m
11:09:48 [POS] Lat: 47.397770, Lon: 8.544510, Alt: 14.95m
11:09:48 [POS] Lat: 47.397770, Lon: 8.544509, Alt: 14.95m
11:09:48 [POS] Lat: 47.397770, Lon: 8.544508, Alt: 14.95m
11:09:48 [POS] Lat: 47.397770, Lon: 8.544508, Alt: 14.95m
11:09:48 [POS] Lat: 47.397770, Lon: 8.544507, Alt: 14.96m
11:09:48 [POS] Lat: 47.397770, Lon: 8.544507, Alt: 14.96m
11:09:48 [POS] Lat: 47.397770, Lon: 8.544506, Alt: 14.96m
11:09:48 [POS] Lat: 47.397770, Lon: 8.544505, Alt: 14.96m
11:09:48 [POS] Lat: 47.397770, Lon: 8.544505, Alt: 14.96m
11:09:48 [POS] Lat: 47.397770, Lon: 8.544504, Alt: 14.96m
11:09:48 [POS] Lat: 47.397770, Lon: 8.544504, Alt: 14.96m
11:09:48 [POS] Lat: 47.397770, Lon: 8.544503, Alt: 14.96m
11:09:48 [POS] Lat: 47.397770, Lon: 8.544503, Alt: 14.96m
11:09:48 [POS] Lat: 47.397770, Lon: 8.544502, Alt: 14.96m
11:09:48 [POS] Lat: 47.397770, Lon: 8.544502, Alt: 14.96m
11:09:48 [POS] Lat: 47.397770, Lon: 8.544501, Alt: 14.96m
11:09:48 [POS] Lat: 47.397770, Lon: 8.544501, Alt: 14.97m
11:09:48 [POS] Lat: 47.397770, Lon: 8.544500, Alt: 14.97m
11:09:48 [POS] Lat: 47.397770, Lon: 8.544500, Alt: 14.97m
11:09:48 [POS] Lat: 47.397770, Lon: 8.544499, Alt: 14.97m
11:09:48 [POS] Lat: 47.397770, Lon: 8.544499, Alt: 14.97m
11:09:48 [POS] Lat: 47.397770, Lon: 8.544498, Alt: 14.97m
11:09:48 [POS] Lat: 47.397770, Lon: 8.544498, Alt: 14.97m
11:09:48 [POS] Lat: 47.397770, Lon: 8.544497, Alt: 14.97m
11:09:48 [POS] Lat: 47.397771, Lon: 8.544497, Alt: 14.97m
11:09:48 [POS] Lat: 47.397771, Lon: 8.544496, Alt: 14.97m
11:09:48 [POS] Lat: 47.397771, Lon: 8.544496, Alt: 14.97m
11:09:48 [POS] Lat: 47.397771, Lon: 8.544495, Alt: 14.97m
11:09:48 [POS] Lat: 47.397771, Lon: 8.544495, Alt: 14.97m
11:09:48 [POS] Lat: 47.397771, Lon: 8.544494, Alt: 14.97m
11:09:48 [POS] Lat: 47.397771, Lon: 8.544494, Alt: 14.97m
11:09:48 [POS] Lat: 47.397771, Lon: 8.544493, Alt: 14.97m
11:09:48 [POS] Lat: 47.397771, Lon: 8.544493, Alt: 14.97m
11:09:48 [POS] Lat: 47.397771, Lon: 8.544493, Alt: 14.97m
11:09:48 [POS] Lat: 47.397771, Lon: 8.544492, Alt: 14.97m
11:09:48 [POS] Lat: 47.397771, Lon: 8.544492, Alt: 14.98m
11:09:48 [POS] Lat: 47.397771, Lon: 8.544491, Alt: 14.98m
11:09:48 [POS] Lat: 47.397771, Lon: 8.544491, Alt: 14.98m
11:09:49 [POS] Lat: 47.397771, Lon: 8.544491, Alt: 14.98m
11:09:49 [POS] Lat: 47.397771, Lon: 8.544490, Alt: 14.98m
11:09:49 [POS] Lat: 47.397771, Lon: 8.544490, Alt: 14.98m
11:09:49 [POS] Lat: 47.397771, Lon: 8.544489, Alt: 14.98m
11:09:49 [POS] Lat: 47.397771, Lon: 8.544489, Alt: 14.98m
11:09:49 [POS] Lat: 47.397771, Lon: 8.544489, Alt: 14.98m
11:09:49 [POS] Lat: 47.397771, Lon: 8.544488, Alt: 14.98m
11:09:49 [POS] Lat: 47.397771, Lon: 8.544488, Alt: 14.98m
11:09:49 [POS] Lat: 47.397771, Lon: 8.544488, Alt: 14.98m
11:09:49 [POS] Lat: 47.397771, Lon: 8.544487, Alt: 14.98m
11:09:49 [POS] Lat: 47.397771, Lon: 8.544487, Alt: 14.98m
11:09:49 [POS] Lat: 47.397771, Lon: 8.544487, Alt: 14.99m
11:09:49 [POS] Lat: 47.397771, Lon: 8.544486, Alt: 14.99m
11:09:49 [POS] Lat: 47.397771, Lon: 8.544486, Alt: 14.99m
11:09:49 [POS] Lat: 47.397771, Lon: 8.544486, Alt: 14.99m
11:09:49 [POS] Lat: 47.397771, Lon: 8.544485, Alt: 14.99m
11:09:49 [POS] Lat: 47.397771, Lon: 8.544485, Alt: 15.00m
11:09:49 [POS] Lat: 47.397771, Lon: 8.544485, Alt: 15.00m
11:09:49 [POS] Lat: 47.397771, Lon: 8.544484, Alt: 15.00m
11:09:49 [POS] Lat: 47.397771, Lon: 8.544484, Alt: 15.00m
11:09:49 [POS] Lat: 47.397771, Lon: 8.544484, Alt: 15.01m
11:09:49 [POS] Lat: 47.397771, Lon: 8.544484, Alt: 15.01m
11:09:49 [POS] Lat: 47.397771, Lon: 8.544483, Alt: 15.01m
11:09:49 [POS] Lat: 47.397771, Lon: 8.544483, Alt: 15.01m
11:09:49 [POS] Lat: 47.397771, Lon: 8.544483, Alt: 15.02m
11:09:49 [POS] Lat: 47.397771, Lon: 8.544482, Alt: 15.02m
11:09:49 [POS] Lat: 47.397771, Lon: 8.544482, Alt: 15.02m
11:09:49 [POS] Lat: 47.397771, Lon: 8.544482, Alt: 15.02m
11:09:49 [POS] Lat: 47.397771, Lon: 8.544481, Alt: 15.03m
11:09:49 [POS] Lat: 47.397771, Lon: 8.544481, Alt: 15.03m
11:09:49 [POS] Lat: 47.397771, Lon: 8.544481, Alt: 15.03m
11:09:49 [POS] Lat: 47.397771, Lon: 8.544481, Alt: 15.03m
11:09:49 [POS] Lat: 47.397771, Lon: 8.544480, Alt: 15.03m
11:09:49 [POS] Lat: 47.397771, Lon: 8.544480, Alt: 15.03m
11:09:49 [POS] Lat: 47.397771, Lon: 8.544480, Alt: 15.03m
11:09:49 [POS] Lat: 47.397771, Lon: 8.544480, Alt: 15.04m
11:09:49 [POS] Lat: 47.397771, Lon: 8.544479, Alt: 15.04m
11:09:49 [POS] Lat: 47.397771, Lon: 8.544479, Alt: 15.04m
11:09:49 [POS] Lat: 47.397771, Lon: 8.544479, Alt: 15.04m
11:09:49 [POS] Lat: 47.397771, Lon: 8.544479, Alt: 15.04m
11:09:49 [POS] Lat: 47.397771, Lon: 8.544479, Alt: 15.04m
11:09:49 [POS] Lat: 47.397771, Lon: 8.544478, Alt: 15.04m
11:09:49 [POS] Lat: 47.397771, Lon: 8.544478, Alt: 15.04m
11:09:49 [POS] Lat: 47.397771, Lon: 8.544478, Alt: 15.04m
11:09:49 [POS] Lat: 47.397771, Lon: 8.544478, Alt: 15.04m
11:09:49 [POS] Lat: 47.397771, Lon: 8.544477, Alt: 15.04m
11:09:49 [POS] Lat: 47.397771, Lon: 8.544477, Alt: 15.04m
11:09:49 [POS] Lat: 47.397771, Lon: 8.544477, Alt: 15.04m
11:09:49 [POS] Lat: 47.397771, Lon: 8.544477, Alt: 15.04m
11:09:49 [POS] Lat: 47.397771, Lon: 8.544476, Alt: 15.04m
11:09:50 [POS] Lat: 47.397771, Lon: 8.544476, Alt: 15.04m
11:09:50 [POS] Lat: 47.397771, Lon: 8.544476, Alt: 15.04m
11:09:50 [POS] Lat: 47.397771, Lon: 8.544476, Alt: 15.04m
11:09:50 [POS] Lat: 47.397771, Lon: 8.544476, Alt: 15.04m
11:09:50 [POS] Lat: 47.397771, Lon: 8.544475, Alt: 15.04m
11:09:50 [POS] Lat: 47.397771, Lon: 8.544475, Alt: 15.04m
11:09:50 [POS] Lat: 47.397771, Lon: 8.544475, Alt: 15.04m
11:09:50 [BAT] Percentage: 66, Voltage: 15.30V
11:09:50 [POS] Lat: 47.397771, Lon: 8.544475, Alt: 15.04m
11:09:50 [POS] Lat: 47.397771, Lon: 8.544475, Alt: 15.04m
11:09:50 [POS] Lat: 47.397771, Lon: 8.544474, Alt: 15.04m
11:09:50 [POS] Lat: 47.397771, Lon: 8.544474, Alt: 15.04m
11:09:50 [POS] Lat: 47.397771, Lon: 8.544474, Alt: 15.04m
11:09:50 [POS] Lat: 47.397771, Lon: 8.544474, Alt: 15.05m
11:09:50 [POS] Lat: 47.397771, Lon: 8.544474, Alt: 15.05m
11:09:50 [POS] Lat: 47.397771, Lon: 8.544474, Alt: 15.05m
11:09:50 [POS] Lat: 47.397771, Lon: 8.544474, Alt: 15.05m
11:09:50 [POS] Lat: 47.397771, Lon: 8.544473, Alt: 15.05m
11:09:50 [POS] Lat: 47.397771, Lon: 8.544473, Alt: 15.05m
11:09:50 [POS] Lat: 47.397771, Lon: 8.544473, Alt: 15.05m
11:09:50 [POS] Lat: 47.397771, Lon: 8.544473, Alt: 15.05m
11:09:50 [POS] Lat: 47.397771, Lon: 8.544473, Alt: 15.05m
11:09:50 [POS] Lat: 47.397771, Lon: 8.544472, Alt: 15.06m
11:09:50 [POS] Lat: 47.397771, Lon: 8.544472, Alt: 15.06m
11:09:50 [POS] Lat: 47.397771, Lon: 8.544472, Alt: 15.06m
11:09:50 [POS] Lat: 47.397771, Lon: 8.544472, Alt: 15.06m
11:09:50 [POS] Lat: 47.397771, Lon: 8.544472, Alt: 15.06m
11:09:50 [POS] Lat: 47.397771, Lon: 8.544472, Alt: 15.06m
11:09:50 [POS] Lat: 47.397771, Lon: 8.544472, Alt: 15.06m
11:09:50 [POS] Lat: 47.397771, Lon: 8.544472, Alt: 15.06m
11:09:50 [POS] Lat: 47.397771, Lon: 8.544471, Alt: 15.07m
11:09:50 [POS] Lat: 47.397771, Lon: 8.544471, Alt: 15.07m
11:09:50 [POS] Lat: 47.397771, Lon: 8.544471, Alt: 15.07m
11:09:50 [POS] Lat: 47.397771, Lon: 8.544471, Alt: 15.07m
11:09:50 [POS] Lat: 47.397771, Lon: 8.544471, Alt: 15.07m
11:09:50 [POS] Lat: 47.397771, Lon: 8.544471, Alt: 15.07m
11:09:50 [POS] Lat: 47.397771, Lon: 8.544470, Alt: 15.07m
11:09:50 [POS] Lat: 47.397771, Lon: 8.544470, Alt: 15.07m
11:09:50 [POS] Lat: 47.397771, Lon: 8.544470, Alt: 15.07m
11:09:50 [POS] Lat: 47.397771, Lon: 8.544470, Alt: 15.07m
11:09:50 [POS] Lat: 47.397772, Lon: 8.544470, Alt: 15.08m
11:09:50 [POS] Lat: 47.397772, Lon: 8.544470, Alt: 15.08m
11:09:50 [POS] Lat: 47.397772, Lon: 8.544470, Alt: 15.08m
11:09:50 [POS] Lat: 47.397772, Lon: 8.544470, Alt: 15.08m
11:09:50 [POS] Lat: 47.397772, Lon: 8.544469, Alt: 15.08m
11:09:50 [POS] Lat: 47.397772, Lon: 8.544469, Alt: 15.08m
11:09:50 [POS] Lat: 47.397772, Lon: 8.544469, Alt: 15.09m
11:09:50 [POS] Lat: 47.397772, Lon: 8.544469, Alt: 15.09m
11:09:50 [POS] Lat: 47.397772, Lon: 8.544469, Alt: 15.09m
11:09:50 [POS] Lat: 47.397772, Lon: 8.544469, Alt: 15.09m
11:09:51 [POS] Lat: 47.397772, Lon: 8.544469, Alt: 15.09m
11:09:51 [POS] Lat: 47.397772, Lon: 8.544469, Alt: 15.09m
11:09:51 [POS] Lat: 47.397772, Lon: 8.544468, Alt: 15.08m
11:09:51 [POS] Lat: 47.397772, Lon: 8.544468, Alt: 15.08m
11:09:51 [POS] Lat: 47.397772, Lon: 8.544468, Alt: 15.08m
11:09:51 [POS] Lat: 47.397772, Lon: 8.544468, Alt: 15.08m
11:09:51 [POS] Lat: 47.397772, Lon: 8.544468, Alt: 15.08m
11:09:51 [POS] Lat: 47.397772, Lon: 8.544468, Alt: 15.08m
11:09:51 [POS] Lat: 47.397772, Lon: 8.544468, Alt: 15.08m
11:09:51 [POS] Lat: 47.397772, Lon: 8.544468, Alt: 15.08m
11:09:51 [POS] Lat: 47.397772, Lon: 8.544468, Alt: 15.08m
11:09:51 [POS] Lat: 47.397772, Lon: 8.544468, Alt: 15.08m
11:09:51 [POS] Lat: 47.397772, Lon: 8.544467, Alt: 15.08m
11:09:51 [POS] Lat: 47.397772, Lon: 8.544467, Alt: 15.08m
11:09:51 [POS] Lat: 47.397772, Lon: 8.544467, Alt: 15.08m
11:09:51 [POS] Lat: 47.397772, Lon: 8.544467, Alt: 15.08m
11:09:51 [POS] Lat: 47.397772, Lon: 8.544467, Alt: 15.08m
11:09:51 [POS] Lat: 47.397772, Lon: 8.544467, Alt: 15.08m
11:09:51 [POS] Lat: 47.397773, Lon: 8.544467, Alt: 15.08m
11:09:51 [POS] Lat: 47.397773, Lon: 8.544467, Alt: 15.08m
11:09:51 [POS] Lat: 47.397773, Lon: 8.544467, Alt: 15.08m
11:09:51 [POS] Lat: 47.397773, Lon: 8.544467, Alt: 15.08m
11:09:51 [POS] Lat: 47.397773, Lon: 8.544467, Alt: 15.08m
11:09:51 [POS] Lat: 47.397773, Lon: 8.544467, Alt: 15.08m
11:09:51 [POS] Lat: 47.397773, Lon: 8.544466, Alt: 15.08m
11:09:51 [POS] Lat: 47.397773, Lon: 8.544466, Alt: 15.08m
11:09:51 [POS] Lat: 47.397773, Lon: 8.544466, Alt: 15.08m
11:09:51 [POS] Lat: 47.397773, Lon: 8.544466, Alt: 15.08m
11:09:51 [POS] Lat: 47.397773, Lon: 8.544466, Alt: 15.08m
11:09:51 [POS] Lat: 47.397773, Lon: 8.544466, Alt: 15.08m
11:09:51 [POS] Lat: 47.397773, Lon: 8.544466, Alt: 15.08m
11:09:51 [POS] Lat: 47.397773, Lon: 8.544466, Alt: 15.08m
11:09:51 [POS] Lat: 47.397773, Lon: 8.544466, Alt: 15.08m
11:09:51 [POS] Lat: 47.397773, Lon: 8.544466, Alt: 15.08m
11:09:51 [POS] Lat: 47.397773, Lon: 8.544466, Alt: 15.08m
11:09:51 [POS] Lat: 47.397773, Lon: 8.544465, Alt: 15.08m
11:09:51 [POS] Lat: 47.397773, Lon: 8.544465, Alt: 15.09m
11:09:51 [POS] Lat: 47.397773, Lon: 8.544465, Alt: 15.09m
11:09:51 [POS] Lat: 47.397773, Lon: 8.544465, Alt: 15.09m
11:09:51 [POS] Lat: 47.397773, Lon: 8.544465, Alt: 15.09m
11:09:51 [POS] Lat: 47.397773, Lon: 8.544465, Alt: 15.09m
11:09:51 [POS] Lat: 47.397773, Lon: 8.544465, Alt: 15.09m
11:09:51 [POS] Lat: 47.397773, Lon: 8.544465, Alt: 15.09m
11:09:51 [POS] Lat: 47.397773, Lon: 8.544465, Alt: 15.09m
11:09:51 [POS] Lat: 47.397773, Lon: 8.544465, Alt: 15.10m
11:09:51 [POS] Lat: 47.397773, Lon: 8.544465, Alt: 15.10m
11:09:51 [POS] Lat: 47.397773, Lon: 8.544465, Alt: 15.10m
11:09:51 [POS] Lat: 47.397773, Lon: 8.544465, Alt: 15.10m
11:09:51 [POS] Lat: 47.397773, Lon: 8.544465, Alt: 15.10m
11:09:51 [POS] Lat: 47.397773, Lon: 8.544465, Alt: 15.10m
11:09:52 [POS] Lat: 47.397773, Lon: 8.544465, Alt: 15.11m
11:09:52 [POS] Lat: 47.397773, Lon: 8.544464, Alt: 15.11m
11:09:52 [POS] Lat: 47.397773, Lon: 8.544464, Alt: 15.11m
11:09:52 [POS] Lat: 47.397773, Lon: 8.544464, Alt: 15.11m
11:09:52 [POS] Lat: 47.397773, Lon: 8.544464, Alt: 15.12m
11:09:52 [POS] Lat: 47.397773, Lon: 8.544464, Alt: 15.12m
11:09:52 [POS] Lat: 47.397773, Lon: 8.544464, Alt: 15.12m
11:09:52 [POS] Lat: 47.397773, Lon: 8.544464, Alt: 15.12m
11:09:52 [BAT] Percentage: 66, Voltage: 15.30V
11:09:52 [POS] Lat: 47.397773, Lon: 8.544464, Alt: 15.13m
11:09:52 [POS] Lat: 47.397773, Lon: 8.544464, Alt: 15.13m
11:09:52 [POS] Lat: 47.397773, Lon: 8.544464, Alt: 15.13m
11:09:52 [POS] Lat: 47.397773, Lon: 8.544464, Alt: 15.13m
11:09:52 [POS] Lat: 47.397773, Lon: 8.544464, Alt: 15.13m
11:09:52 [POS] Lat: 47.397773, Lon: 8.544464, Alt: 15.13m
11:09:52 [POS] Lat: 47.397773, Lon: 8.544464, Alt: 15.13m
11:09:52 [POS] Lat: 47.397773, Lon: 8.544464, Alt: 15.13m
11:09:52 [POS] Lat: 47.397773, Lon: 8.544464, Alt: 15.13m
11:09:52 [POS] Lat: 47.397773, Lon: 8.544464, Alt: 15.13m
11:09:52 [POS] Lat: 47.397773, Lon: 8.544464, Alt: 15.13m
11:09:52 [POS] Lat: 47.397773, Lon: 8.544463, Alt: 15.13m
11:09:52 [POS] Lat: 47.397773, Lon: 8.544463, Alt: 15.13m
11:09:52 [POS] Lat: 47.397773, Lon: 8.544463, Alt: 15.13m
11:09:52 [POS] Lat: 47.397773, Lon: 8.544463, Alt: 15.14m
11:09:52 [POS] Lat: 47.397773, Lon: 8.544463, Alt: 15.14m
11:09:52 [POS] Lat: 47.397773, Lon: 8.544463, Alt: 15.14m
11:09:52 [POS] Lat: 47.397773, Lon: 8.544463, Alt: 15.14m
11:09:52 [POS] Lat: 47.397773, Lon: 8.544463, Alt: 15.14m
11:09:52 [POS] Lat: 47.397773, Lon: 8.544463, Alt: 15.14m
11:09:52 [POS] Lat: 47.397773, Lon: 8.544463, Alt: 15.14m
11:09:52 [POS] Lat: 47.397773, Lon: 8.544463, Alt: 15.14m
11:09:52 [POS] Lat: 47.397773, Lon: 8.544463, Alt: 15.14m
11:09:52 [POS] Lat: 47.397773, Lon: 8.544463, Alt: 15.14m
11:09:52 [POS] Lat: 47.397773, Lon: 8.544463, Alt: 15.14m
11:09:52 [POS] Lat: 47.397773, Lon: 8.544463, Alt: 15.14m
11:09:52 [POS] Lat: 47.397773, Lon: 8.544463, Alt: 15.14m
11:09:52 [POS] Lat: 47.397773, Lon: 8.544463, Alt: 15.15m
11:09:52 [POS] Lat: 47.397773, Lon: 8.544463, Alt: 15.15m
11:09:52 [POS] Lat: 47.397773, Lon: 8.544463, Alt: 15.14m
11:09:52 [POS] Lat: 47.397773, Lon: 8.544463, Alt: 15.14m
11:09:52 [POS] Lat: 47.397773, Lon: 8.544463, Alt: 15.14m
11:09:52 [POS] Lat: 47.397773, Lon: 8.544463, Alt: 15.14m
11:09:52 [POS] Lat: 47.397773, Lon: 8.544463, Alt: 15.14m
11:09:52 [POS] Lat: 47.397773, Lon: 8.544463, Alt: 15.14m
11:09:52 [POS] Lat: 47.397773, Lon: 8.544463, Alt: 15.14m
11:09:52 [POS] Lat: 47.397773, Lon: 8.544463, Alt: 15.14m
11:09:52 [POS] Lat: 47.397773, Lon: 8.544463, Alt: 15.14m
11:09:52 [POS] Lat: 47.397773, Lon: 8.544463, Alt: 15.14m
11:09:52 [POS] Lat: 47.397773, Lon: 8.544463, Alt: 15.14m
11:09:52 [POS] Lat: 47.397773, Lon: 8.544463, Alt: 15.14m
11:09:53 [POS] Lat: 47.397773, Lon: 8.544463, Alt: 15.14m
11:09:53 [POS] Lat: 47.397773, Lon: 8.544463, Alt: 15.14m
11:09:53 [POS] Lat: 47.397773, Lon: 8.544463, Alt: 15.14m
11:09:53 [POS] Lat: 47.397773, Lon: 8.544463, Alt: 15.14m
11:09:53 [POS] Lat: 47.397773, Lon: 8.544463, Alt: 15.14m
11:09:53 [POS] Lat: 47.397773, Lon: 8.544463, Alt: 15.14m
11:09:53 [POS] Lat: 47.397773, Lon: 8.544463, Alt: 15.14m
11:09:53 [POS] Lat: 47.397773, Lon: 8.544463, Alt: 15.14m
11:09:53 [POS] Lat: 47.397773, Lon: 8.544463, Alt: 15.14m
11:09:53 [POS] Lat: 47.397773, Lon: 8.544463, Alt: 15.14m
11:09:53 [POS] Lat: 47.397773, Lon: 8.544463, Alt: 15.14m
11:09:53 [POS] Lat: 47.397773, Lon: 8.544463, Alt: 15.14m
11:09:53 [POS] Lat: 47.397773, Lon: 8.544463, Alt: 15.14m
11:09:53 [POS] Lat: 47.397773, Lon: 8.544463, Alt: 15.14m
11:09:53 [POS] Lat: 47.397773, Lon: 8.544463, Alt: 15.14m
11:09:53 [POS] Lat: 47.397773, Lon: 8.544463, Alt: 15.14m
11:09:53 [POS] Lat: 47.397773, Lon: 8.544463, Alt: 15.14m
11:09:53 [POS] Lat: 47.397773, Lon: 8.544463, Alt: 15.13m
11:09:53 [POS] Lat: 47.397773, Lon: 8.544463, Alt: 15.13m
11:09:53 [POS] Lat: 47.397773, Lon: 8.544463, Alt: 15.13m
11:09:53 [POS] Lat: 47.397773, Lon: 8.544462, Alt: 15.13m
11:09:53 [POS] Lat: 47.397773, Lon: 8.544462, Alt: 15.13m
11:09:53 [POS] Lat: 47.397773, Lon: 8.544462, Alt: 15.13m
11:09:53 [POS] Lat: 47.397773, Lon: 8.544462, Alt: 15.13m
11:09:53 [POS] Lat: 47.397773, Lon: 8.544462, Alt: 15.13m
11:09:53 [POS] Lat: 47.397773, Lon: 8.544462, Alt: 15.12m
11:09:53 [POS] Lat: 47.397773, Lon: 8.544462, Alt: 15.12m
11:09:53 [POS] Lat: 47.397773, Lon: 8.544462, Alt: 15.12m
11:09:53 [POS] Lat: 47.397773, Lon: 8.544462, Alt: 15.12m
11:09:53 [POS] Lat: 47.397773, Lon: 8.544462, Alt: 15.12m
11:09:53 [POS] Lat: 47.397773, Lon: 8.544462, Alt: 15.12m
11:09:53 [POS] Lat: 47.397773, Lon: 8.544462, Alt: 15.12m
11:09:53 [POS] Lat: 47.397773, Lon: 8.544462, Alt: 15.11m
11:09:53 [POS] Lat: 47.397773, Lon: 8.544462, Alt: 15.11m
11:09:53 [POS] Lat: 47.397773, Lon: 8.544462, Alt: 15.11m
11:09:53 [POS] Lat: 47.397773, Lon: 8.544462, Alt: 15.11m
11:09:53 [POS] Lat: 47.397773, Lon: 8.544462, Alt: 15.11m
11:09:53 [POS] Lat: 47.397773, Lon: 8.544462, Alt: 15.11m
11:09:53 [POS] Lat: 47.397772, Lon: 8.544462, Alt: 15.11m
11:09:53 [POS] Lat: 47.397772, Lon: 8.544462, Alt: 15.10m
11:09:53 [POS] Lat: 47.397772, Lon: 8.544462, Alt: 15.10m
11:09:53 [POS] Lat: 47.397772, Lon: 8.544462, Alt: 15.11m
11:09:53 [POS] Lat: 47.397772, Lon: 8.544462, Alt: 15.11m
11:09:53 [POS] Lat: 47.397772, Lon: 8.544462, Alt: 15.11m
11:09:53 [POS] Lat: 47.397772, Lon: 8.544462, Alt: 15.11m
11:09:53 [POS] Lat: 47.397772, Lon: 8.544462, Alt: 15.11m
11:09:53 [POS] Lat: 47.397772, Lon: 8.544462, Alt: 15.11m
11:09:53 [POS] Lat: 47.397772, Lon: 8.544462, Alt: 15.12m
11:09:53 [POS] Lat: 47.397772, Lon: 8.544462, Alt: 15.12m
11:09:54 [POS] Lat: 47.397772, Lon: 8.544462, Alt: 15.12m
11:09:54 [POS] Lat: 47.397772, Lon: 8.544462, Alt: 15.12m
11:09:54 [POS] Lat: 47.397772, Lon: 8.544462, Alt: 15.13m
11:09:54 [POS] Lat: 47.397772, Lon: 8.544462, Alt: 15.13m
11:09:54 [POS] Lat: 47.397772, Lon: 8.544462, Alt: 15.13m
11:09:54 [POS] Lat: 47.397772, Lon: 8.544462, Alt: 15.13m
11:09:54 [POS] Lat: 47.397772, Lon: 8.544462, Alt: 15.14m
11:09:54 [POS] Lat: 47.397772, Lon: 8.544462, Alt: 15.14m
11:09:54 [POS] Lat: 47.397772, Lon: 8.544462, Alt: 15.14m
11:09:54 [POS] Lat: 47.397772, Lon: 8.544462, Alt: 15.14m
11:09:54 [BAT] Percentage: 66, Voltage: 15.30V
11:09:54 [POS] Lat: 47.397772, Lon: 8.544462, Alt: 15.14m
11:09:54 [POS] Lat: 47.397772, Lon: 8.544462, Alt: 15.15m
11:09:54 [POS] Lat: 47.397772, Lon: 8.544462, Alt: 15.15m
11:09:54 [POS] Lat: 47.397772, Lon: 8.544462, Alt: 15.15m
11:09:54 [POS] Lat: 47.397772, Lon: 8.544463, Alt: 15.15m
11:09:54 [POS] Lat: 47.397772, Lon: 8.544463, Alt: 15.15m
11:09:54 [POS] Lat: 47.397772, Lon: 8.544463, Alt: 15.15m
11:09:54 [POS] Lat: 47.397772, Lon: 8.544463, Alt: 15.15m
11:09:54 [POS] Lat: 47.397772, Lon: 8.544463, Alt: 15.15m
11:09:54 [POS] Lat: 47.397772, Lon: 8.544463, Alt: 15.15m
11:09:54 [POS] Lat: 47.397772, Lon: 8.544463, Alt: 15.15m
11:09:54 [POS] Lat: 47.397772, Lon: 8.544463, Alt: 15.15m
11:09:54 [POS] Lat: 47.397772, Lon: 8.544463, Alt: 15.15m
11:09:54 [POS] Lat: 47.397772, Lon: 8.544463, Alt: 15.15m
11:09:54 [POS] Lat: 47.397772, Lon: 8.544463, Alt: 15.15m
11:09:54 [POS] Lat: 47.397772, Lon: 8.544463, Alt: 15.15m
11:09:54 [POS] Lat: 47.397772, Lon: 8.544463, Alt: 15.15m
11:09:54 [POS] Lat: 47.397772, Lon: 8.544463, Alt: 15.14m
11:09:54 [POS] Lat: 47.397772, Lon: 8.544463, Alt: 15.14m
11:09:54 [POS] Lat: 47.397772, Lon: 8.544463, Alt: 15.14m
11:09:54 [POS] Lat: 47.397772, Lon: 8.544463, Alt: 15.14m
11:09:54 [POS] Lat: 47.397772, Lon: 8.544463, Alt: 15.14m
11:09:54 [POS] Lat: 47.397772, Lon: 8.544463, Alt: 15.14m
11:09:54 [POS] Lat: 47.397772, Lon: 8.544463, Alt: 15.14m
11:09:54 [POS] Lat: 47.397772, Lon: 8.544463, Alt: 15.14m
11:09:54 [POS] Lat: 47.397772, Lon: 8.544463, Alt: 15.14m
11:09:54 [POS] Lat: 47.397772, Lon: 8.544463, Alt: 15.14m
11:09:54 [POS] Lat: 47.397772, Lon: 8.544463, Alt: 15.14m
11:09:54 [POS] Lat: 47.397772, Lon: 8.544463, Alt: 15.14m
11:09:54 [POS] Lat: 47.397772, Lon: 8.544463, Alt: 15.14m
11:09:54 [POS] Lat: 47.397772, Lon: 8.544463, Alt: 15.14m
11:09:54 [POS] Lat: 47.397772, Lon: 8.544463, Alt: 15.14m
11:09:54 [POS] Lat: 47.397772, Lon: 8.544463, Alt: 15.14m
11:09:54 [POS] Lat: 47.397772, Lon: 8.544463, Alt: 15.14m
11:09:54 [POS] Lat: 47.397772, Lon: 8.544463, Alt: 15.14m
11:09:54 [POS] Lat: 47.397772, Lon: 8.544463, Alt: 15.14m
11:09:54 [POS] Lat: 47.397772, Lon: 8.544463, Alt: 15.14m
11:09:54 [POS] Lat: 47.397772, Lon: 8.544463, Alt: 15.14m
11:09:54 [POS] Lat: 47.397772, Lon: 8.544463, Alt: 15.14m
11:09:54 [POS] Lat: 47.397772, Lon: 8.544463, Alt: 15.14m
11:09:55 [POS] Lat: 47.397772, Lon: 8.544463, Alt: 15.14m
11:09:55 [POS] Lat: 47.397772, Lon: 8.544463, Alt: 15.14m
11:09:55 [POS] Lat: 47.397772, Lon: 8.544463, Alt: 15.14m
11:09:55 [POS] Lat: 47.397772, Lon: 8.544463, Alt: 15.14m
11:09:55 [POS] Lat: 47.397772, Lon: 8.544463, Alt: 15.14m
11:09:55 [POS] Lat: 47.397772, Lon: 8.544463, Alt: 15.14m
11:09:55 [POS] Lat: 47.397772, Lon: 8.544463, Alt: 15.14m
11:09:55 [POS] Lat: 47.397772, Lon: 8.544463, Alt: 15.14m
11:09:55 [POS] Lat: 47.397772, Lon: 8.544463, Alt: 15.14m
11:09:55 [POS] Lat: 47.397772, Lon: 8.544463, Alt: 15.14m
11:09:55 [POS] Lat: 47.397772, Lon: 8.544463, Alt: 15.14m
11:09:55 [POS] Lat: 47.397772, Lon: 8.544463, Alt: 15.14m
11:09:55 [POS] Lat: 47.397772, Lon: 8.544463, Alt: 15.13m
11:09:55 [POS] Lat: 47.397772, Lon: 8.544463, Alt: 15.13m
11:09:55 [POS] Lat: 47.397772, Lon: 8.544463, Alt: 15.13m
11:09:55 [POS] Lat: 47.397772, Lon: 8.544463, Alt: 15.13m
11:09:55 [POS] Lat: 47.397772, Lon: 8.544463, Alt: 15.13m
11:09:55 [POS] Lat: 47.397772, Lon: 8.544463, Alt: 15.13m
11:09:55 [POS] Lat: 47.397772, Lon: 8.544463, Alt: 15.13m
11:09:55 [POS] Lat: 47.397772, Lon: 8.544463, Alt: 15.13m
11:09:55 [POS] Lat: 47.397772, Lon: 8.544463, Alt: 15.13m
11:09:55 [POS] Lat: 47.397772, Lon: 8.544463, Alt: 15.13m
11:09:55 [POS] Lat: 47.397772, Lon: 8.544463, Alt: 15.13m
11:09:55 [POS] Lat: 47.397772, Lon: 8.544463, Alt: 15.13m
11:09:55 [POS] Lat: 47.397772, Lon: 8.544463, Alt: 15.13m
11:09:55 [POS] Lat: 47.397772, Lon: 8.544463, Alt: 15.14m
11:09:55 [POS] Lat: 47.397772, Lon: 8.544463, Alt: 15.14m
11:09:55 [POS] Lat: 47.397772, Lon: 8.544463, Alt: 15.14m
11:09:55 [POS] Lat: 47.397772, Lon: 8.544463, Alt: 15.14m
11:09:55 [POS] Lat: 47.397772, Lon: 8.544463, Alt: 15.14m
11:09:55 [POS] Lat: 47.397772, Lon: 8.544463, Alt: 15.14m
11:09:55 [POS] Lat: 47.397772, Lon: 8.544463, Alt: 15.14m
11:09:55 [POS] Lat: 47.397772, Lon: 8.544463, Alt: 15.14m
11:09:55 [POS] Lat: 47.397772, Lon: 8.544463, Alt: 15.15m
11:09:55 [POS] Lat: 47.397772, Lon: 8.544463, Alt: 15.15m
11:09:55 [POS] Lat: 47.397772, Lon: 8.544463, Alt: 15.15m
11:09:55 [POS] Lat: 47.397772, Lon: 8.544463, Alt: 15.15m
11:09:55 [POS] Lat: 47.397772, Lon: 8.544463, Alt: 15.15m
11:09:55 [POS] Lat: 47.397772, Lon: 8.544463, Alt: 15.15m
11:09:55 [POS] Lat: 47.397772, Lon: 8.544463, Alt: 15.15m
11:09:55 [POS] Lat: 47.397772, Lon: 8.544463, Alt: 15.15m
11:09:55 [POS] Lat: 47.397772, Lon: 8.544463, Alt: 15.15m
11:09:55 [POS] Lat: 47.397772, Lon: 8.544463, Alt: 15.15m
11:09:55 [POS] Lat: 47.397772, Lon: 8.544463, Alt: 15.15m
11:09:55 [POS] Lat: 47.397772, Lon: 8.544463, Alt: 15.15m
11:09:55 [POS] Lat: 47.397772, Lon: 8.544463, Alt: 15.15m
11:09:55 [POS] Lat: 47.397772, Lon: 8.544463, Alt: 15.15m
11:09:55 [POS] Lat: 47.397772, Lon: 8.544463, Alt: 15.15m
11:09:55 [POS] Lat: 47.397772, Lon: 8.544463, Alt: 15.16m
11:09:56 [POS] Lat: 47.397772, Lon: 8.544463, Alt: 15.16m
11:09:56 [POS] Lat: 47.397772, Lon: 8.544463, Alt: 15.16m
11:09:56 [POS] Lat: 47.397772, Lon: 8.544463, Alt: 15.16m
11:09:56 [POS] Lat: 47.397772, Lon: 8.544463, Alt: 15.16m
11:09:56 [POS] Lat: 47.397772, Lon: 8.544463, Alt: 15.16m
11:09:56 [POS] Lat: 47.397773, Lon: 8.544463, Alt: 15.16m
11:09:56 [POS] Lat: 47.397773, Lon: 8.544463, Alt: 15.16m
11:09:56 [POS] Lat: 47.397773, Lon: 8.544463, Alt: 15.16m
11:09:56 [POS] Lat: 47.397773, Lon: 8.544463, Alt: 15.16m
11:09:56 [POS] Lat: 47.397773, Lon: 8.544463, Alt: 15.16m
11:09:56 [POS] Lat: 47.397773, Lon: 8.544463, Alt: 15.16m
11:09:56 [BAT] Percentage: 66, Voltage: 15.30V
11:09:56 [POS] Lat: 47.397773, Lon: 8.544463, Alt: 15.16m
11:09:56 [PROG] Waypoint 2 of 4
11:09:56 [POS] Lat: 47.397773, Lon: 8.544463, Alt: 15.16m
11:09:56 [POS] Lat: 47.397773, Lon: 8.544463, Alt: 15.16m
11:09:56 [POS] Lat: 47.397773, Lon: 8.544463, Alt: 15.16m
11:09:56 [POS] Lat: 47.397773, Lon: 8.544464, Alt: 15.16m
11:09:56 [POS] Lat: 47.397773, Lon: 8.544464, Alt: 15.16m
11:09:56 [POS] Lat: 47.397773, Lon: 8.544464, Alt: 15.17m
11:09:56 [POS] Lat: 47.397773, Lon: 8.544464, Alt: 15.17m
11:09:56 [POS] Lat: 47.397773, Lon: 8.544464, Alt: 15.17m
11:09:56 [POS] Lat: 47.397773, Lon: 8.544464, Alt: 15.17m
11:09:56 [POS] Lat: 47.397773, Lon: 8.544465, Alt: 15.17m
11:09:56 [POS] Lat: 47.397773, Lon: 8.544465, Alt: 15.17m
11:09:56 [POS] Lat: 47.397774, Lon: 8.544465, Alt: 15.17m
11:09:56 [POS] Lat: 47.397774, Lon: 8.544465, Alt: 15.17m
11:09:56 [POS] Lat: 47.397774, Lon: 8.544465, Alt: 15.17m
11:09:56 [POS] Lat: 47.397774, Lon: 8.544466, Alt: 15.17m
11:09:56 [POS] Lat: 47.397774, Lon: 8.544466, Alt: 15.18m
11:09:56 [POS] Lat: 47.397774, Lon: 8.544466, Alt: 15.18m
11:09:56 [POS] Lat: 47.397775, Lon: 8.544466, Alt: 15.18m
11:09:56 [POS] Lat: 47.397775, Lon: 8.544467, Alt: 15.18m
11:09:56 [POS] Lat: 47.397775, Lon: 8.544467, Alt: 15.18m
11:09:56 [POS] Lat: 47.397775, Lon: 8.544467, Alt: 15.18m
11:09:56 [POS] Lat: 47.397775, Lon: 8.544468, Alt: 15.18m
11:09:56 [POS] Lat: 47.397776, Lon: 8.544468, Alt: 15.18m
11:09:56 [POS] Lat: 47.397776, Lon: 8.544468, Alt: 15.18m
11:09:56 [POS] Lat: 47.397776, Lon: 8.544469, Alt: 15.18m
11:09:56 [POS] Lat: 47.397776, Lon: 8.544469, Alt: 15.19m
11:09:56 [POS] Lat: 47.397777, Lon: 8.544469, Alt: 15.19m
11:09:56 [POS] Lat: 47.397777, Lon: 8.544470, Alt: 15.19m
11:09:56 [POS] Lat: 47.397777, Lon: 8.544470, Alt: 15.19m
11:09:56 [POS] Lat: 47.397778, Lon: 8.544471, Alt: 15.20m
11:09:56 [POS] Lat: 47.397778, Lon: 8.544471, Alt: 15.20m
11:09:56 [POS] Lat: 47.397778, Lon: 8.544472, Alt: 15.20m
11:09:56 [POS] Lat: 47.397779, Lon: 8.544472, Alt: 15.20m
11:09:56 [POS] Lat: 47.397779, Lon: 8.544473, Alt: 15.21m
11:09:56 [POS] Lat: 47.397779, Lon: 8.544473, Alt: 15.21m
11:09:56 [POS] Lat: 47.397780, Lon: 8.544474, Alt: 15.21m
11:09:56 [POS] Lat: 47.397780, Lon: 8.544474, Alt: 15.21m
11:09:56 [POS] Lat: 47.397781, Lon: 8.544475, Alt: 15.22m
11:09:57 [POS] Lat: 47.397781, Lon: 8.544475, Alt: 15.22m
11:09:57 [POS] Lat: 47.397782, Lon: 8.544476, Alt: 15.22m
11:09:57 [POS] Lat: 47.397782, Lon: 8.544476, Alt: 15.22m
11:09:57 [POS] Lat: 47.397782, Lon: 8.544477, Alt: 15.22m
11:09:57 [POS] Lat: 47.397783, Lon: 8.544477, Alt: 15.23m
11:09:57 [POS] Lat: 47.397783, Lon: 8.544478, Alt: 15.23m
11:09:57 [POS] Lat: 47.397784, Lon: 8.544479, Alt: 15.23m
11:09:57 [POS] Lat: 47.397784, Lon: 8.544479, Alt: 15.24m
11:09:57 [POS] Lat: 47.397785, Lon: 8.544480, Alt: 15.24m
11:09:57 [POS] Lat: 47.397785, Lon: 8.544481, Alt: 15.24m
11:09:57 [POS] Lat: 47.397786, Lon: 8.544481, Alt: 15.24m
11:09:57 [POS] Lat: 47.397786, Lon: 8.544482, Alt: 15.24m
11:09:57 [POS] Lat: 47.397787, Lon: 8.544483, Alt: 15.25m
11:09:57 [POS] Lat: 47.397787, Lon: 8.544483, Alt: 15.25m
11:09:57 [POS] Lat: 47.397788, Lon: 8.544484, Alt: 15.25m
11:09:57 [POS] Lat: 47.397788, Lon: 8.544485, Alt: 15.25m
11:09:57 [POS] Lat: 47.397789, Lon: 8.544485, Alt: 15.25m
11:09:57 [POS] Lat: 47.397790, Lon: 8.544486, Alt: 15.26m
11:09:57 [POS] Lat: 47.397790, Lon: 8.544487, Alt: 15.26m
11:09:57 [POS] Lat: 47.397791, Lon: 8.544488, Alt: 15.26m
11:09:57 [POS] Lat: 47.397791, Lon: 8.544488, Alt: 15.26m
11:09:57 [POS] Lat: 47.397792, Lon: 8.544489, Alt: 15.26m
11:09:57 [POS] Lat: 47.397793, Lon: 8.544490, Alt: 15.26m
11:09:57 [POS] Lat: 47.397793, Lon: 8.544491, Alt: 15.26m
11:09:57 [POS] Lat: 47.397794, Lon: 8.544491, Alt: 15.27m
11:09:57 [POS] Lat: 47.397795, Lon: 8.544492, Alt: 15.27m
11:09:57 [POS] Lat: 47.397795, Lon: 8.544493, Alt: 15.27m
11:09:57 [POS] Lat: 47.397796, Lon: 8.544494, Alt: 15.27m
11:09:57 [POS] Lat: 47.397797, Lon: 8.544494, Alt: 15.27m
11:09:57 [POS] Lat: 47.397797, Lon: 8.544495, Alt: 15.27m
11:09:57 [POS] Lat: 47.397798, Lon: 8.544496, Alt: 15.27m
11:09:57 [POS] Lat: 47.397799, Lon: 8.544497, Alt: 15.27m
11:09:57 [POS] Lat: 47.397799, Lon: 8.544497, Alt: 15.27m
11:09:57 [POS] Lat: 47.397800, Lon: 8.544498, Alt: 15.27m
11:09:57 [POS] Lat: 47.397801, Lon: 8.544499, Alt: 15.27m
11:09:57 [POS] Lat: 47.397802, Lon: 8.544500, Alt: 15.27m
11:09:57 [POS] Lat: 47.397802, Lon: 8.544501, Alt: 15.27m
11:09:57 [POS] Lat: 47.397803, Lon: 8.544502, Alt: 15.28m
11:09:57 [POS] Lat: 47.397804, Lon: 8.544502, Alt: 15.28m
11:09:57 [POS] Lat: 47.397805, Lon: 8.544503, Alt: 15.28m
11:09:57 [POS] Lat: 47.397805, Lon: 8.544504, Alt: 15.28m
11:09:57 [POS] Lat: 47.397806, Lon: 8.544505, Alt: 15.28m
11:09:57 [POS] Lat: 47.397807, Lon: 8.544506, Alt: 15.28m
11:09:57 [POS] Lat: 47.397808, Lon: 8.544507, Alt: 15.28m
11:09:57 [POS] Lat: 47.397808, Lon: 8.544507, Alt: 15.28m
11:09:57 [POS] Lat: 47.397809, Lon: 8.544508, Alt: 15.28m
11:09:57 [POS] Lat: 47.397810, Lon: 8.544509, Alt: 15.28m
11:09:57 [POS] Lat: 47.397810, Lon: 8.544510, Alt: 15.28m
11:09:57 [POS] Lat: 47.397811, Lon: 8.544511, Alt: 15.28m
11:09:58 [POS] Lat: 47.397812, Lon: 8.544512, Alt: 15.28m
11:09:58 [POS] Lat: 47.397813, Lon: 8.544512, Alt: 15.28m
11:09:58 [POS] Lat: 47.397813, Lon: 8.544513, Alt: 15.29m
11:09:58 [POS] Lat: 47.397814, Lon: 8.544514, Alt: 15.29m
11:09:58 [POS] Lat: 47.397815, Lon: 8.544515, Alt: 15.29m
11:09:58 [POS] Lat: 47.397816, Lon: 8.544515, Alt: 15.29m
11:09:58 [POS] Lat: 47.397816, Lon: 8.544517, Alt: 15.29m
11:09:58 [POS] Lat: 47.397817, Lon: 8.544517, Alt: 15.29m
11:09:58 [POS] Lat: 47.397818, Lon: 8.544518, Alt: 15.29m
11:09:58 [POS] Lat: 47.397818, Lon: 8.544519, Alt: 15.29m
11:09:58 [POS] Lat: 47.397819, Lon: 8.544520, Alt: 15.29m
11:09:58 [POS] Lat: 47.397820, Lon: 8.544520, Alt: 15.29m
11:09:58 [BAT] Percentage: 66, Voltage: 15.30V
11:09:58 [POS] Lat: 47.397821, Lon: 8.544521, Alt: 15.29m
11:09:58 [POS] Lat: 47.397821, Lon: 8.544522, Alt: 15.29m
11:09:58 [POS] Lat: 47.397822, Lon: 8.544523, Alt: 15.29m
11:09:58 [POS] Lat: 47.397823, Lon: 8.544524, Alt: 15.29m
11:09:58 [POS] Lat: 47.397824, Lon: 8.544524, Alt: 15.29m
11:09:58 [POS] Lat: 47.397824, Lon: 8.544525, Alt: 15.29m
11:09:58 [POS] Lat: 47.397825, Lon: 8.544526, Alt: 15.30m
11:09:58 [POS] Lat: 47.397825, Lon: 8.544527, Alt: 15.30m
11:09:58 [POS] Lat: 47.397826, Lon: 8.544528, Alt: 15.30m
11:09:58 [POS] Lat: 47.397827, Lon: 8.544528, Alt: 15.30m
11:09:58 [POS] Lat: 47.397828, Lon: 8.544529, Alt: 15.30m
11:09:58 [POS] Lat: 47.397828, Lon: 8.544530, Alt: 15.31m
11:09:58 [POS] Lat: 47.397829, Lon: 8.544531, Alt: 15.31m
11:09:58 [POS] Lat: 47.397830, Lon: 8.544531, Alt: 15.31m
11:09:58 [POS] Lat: 47.397830, Lon: 8.544532, Alt: 15.31m
11:09:58 [POS] Lat: 47.397831, Lon: 8.544533, Alt: 15.32m
11:09:58 [POS] Lat: 47.397832, Lon: 8.544534, Alt: 15.32m
11:09:58 [POS] Lat: 47.397832, Lon: 8.544534, Alt: 15.32m
11:09:58 [POS] Lat: 47.397833, Lon: 8.544535, Alt: 15.32m
11:09:58 [POS] Lat: 47.397834, Lon: 8.544536, Alt: 15.33m
11:09:58 [POS] Lat: 47.397835, Lon: 8.544537, Alt: 15.33m
11:09:58 [POS] Lat: 47.397835, Lon: 8.544537, Alt: 15.33m
11:09:58 [POS] Lat: 47.397836, Lon: 8.544538, Alt: 15.33m
11:09:58 [POS] Lat: 47.397836, Lon: 8.544539, Alt: 15.34m
11:09:58 [POS] Lat: 47.397837, Lon: 8.544540, Alt: 15.34m
11:09:58 [POS] Lat: 47.397838, Lon: 8.544540, Alt: 15.34m
11:09:58 [POS] Lat: 47.397839, Lon: 8.544541, Alt: 15.34m
11:09:58 [POS] Lat: 47.397839, Lon: 8.544542, Alt: 15.34m
11:09:58 [POS] Lat: 47.397840, Lon: 8.544543, Alt: 15.35m
11:09:58 [POS] Lat: 47.397841, Lon: 8.544543, Alt: 15.35m
11:09:58 [POS] Lat: 47.397841, Lon: 8.544544, Alt: 15.35m
11:09:58 [POS] Lat: 47.397842, Lon: 8.544545, Alt: 15.35m
11:09:58 [POS] Lat: 47.397843, Lon: 8.544546, Alt: 15.36m
11:09:58 [POS] Lat: 47.397843, Lon: 8.544546, Alt: 15.36m
11:09:58 [POS] Lat: 47.397844, Lon: 8.544547, Alt: 15.36m
11:09:58 [POS] Lat: 47.397845, Lon: 8.544548, Alt: 15.36m
11:09:58 [POS] Lat: 47.397845, Lon: 8.544549, Alt: 15.36m
11:09:59 [POS] Lat: 47.397846, Lon: 8.544549, Alt: 15.37m
11:09:59 [POS] Lat: 47.397847, Lon: 8.544550, Alt: 15.37m
11:09:59 [POS] Lat: 47.397847, Lon: 8.544551, Alt: 15.37m
11:09:59 [POS] Lat: 47.397848, Lon: 8.544552, Alt: 15.38m
11:09:59 [POS] Lat: 47.397849, Lon: 8.544552, Alt: 15.38m
11:09:59 [POS] Lat: 47.397849, Lon: 8.544553, Alt: 15.38m
11:09:59 [POS] Lat: 47.397850, Lon: 8.544554, Alt: 15.38m
11:09:59 [POS] Lat: 47.397851, Lon: 8.544555, Alt: 15.39m
11:09:59 [POS] Lat: 47.397851, Lon: 8.544555, Alt: 15.39m
11:09:59 [POS] Lat: 47.397852, Lon: 8.544556, Alt: 15.39m
11:09:59 [POS] Lat: 47.397853, Lon: 8.544557, Alt: 15.39m
11:09:59 [POS] Lat: 47.397853, Lon: 8.544558, Alt: 15.40m
11:09:59 [POS] Lat: 47.397854, Lon: 8.544559, Alt: 15.40m
11:09:59 [POS] Lat: 47.397855, Lon: 8.544560, Alt: 15.40m
11:09:59 [POS] Lat: 47.397855, Lon: 8.544560, Alt: 15.41m
11:09:59 [POS] Lat: 47.397856, Lon: 8.544561, Alt: 15.41m
11:09:59 [POS] Lat: 47.397857, Lon: 8.544562, Alt: 15.41m
11:09:59 [POS] Lat: 47.397858, Lon: 8.544563, Alt: 15.41m
11:09:59 [POS] Lat: 47.397858, Lon: 8.544563, Alt: 15.42m
11:09:59 [POS] Lat: 47.397859, Lon: 8.544564, Alt: 15.42m
11:09:59 [POS] Lat: 47.397860, Lon: 8.544565, Alt: 15.42m
11:09:59 [POS] Lat: 47.397860, Lon: 8.544566, Alt: 15.43m
11:09:59 [POS] Lat: 47.397861, Lon: 8.544566, Alt: 15.43m
11:09:59 [POS] Lat: 47.397862, Lon: 8.544567, Alt: 15.43m
11:09:59 [POS] Lat: 47.397862, Lon: 8.544568, Alt: 15.44m
11:09:59 [POS] Lat: 47.397863, Lon: 8.544569, Alt: 15.44m
11:09:59 [POS] Lat: 47.397864, Lon: 8.544570, Alt: 15.44m
11:09:59 [POS] Lat: 47.397865, Lon: 8.544570, Alt: 15.45m
11:09:59 [POS] Lat: 47.397865, Lon: 8.544571, Alt: 15.45m
11:09:59 [POS] Lat: 47.397866, Lon: 8.544572, Alt: 15.45m
11:09:59 [POS] Lat: 47.397866, Lon: 8.544573, Alt: 15.46m
11:09:59 [POS] Lat: 47.397867, Lon: 8.544574, Alt: 15.46m
11:09:59 [POS] Lat: 47.397868, Lon: 8.544574, Alt: 15.46m
11:09:59 [POS] Lat: 47.397869, Lon: 8.544575, Alt: 15.47m
11:09:59 [POS] Lat: 47.397869, Lon: 8.544576, Alt: 15.47m
11:09:59 [POS] Lat: 47.397870, Lon: 8.544577, Alt: 15.48m
11:09:59 [POS] Lat: 47.397871, Lon: 8.544578, Alt: 15.48m
11:09:59 [POS] Lat: 47.397871, Lon: 8.544579, Alt: 15.49m
11:09:59 [POS] Lat: 47.397872, Lon: 8.544579, Alt: 15.49m
11:09:59 [POS] Lat: 47.397873, Lon: 8.544580, Alt: 15.49m
11:09:59 [POS] Lat: 47.397873, Lon: 8.544581, Alt: 15.50m
11:09:59 [POS] Lat: 47.397874, Lon: 8.544582, Alt: 15.50m
11:09:59 [POS] Lat: 47.397875, Lon: 8.544583, Alt: 15.50m
11:09:59 [POS] Lat: 47.397875, Lon: 8.544584, Alt: 15.50m
11:09:59 [POS] Lat: 47.397876, Lon: 8.544584, Alt: 15.51m
11:09:59 [POS] Lat: 47.397877, Lon: 8.544586, Alt: 15.51m
11:09:59 [POS] Lat: 47.397877, Lon: 8.544586, Alt: 15.51m
11:09:59 [POS] Lat: 47.397878, Lon: 8.544587, Alt: 15.52m
11:09:59 [POS] Lat: 47.397879, Lon: 8.544588, Alt: 15.52m
11:09:59 [POS] Lat: 47.397879, Lon: 8.544589, Alt: 15.52m
11:10:00 [POS] Lat: 47.397880, Lon: 8.544589, Alt: 15.52m
11:10:00 [POS] Lat: 47.397881, Lon: 8.544590, Alt: 15.53m
11:10:00 [POS] Lat: 47.397881, Lon: 8.544591, Alt: 15.53m
11:10:00 [POS] Lat: 47.397882, Lon: 8.544592, Alt: 15.53m
11:10:00 [POS] Lat: 47.397883, Lon: 8.544593, Alt: 15.54m
11:10:00 [POS] Lat: 47.397884, Lon: 8.544594, Alt: 15.54m
11:10:00 [POS] Lat: 47.397884, Lon: 8.544594, Alt: 15.54m
11:10:00 [POS] Lat: 47.397885, Lon: 8.544595, Alt: 15.55m
11:10:00 [POS] Lat: 47.397886, Lon: 8.544596, Alt: 15.55m
11:10:00 [POS] Lat: 47.397886, Lon: 8.544597, Alt: 15.55m
11:10:00 [POS] Lat: 47.397887, Lon: 8.544598, Alt: 15.55m
11:10:00 [POS] Lat: 47.397888, Lon: 8.544599, Alt: 15.56m
11:10:00 [POS] Lat: 47.397888, Lon: 8.544600, Alt: 15.56m
11:10:00 [BAT] Percentage: 66, Voltage: 15.30V
11:10:00 [POS] Lat: 47.397889, Lon: 8.544600, Alt: 15.56m
11:10:00 [POS] Lat: 47.397890, Lon: 8.544601, Alt: 15.56m
11:10:00 [POS] Lat: 47.397891, Lon: 8.544602, Alt: 15.57m
11:10:00 [POS] Lat: 47.397891, Lon: 8.544603, Alt: 15.57m
11:10:00 [POS] Lat: 47.397892, Lon: 8.544604, Alt: 15.57m
11:10:00 [POS] Lat: 47.397892, Lon: 8.544605, Alt: 15.57m
11:10:00 [POS] Lat: 47.397893, Lon: 8.544605, Alt: 15.57m
11:10:00 [POS] Lat: 47.397894, Lon: 8.544606, Alt: 15.58m
11:10:00 [POS] Lat: 47.397895, Lon: 8.544607, Alt: 15.58m
11:10:00 [POS] Lat: 47.397895, Lon: 8.544608, Alt: 15.58m
11:10:00 [POS] Lat: 47.397896, Lon: 8.544609, Alt: 15.58m
11:10:00 [POS] Lat: 47.397897, Lon: 8.544609, Alt: 15.59m
11:10:00 [POS] Lat: 47.397897, Lon: 8.544610, Alt: 15.59m
11:10:00 [POS] Lat: 47.397898, Lon: 8.544611, Alt: 15.59m
11:10:00 [POS] Lat: 47.397899, Lon: 8.544612, Alt: 15.59m
11:10:00 [POS] Lat: 47.397900, Lon: 8.544613, Alt: 15.59m
11:10:00 [POS] Lat: 47.397900, Lon: 8.544614, Alt: 15.59m
11:10:00 [POS] Lat: 47.397901, Lon: 8.544614, Alt: 15.59m
11:10:00 [POS] Lat: 47.397902, Lon: 8.544615, Alt: 15.59m
11:10:00 [POS] Lat: 47.397902, Lon: 8.544616, Alt: 15.59m
11:10:00 [POS] Lat: 47.397903, Lon: 8.544617, Alt: 15.60m
11:10:00 [POS] Lat: 47.397904, Lon: 8.544618, Alt: 15.60m
11:10:00 [POS] Lat: 47.397905, Lon: 8.544619, Alt: 15.60m
11:10:00 [POS] Lat: 47.397905, Lon: 8.544619, Alt: 15.61m
11:10:00 [POS] Lat: 47.397906, Lon: 8.544620, Alt: 15.61m
11:10:00 [POS] Lat: 47.397907, Lon: 8.544621, Alt: 15.61m
11:10:00 [POS] Lat: 47.397907, Lon: 8.544622, Alt: 15.62m
11:10:00 [POS] Lat: 47.397908, Lon: 8.544623, Alt: 15.62m
11:10:00 [POS] Lat: 47.397909, Lon: 8.544624, Alt: 15.62m
11:10:00 [POS] Lat: 47.397909, Lon: 8.544624, Alt: 15.62m
11:10:00 [POS] Lat: 47.397910, Lon: 8.544625, Alt: 15.63m
11:10:00 [POS] Lat: 47.397911, Lon: 8.544626, Alt: 15.63m
11:10:00 [POS] Lat: 47.397912, Lon: 8.544627, Alt: 15.63m
11:10:00 [POS] Lat: 47.397912, Lon: 8.544628, Alt: 15.63m
11:10:00 [POS] Lat: 47.397913, Lon: 8.544629, Alt: 15.64m
11:10:00 [POS] Lat: 47.397914, Lon: 8.544629, Alt: 15.64m
11:10:01 [POS] Lat: 47.397915, Lon: 8.544630, Alt: 15.64m
11:10:01 [POS] Lat: 47.397915, Lon: 8.544631, Alt: 15.64m
11:10:01 [POS] Lat: 47.397916, Lon: 8.544632, Alt: 15.65m
11:10:01 [POS] Lat: 47.397917, Lon: 8.544632, Alt: 15.65m
11:10:01 [POS] Lat: 47.397917, Lon: 8.544633, Alt: 15.65m
11:10:01 [POS] Lat: 47.397918, Lon: 8.544634, Alt: 15.66m
11:10:01 [POS] Lat: 47.397919, Lon: 8.544635, Alt: 15.66m
11:10:01 [POS] Lat: 47.397920, Lon: 8.544636, Alt: 15.66m
11:10:01 [POS] Lat: 47.397920, Lon: 8.544637, Alt: 15.66m
11:10:01 [POS] Lat: 47.397921, Lon: 8.544637, Alt: 15.67m
11:10:01 [POS] Lat: 47.397922, Lon: 8.544638, Alt: 15.67m
11:10:01 [POS] Lat: 47.397922, Lon: 8.544639, Alt: 15.67m
11:10:01 [POS] Lat: 47.397923, Lon: 8.544640, Alt: 15.67m
11:10:01 [POS] Lat: 47.397924, Lon: 8.544641, Alt: 15.67m
11:10:01 [POS] Lat: 47.397925, Lon: 8.544641, Alt: 15.67m
11:10:01 [POS] Lat: 47.397925, Lon: 8.544642, Alt: 15.68m
11:10:01 [POS] Lat: 47.397926, Lon: 8.544643, Alt: 15.68m
11:10:01 [POS] Lat: 47.397927, Lon: 8.544644, Alt: 15.68m
11:10:01 [POS] Lat: 47.397928, Lon: 8.544645, Alt: 15.68m
11:10:01 [POS] Lat: 47.397928, Lon: 8.544645, Alt: 15.68m
11:10:01 [POS] Lat: 47.397929, Lon: 8.544646, Alt: 15.69m
11:10:01 [POS] Lat: 47.397930, Lon: 8.544647, Alt: 15.69m
11:10:01 [POS] Lat: 47.397930, Lon: 8.544648, Alt: 15.69m
11:10:01 [POS] Lat: 47.397931, Lon: 8.544649, Alt: 15.69m
11:10:01 [POS] Lat: 47.397932, Lon: 8.544650, Alt: 15.69m
11:10:01 [POS] Lat: 47.397932, Lon: 8.544650, Alt: 15.70m
11:10:01 [POS] Lat: 47.397933, Lon: 8.544651, Alt: 15.70m
11:10:01 [POS] Lat: 47.397934, Lon: 8.544652, Alt: 15.70m
11:10:01 [POS] Lat: 47.397935, Lon: 8.544653, Alt: 15.71m
11:10:01 [POS] Lat: 47.397935, Lon: 8.544653, Alt: 15.71m
11:10:01 [POS] Lat: 47.397936, Lon: 8.544654, Alt: 15.72m
11:10:01 [POS] Lat: 47.397937, Lon: 8.544655, Alt: 15.72m
11:10:01 [POS] Lat: 47.397937, Lon: 8.544656, Alt: 15.73m
11:10:01 [POS] Lat: 47.397938, Lon: 8.544657, Alt: 15.73m
11:10:01 [POS] Lat: 47.397939, Lon: 8.544658, Alt: 15.73m
11:10:01 [POS] Lat: 47.397939, Lon: 8.544658, Alt: 15.74m
11:10:01 [POS] Lat: 47.397940, Lon: 8.544659, Alt: 15.74m
11:10:01 [POS] Lat: 47.397941, Lon: 8.544660, Alt: 15.75m
11:10:01 [POS] Lat: 47.397942, Lon: 8.544661, Alt: 15.75m
11:10:01 [POS] Lat: 47.397942, Lon: 8.544662, Alt: 15.75m
11:10:01 [POS] Lat: 47.397943, Lon: 8.544662, Alt: 15.76m
11:10:01 [POS] Lat: 47.397943, Lon: 8.544663, Alt: 15.76m
11:10:01 [POS] Lat: 47.397944, Lon: 8.544664, Alt: 15.76m
11:10:01 [POS] Lat: 47.397945, Lon: 8.544665, Alt: 15.77m
11:10:01 [POS] Lat: 47.397946, Lon: 8.544666, Alt: 15.77m
11:10:01 [POS] Lat: 47.397946, Lon: 8.544666, Alt: 15.77m
11:10:01 [POS] Lat: 47.397947, Lon: 8.544667, Alt: 15.78m
11:10:01 [POS] Lat: 47.397948, Lon: 8.544668, Alt: 15.78m
11:10:01 [POS] Lat: 47.397949, Lon: 8.544669, Alt: 15.78m
11:10:01 [POS] Lat: 47.397949, Lon: 8.544670, Alt: 15.78m
11:10:02 [POS] Lat: 47.397950, Lon: 8.544671, Alt: 15.78m
11:10:02 [POS] Lat: 47.397951, Lon: 8.544671, Alt: 15.79m
11:10:02 [POS] Lat: 47.397951, Lon: 8.544672, Alt: 15.79m
11:10:02 [POS] Lat: 47.397952, Lon: 8.544673, Alt: 15.79m
11:10:02 [POS] Lat: 47.397953, Lon: 8.544674, Alt: 15.79m
11:10:02 [POS] Lat: 47.397953, Lon: 8.544674, Alt: 15.80m
11:10:02 [POS] Lat: 47.397954, Lon: 8.544676, Alt: 15.80m
11:10:02 [POS] Lat: 47.397955, Lon: 8.544676, Alt: 15.80m
11:10:02 [POS] Lat: 47.397956, Lon: 8.544677, Alt: 15.80m
11:10:02 [POS] Lat: 47.397956, Lon: 8.544678, Alt: 15.80m
11:10:02 [POS] Lat: 47.397957, Lon: 8.544679, Alt: 15.80m
11:10:02 [POS] Lat: 47.397958, Lon: 8.544679, Alt: 15.81m
11:10:02 [POS] Lat: 47.397958, Lon: 8.544680, Alt: 15.81m
11:10:02 [POS] Lat: 47.397959, Lon: 8.544681, Alt: 15.81m
11:10:02 [BAT] Percentage: 66, Voltage: 15.30V
11:10:02 [POS] Lat: 47.397960, Lon: 8.544682, Alt: 15.81m
11:10:02 [POS] Lat: 47.397961, Lon: 8.544683, Alt: 15.81m
11:10:02 [POS] Lat: 47.397961, Lon: 8.544684, Alt: 15.81m
11:10:02 [POS] Lat: 47.397962, Lon: 8.544684, Alt: 15.81m
11:10:02 [POS] Lat: 47.397963, Lon: 8.544685, Alt: 15.81m
11:10:02 [POS] Lat: 47.397963, Lon: 8.544686, Alt: 15.82m
11:10:02 [POS] Lat: 47.397964, Lon: 8.544687, Alt: 15.82m
11:10:02 [POS] Lat: 47.397965, Lon: 8.544688, Alt: 15.82m
11:10:02 [POS] Lat: 47.397966, Lon: 8.544689, Alt: 15.82m
11:10:02 [POS] Lat: 47.397966, Lon: 8.544689, Alt: 15.83m
11:10:02 [POS] Lat: 47.397967, Lon: 8.544690, Alt: 15.83m
11:10:02 [POS] Lat: 47.397968, Lon: 8.544691, Alt: 15.83m
11:10:02 [POS] Lat: 47.397969, Lon: 8.544692, Alt: 15.83m
11:10:02 [POS] Lat: 47.397969, Lon: 8.544693, Alt: 15.83m
11:10:02 [POS] Lat: 47.397970, Lon: 8.544694, Alt: 15.84m
11:10:02 [POS] Lat: 47.397971, Lon: 8.544694, Alt: 15.84m
11:10:02 [POS] Lat: 47.397972, Lon: 8.544695, Alt: 15.84m
11:10:02 [POS] Lat: 47.397972, Lon: 8.544696, Alt: 15.84m
11:10:02 [POS] Lat: 47.397973, Lon: 8.544697, Alt: 15.84m
11:10:02 [POS] Lat: 47.397974, Lon: 8.544698, Alt: 15.85m
11:10:02 [POS] Lat: 47.397974, Lon: 8.544699, Alt: 15.85m
11:10:02 [POS] Lat: 47.397975, Lon: 8.544699, Alt: 15.85m
11:10:02 [POS] Lat: 47.397976, Lon: 8.544700, Alt: 15.86m
11:10:02 [POS] Lat: 47.397976, Lon: 8.544701, Alt: 15.86m
11:10:02 [POS] Lat: 47.397977, Lon: 8.544702, Alt: 15.86m
11:10:02 [POS] Lat: 47.397978, Lon: 8.544703, Alt: 15.86m
11:10:02 [POS] Lat: 47.397979, Lon: 8.544704, Alt: 15.87m
11:10:02 [POS] Lat: 47.397979, Lon: 8.544704, Alt: 15.87m
11:10:02 [POS] Lat: 47.397980, Lon: 8.544705, Alt: 15.87m
11:10:02 [POS] Lat: 47.397981, Lon: 8.544706, Alt: 15.88m
11:10:02 [POS] Lat: 47.397982, Lon: 8.544707, Alt: 15.88m
11:10:02 [POS] Lat: 47.397982, Lon: 8.544707, Alt: 15.88m
11:10:02 [POS] Lat: 47.397983, Lon: 8.544709, Alt: 15.89m
11:10:02 [POS] Lat: 47.397984, Lon: 8.544709, Alt: 15.89m
11:10:02 [POS] Lat: 47.397985, Lon: 8.544710, Alt: 15.89m
11:10:03 [POS] Lat: 47.397985, Lon: 8.544711, Alt: 15.89m
11:10:03 [POS] Lat: 47.397986, Lon: 8.544712, Alt: 15.90m
11:10:03 [POS] Lat: 47.397987, Lon: 8.544712, Alt: 15.90m
11:10:03 [POS] Lat: 47.397987, Lon: 8.544713, Alt: 15.90m
11:10:03 [POS] Lat: 47.397988, Lon: 8.544714, Alt: 15.91m
11:10:03 [POS] Lat: 47.397989, Lon: 8.544715, Alt: 15.91m
11:10:03 [POS] Lat: 47.397989, Lon: 8.544716, Alt: 15.92m
11:10:03 [POS] Lat: 47.397990, Lon: 8.544717, Alt: 15.92m
11:10:03 [POS] Lat: 47.397991, Lon: 8.544717, Alt: 15.92m
11:10:03 [POS] Lat: 47.397992, Lon: 8.544718, Alt: 15.93m
11:10:03 [POS] Lat: 47.397992, Lon: 8.544719, Alt: 15.93m
11:10:03 [POS] Lat: 47.397993, Lon: 8.544720, Alt: 15.94m
11:10:03 [POS] Lat: 47.397994, Lon: 8.544721, Alt: 15.94m
11:10:03 [POS] Lat: 47.397995, Lon: 8.544722, Alt: 15.94m
11:10:03 [POS] Lat: 47.397995, Lon: 8.544722, Alt: 15.95m
11:10:03 [POS] Lat: 47.397996, Lon: 8.544723, Alt: 15.95m
11:10:03 [POS] Lat: 47.397996, Lon: 8.544724, Alt: 15.95m
11:10:03 [POS] Lat: 47.397997, Lon: 8.544725, Alt: 15.96m
11:10:03 [POS] Lat: 47.397998, Lon: 8.544726, Alt: 15.96m
11:10:03 [POS] Lat: 47.397999, Lon: 8.544727, Alt: 15.96m
11:10:03 [POS] Lat: 47.397999, Lon: 8.544727, Alt: 15.97m
11:10:03 [POS] Lat: 47.398000, Lon: 8.544728, Alt: 15.97m
11:10:03 [POS] Lat: 47.398001, Lon: 8.544729, Alt: 15.97m
11:10:03 [POS] Lat: 47.398002, Lon: 8.544730, Alt: 15.98m
11:10:03 [POS] Lat: 47.398002, Lon: 8.544731, Alt: 15.98m
11:10:03 [POS] Lat: 47.398003, Lon: 8.544732, Alt: 15.98m
11:10:03 [POS] Lat: 47.398004, Lon: 8.544732, Alt: 15.98m
11:10:03 [POS] Lat: 47.398004, Lon: 8.544733, Alt: 15.99m
11:10:03 [POS] Lat: 47.398005, Lon: 8.544734, Alt: 15.99m
11:10:03 [POS] Lat: 47.398006, Lon: 8.544735, Alt: 16.00m
11:10:03 [POS] Lat: 47.398006, Lon: 8.544736, Alt: 16.00m
11:10:03 [POS] Lat: 47.398007, Lon: 8.544737, Alt: 16.00m
11:10:03 [POS] Lat: 47.398008, Lon: 8.544737, Alt: 16.00m
11:10:03 [POS] Lat: 47.398009, Lon: 8.544738, Alt: 16.01m
11:10:03 [POS] Lat: 47.398009, Lon: 8.544739, Alt: 16.01m
11:10:03 [POS] Lat: 47.398010, Lon: 8.544740, Alt: 16.01m
11:10:03 [POS] Lat: 47.398011, Lon: 8.544741, Alt: 16.02m
11:10:03 [POS] Lat: 47.398011, Lon: 8.544742, Alt: 16.02m
11:10:03 [POS] Lat: 47.398012, Lon: 8.544742, Alt: 16.02m
11:10:03 [POS] Lat: 47.398013, Lon: 8.544743, Alt: 16.03m
11:10:03 [POS] Lat: 47.398013, Lon: 8.544744, Alt: 16.03m
11:10:03 [POS] Lat: 47.398014, Lon: 8.544745, Alt: 16.03m
11:10:03 [POS] Lat: 47.398015, Lon: 8.544746, Alt: 16.03m
11:10:03 [POS] Lat: 47.398016, Lon: 8.544747, Alt: 16.03m
11:10:03 [POS] Lat: 47.398016, Lon: 8.544747, Alt: 16.04m
11:10:03 [POS] Lat: 47.398017, Lon: 8.544748, Alt: 16.04m
11:10:03 [POS] Lat: 47.398018, Lon: 8.544749, Alt: 16.04m
11:10:03 [POS] Lat: 47.398019, Lon: 8.544750, Alt: 16.05m
11:10:03 [POS] Lat: 47.398019, Lon: 8.544751, Alt: 16.05m
11:10:03 [POS] Lat: 47.398020, Lon: 8.544752, Alt: 16.05m
11:10:04 [POS] Lat: 47.398021, Lon: 8.544752, Alt: 16.05m
11:10:04 [POS] Lat: 47.398021, Lon: 8.544753, Alt: 16.06m
11:10:04 [POS] Lat: 47.398022, Lon: 8.544754, Alt: 16.06m
11:10:04 [POS] Lat: 47.398023, Lon: 8.544755, Alt: 16.06m
11:10:04 [POS] Lat: 47.398024, Lon: 8.544756, Alt: 16.06m
11:10:04 [POS] Lat: 47.398024, Lon: 8.544757, Alt: 16.06m
11:10:04 [POS] Lat: 47.398025, Lon: 8.544757, Alt: 16.06m
11:10:04 [POS] Lat: 47.398026, Lon: 8.544758, Alt: 16.07m
11:10:04 [POS] Lat: 47.398026, Lon: 8.544759, Alt: 16.07m
11:10:04 [POS] Lat: 47.398027, Lon: 8.544760, Alt: 16.07m
11:10:04 [POS] Lat: 47.398028, Lon: 8.544760, Alt: 16.07m
11:10:04 [POS] Lat: 47.398029, Lon: 8.544761, Alt: 16.07m
11:10:04 [POS] Lat: 47.398029, Lon: 8.544762, Alt: 16.07m
11:10:04 [POS] Lat: 47.398030, Lon: 8.544763, Alt: 16.07m
11:10:04 [POS] Lat: 47.398031, Lon: 8.544764, Alt: 16.07m
11:10:04 [BAT] Percentage: 66, Voltage: 15.30V
11:10:04 [POS] Lat: 47.398032, Lon: 8.544765, Alt: 16.07m
11:10:04 [POS] Lat: 47.398032, Lon: 8.544765, Alt: 16.07m
11:10:04 [POS] Lat: 47.398033, Lon: 8.544766, Alt: 16.07m
11:10:04 [POS] Lat: 47.398033, Lon: 8.544767, Alt: 16.06m
11:10:04 [POS] Lat: 47.398034, Lon: 8.544768, Alt: 16.06m
11:10:04 [POS] Lat: 47.398035, Lon: 8.544768, Alt: 16.06m
11:10:04 [POS] Lat: 47.398036, Lon: 8.544769, Alt: 16.06m
11:10:04 [POS] Lat: 47.398036, Lon: 8.544770, Alt: 16.06m
11:10:04 [POS] Lat: 47.398037, Lon: 8.544771, Alt: 16.06m
11:10:04 [POS] Lat: 47.398038, Lon: 8.544772, Alt: 16.06m
11:10:04 [POS] Lat: 47.398039, Lon: 8.544773, Alt: 16.06m
11:10:04 [POS] Lat: 47.398039, Lon: 8.544773, Alt: 16.06m
11:10:04 [POS] Lat: 47.398040, Lon: 8.544774, Alt: 16.06m
11:10:04 [POS] Lat: 47.398041, Lon: 8.544775, Alt: 16.06m
11:10:04 [POS] Lat: 47.398041, Lon: 8.544776, Alt: 16.06m
11:10:04 [POS] Lat: 47.398042, Lon: 8.544776, Alt: 16.06m
11:10:04 [POS] Lat: 47.398043, Lon: 8.544777, Alt: 16.06m
11:10:04 [POS] Lat: 47.398043, Lon: 8.544778, Alt: 16.06m
11:10:04 [POS] Lat: 47.398044, Lon: 8.544779, Alt: 16.06m
11:10:04 [POS] Lat: 47.398045, Lon: 8.544780, Alt: 16.06m
11:10:04 [POS] Lat: 47.398045, Lon: 8.544781, Alt: 16.06m
11:10:04 [POS] Lat: 47.398046, Lon: 8.544781, Alt: 16.06m
11:10:04 [POS] Lat: 47.398047, Lon: 8.544782, Alt: 16.06m
11:10:04 [POS] Lat: 47.398047, Lon: 8.544783, Alt: 16.06m
11:10:04 [POS] Lat: 47.398048, Lon: 8.544784, Alt: 16.07m
11:10:04 [POS] Lat: 47.398049, Lon: 8.544784, Alt: 16.07m
11:10:04 [POS] Lat: 47.398050, Lon: 8.544785, Alt: 16.07m
11:10:04 [POS] Lat: 47.398050, Lon: 8.544786, Alt: 16.07m
11:10:04 [POS] Lat: 47.398051, Lon: 8.544787, Alt: 16.07m
11:10:04 [POS] Lat: 47.398052, Lon: 8.544788, Alt: 16.07m
11:10:04 [POS] Lat: 47.398053, Lon: 8.544789, Alt: 16.08m
11:10:04 [POS] Lat: 47.398053, Lon: 8.544789, Alt: 16.08m
11:10:04 [POS] Lat: 47.398054, Lon: 8.544790, Alt: 16.08m
11:10:04 [POS] Lat: 47.398055, Lon: 8.544791, Alt: 16.08m
11:10:05 [POS] Lat: 47.398055, Lon: 8.544792, Alt: 16.09m
11:10:05 [POS] Lat: 47.398056, Lon: 8.544792, Alt: 16.09m
11:10:05 [POS] Lat: 47.398057, Lon: 8.544793, Alt: 16.10m
11:10:05 [POS] Lat: 47.398057, Lon: 8.544794, Alt: 16.10m
11:10:05 [POS] Lat: 47.398058, Lon: 8.544795, Alt: 16.10m
11:10:05 [POS] Lat: 47.398059, Lon: 8.544796, Alt: 16.11m
11:10:05 [POS] Lat: 47.398060, Lon: 8.544797, Alt: 16.11m
11:10:05 [POS] Lat: 47.398060, Lon: 8.544797, Alt: 16.11m
11:10:05 [POS] Lat: 47.398061, Lon: 8.544798, Alt: 16.12m
11:10:05 [POS] Lat: 47.398062, Lon: 8.544799, Alt: 16.12m
11:10:05 [POS] Lat: 47.398062, Lon: 8.544800, Alt: 16.13m
11:10:05 [POS] Lat: 47.398063, Lon: 8.544801, Alt: 16.13m
11:10:05 [POS] Lat: 47.398064, Lon: 8.544802, Alt: 16.14m
11:10:05 [POS] Lat: 47.398064, Lon: 8.544802, Alt: 16.14m
11:10:05 [POS] Lat: 47.398065, Lon: 8.544804, Alt: 16.15m
11:10:05 [POS] Lat: 47.398066, Lon: 8.544804, Alt: 16.15m
11:10:05 [POS] Lat: 47.398067, Lon: 8.544805, Alt: 16.16m
11:10:05 [POS] Lat: 47.398067, Lon: 8.544806, Alt: 16.16m
11:10:05 [POS] Lat: 47.398068, Lon: 8.544807, Alt: 16.16m
11:10:05 [POS] Lat: 47.398069, Lon: 8.544807, Alt: 16.16m
11:10:05 [POS] Lat: 47.398070, Lon: 8.544809, Alt: 16.17m
11:10:05 [POS] Lat: 47.398070, Lon: 8.544809, Alt: 16.17m
11:10:05 [POS] Lat: 47.398071, Lon: 8.544810, Alt: 16.17m
11:10:05 [POS] Lat: 47.398072, Lon: 8.544811, Alt: 16.18m
11:10:05 [POS] Lat: 47.398072, Lon: 8.544812, Alt: 16.18m
11:10:05 [POS] Lat: 47.398073, Lon: 8.544812, Alt: 16.18m
11:10:05 [POS] Lat: 47.398074, Lon: 8.544814, Alt: 16.19m
11:10:05 [POS] Lat: 47.398074, Lon: 8.544814, Alt: 16.19m
11:10:05 [POS] Lat: 47.398075, Lon: 8.544815, Alt: 16.19m
11:10:05 [POS] Lat: 47.398076, Lon: 8.544816, Alt: 16.19m
11:10:05 [POS] Lat: 47.398076, Lon: 8.544817, Alt: 16.20m
11:10:05 [POS] Lat: 47.398077, Lon: 8.544818, Alt: 16.20m
11:10:05 [POS] Lat: 47.398078, Lon: 8.544819, Alt: 16.20m
11:10:05 [POS] Lat: 47.398078, Lon: 8.544819, Alt: 16.20m
11:10:05 [POS] Lat: 47.398079, Lon: 8.544820, Alt: 16.20m
11:10:05 [POS] Lat: 47.398080, Lon: 8.544821, Alt: 16.20m
11:10:05 [POS] Lat: 47.398081, Lon: 8.544822, Alt: 16.21m
11:10:05 [POS] Lat: 47.398081, Lon: 8.544823, Alt: 16.21m
11:10:05 [POS] Lat: 47.398082, Lon: 8.544824, Alt: 16.21m
11:10:05 [POS] Lat: 47.398083, Lon: 8.544824, Alt: 16.21m
11:10:05 [POS] Lat: 47.398083, Lon: 8.544825, Alt: 16.22m
11:10:05 [POS] Lat: 47.398084, Lon: 8.544826, Alt: 16.22m
11:10:05 [POS] Lat: 47.398085, Lon: 8.544827, Alt: 16.22m
11:10:05 [POS] Lat: 47.398085, Lon: 8.544828, Alt: 16.22m
11:10:05 [POS] Lat: 47.398086, Lon: 8.544829, Alt: 16.22m
11:10:05 [POS] Lat: 47.398087, Lon: 8.544829, Alt: 16.22m
11:10:05 [POS] Lat: 47.398088, Lon: 8.544830, Alt: 16.22m
11:10:05 [POS] Lat: 47.398088, Lon: 8.544831, Alt: 16.23m
11:10:05 [POS] Lat: 47.398089, Lon: 8.544832, Alt: 16.23m
11:10:05 [POS] Lat: 47.398090, Lon: 8.544833, Alt: 16.23m
11:10:06 [POS] Lat: 47.398090, Lon: 8.544834, Alt: 16.23m
11:10:06 [POS] Lat: 47.398091, Lon: 8.544834, Alt: 16.23m
11:10:06 [POS] Lat: 47.398092, Lon: 8.544835, Alt: 16.24m
11:10:06 [POS] Lat: 47.398092, Lon: 8.544836, Alt: 16.24m
11:10:06 [POS] Lat: 47.398093, Lon: 8.544837, Alt: 16.24m
11:10:06 [POS] Lat: 47.398094, Lon: 8.544838, Alt: 16.24m
11:10:06 [POS] Lat: 47.398094, Lon: 8.544839, Alt: 16.25m
11:10:06 [POS] Lat: 47.398095, Lon: 8.544839, Alt: 16.25m
11:10:06 [POS] Lat: 47.398096, Lon: 8.544840, Alt: 16.25m
11:10:06 [POS] Lat: 47.398097, Lon: 8.544841, Alt: 16.25m
11:10:06 [POS] Lat: 47.398097, Lon: 8.544842, Alt: 16.26m
11:10:06 [POS] Lat: 47.398098, Lon: 8.544843, Alt: 16.26m
11:10:06 [POS] Lat: 47.398099, Lon: 8.544844, Alt: 16.26m
11:10:06 [POS] Lat: 47.398099, Lon: 8.544844, Alt: 16.26m
11:10:06 [POS] Lat: 47.398100, Lon: 8.544845, Alt: 16.27m
11:10:06 [POS] Lat: 47.398101, Lon: 8.544846, Alt: 16.27m
11:10:06 [BAT] Percentage: 66, Voltage: 15.30V
11:10:06 [POS] Lat: 47.398101, Lon: 8.544847, Alt: 16.27m
11:10:06 [POS] Lat: 47.398102, Lon: 8.544847, Alt: 16.27m
11:10:06 [POS] Lat: 47.398103, Lon: 8.544848, Alt: 16.28m
11:10:06 [POS] Lat: 47.398103, Lon: 8.544849, Alt: 16.28m
11:10:06 [POS] Lat: 47.398104, Lon: 8.544850, Alt: 16.28m
11:10:06 [POS] Lat: 47.398105, Lon: 8.544851, Alt: 16.29m
11:10:06 [POS] Lat: 47.398106, Lon: 8.544852, Alt: 16.29m
11:10:06 [POS] Lat: 47.398106, Lon: 8.544852, Alt: 16.29m
11:10:06 [POS] Lat: 47.398107, Lon: 8.544854, Alt: 16.30m
11:10:06 [POS] Lat: 47.398108, Lon: 8.544854, Alt: 16.30m
11:10:06 [POS] Lat: 47.398108, Lon: 8.544855, Alt: 16.30m
11:10:06 [POS] Lat: 47.398109, Lon: 8.544856, Alt: 16.31m
11:10:06 [POS] Lat: 47.398110, Lon: 8.544857, Alt: 16.31m
11:10:06 [POS] Lat: 47.398110, Lon: 8.544857, Alt: 16.31m
11:10:06 [POS] Lat: 47.398111, Lon: 8.544858, Alt: 16.32m
11:10:06 [POS] Lat: 47.398112, Lon: 8.544859, Alt: 16.32m
11:10:06 [POS] Lat: 47.398113, Lon: 8.544860, Alt: 16.32m
11:10:06 [POS] Lat: 47.398113, Lon: 8.544861, Alt: 16.32m
11:10:06 [POS] Lat: 47.398114, Lon: 8.544862, Alt: 16.32m
11:10:06 [POS] Lat: 47.398115, Lon: 8.544862, Alt: 16.33m
11:10:06 [POS] Lat: 47.398116, Lon: 8.544863, Alt: 16.33m
11:10:06 [POS] Lat: 47.398116, Lon: 8.544864, Alt: 16.33m
11:10:06 [POS] Lat: 47.398117, Lon: 8.544865, Alt: 16.34m
11:10:06 [POS] Lat: 47.398118, Lon: 8.544866, Alt: 16.34m
11:10:06 [POS] Lat: 47.398118, Lon: 8.544867, Alt: 16.34m
11:10:06 [POS] Lat: 47.398119, Lon: 8.544867, Alt: 16.35m
11:10:06 [POS] Lat: 47.398120, Lon: 8.544868, Alt: 16.35m
11:10:06 [POS] Lat: 47.398120, Lon: 8.544869, Alt: 16.35m
11:10:06 [POS] Lat: 47.398121, Lon: 8.544870, Alt: 16.36m
11:10:06 [POS] Lat: 47.398122, Lon: 8.544870, Alt: 16.36m
11:10:06 [POS] Lat: 47.398123, Lon: 8.544871, Alt: 16.36m
11:10:06 [POS] Lat: 47.398123, Lon: 8.544872, Alt: 16.37m
11:10:06 [POS] Lat: 47.398124, Lon: 8.544873, Alt: 16.37m
11:10:07 [POS] Lat: 47.398125, Lon: 8.544874, Alt: 16.37m
11:10:07 [POS] Lat: 47.398126, Lon: 8.544874, Alt: 16.37m
11:10:07 [POS] Lat: 47.398126, Lon: 8.544875, Alt: 16.37m
11:10:07 [POS] Lat: 47.398127, Lon: 8.544876, Alt: 16.38m
11:10:07 [POS] Lat: 47.398128, Lon: 8.544877, Alt: 16.38m
11:10:07 [POS] Lat: 47.398128, Lon: 8.544878, Alt: 16.38m
11:10:07 [POS] Lat: 47.398129, Lon: 8.544878, Alt: 16.39m
11:10:07 [POS] Lat: 47.398130, Lon: 8.544879, Alt: 16.39m
11:10:07 [POS] Lat: 47.398131, Lon: 8.544880, Alt: 16.39m
11:10:07 [POS] Lat: 47.398131, Lon: 8.544881, Alt: 16.40m
11:10:07 [POS] Lat: 47.398132, Lon: 8.544881, Alt: 16.40m
11:10:07 [POS] Lat: 47.398133, Lon: 8.544882, Alt: 16.40m
11:10:07 [POS] Lat: 47.398134, Lon: 8.544883, Alt: 16.40m
11:10:07 [POS] Lat: 47.398134, Lon: 8.544884, Alt: 16.40m
11:10:07 [POS] Lat: 47.398135, Lon: 8.544885, Alt: 16.40m
11:10:07 [POS] Lat: 47.398136, Lon: 8.544886, Alt: 16.40m
11:10:07 [POS] Lat: 47.398136, Lon: 8.544886, Alt: 16.41m
11:10:07 [POS] Lat: 47.398137, Lon: 8.544887, Alt: 16.41m
11:10:07 [POS] Lat: 47.398138, Lon: 8.544888, Alt: 16.41m
11:10:07 [POS] Lat: 47.398139, Lon: 8.544889, Alt: 16.41m
11:10:07 [POS] Lat: 47.398139, Lon: 8.544890, Alt: 16.41m
11:10:07 [POS] Lat: 47.398140, Lon: 8.544890, Alt: 16.42m
11:10:07 [POS] Lat: 47.398141, Lon: 8.544891, Alt: 16.42m
11:10:07 [POS] Lat: 47.398142, Lon: 8.544892, Alt: 16.42m
11:10:07 [POS] Lat: 47.398142, Lon: 8.544893, Alt: 16.43m
11:10:07 [POS] Lat: 47.398143, Lon: 8.544894, Alt: 16.43m
11:10:07 [POS] Lat: 47.398144, Lon: 8.544894, Alt: 16.43m
11:10:07 [POS] Lat: 47.398145, Lon: 8.544895, Alt: 16.44m
11:10:07 [POS] Lat: 47.398145, Lon: 8.544896, Alt: 16.44m
11:10:07 [POS] Lat: 47.398146, Lon: 8.544897, Alt: 16.44m
11:10:07 [POS] Lat: 47.398146, Lon: 8.544898, Alt: 16.45m
11:10:07 [POS] Lat: 47.398147, Lon: 8.544899, Alt: 16.45m
11:10:07 [POS] Lat: 47.398148, Lon: 8.544899, Alt: 16.45m
11:10:07 [POS] Lat: 47.398149, Lon: 8.544900, Alt: 16.46m
11:10:07 [POS] Lat: 47.398149, Lon: 8.544901, Alt: 16.46m
11:10:07 [POS] Lat: 47.398150, Lon: 8.544902, Alt: 16.47m
11:10:07 [POS] Lat: 47.398151, Lon: 8.544903, Alt: 16.47m
11:10:07 [POS] Lat: 47.398152, Lon: 8.544904, Alt: 16.48m
11:10:07 [POS] Lat: 47.398152, Lon: 8.544904, Alt: 16.48m
11:10:07 [POS] Lat: 47.398153, Lon: 8.544905, Alt: 16.48m
11:10:07 [POS] Lat: 47.398154, Lon: 8.544906, Alt: 16.49m
11:10:07 [POS] Lat: 47.398155, Lon: 8.544907, Alt: 16.49m
11:10:07 [POS] Lat: 47.398155, Lon: 8.544908, Alt: 16.49m
11:10:07 [POS] Lat: 47.398156, Lon: 8.544909, Alt: 16.50m
11:10:07 [POS] Lat: 47.398157, Lon: 8.544909, Alt: 16.50m
11:10:07 [POS] Lat: 47.398157, Lon: 8.544910, Alt: 16.51m
11:10:07 [POS] Lat: 47.398158, Lon: 8.544911, Alt: 16.51m
11:10:07 [POS] Lat: 47.398159, Lon: 8.544912, Alt: 16.52m
11:10:07 [POS] Lat: 47.398159, Lon: 8.544913, Alt: 16.52m
11:10:08 [POS] Lat: 47.398160, Lon: 8.544914, Alt: 16.52m
11:10:08 [POS] Lat: 47.398161, Lon: 8.544914, Alt: 16.52m
11:10:08 [POS] Lat: 47.398162, Lon: 8.544915, Alt: 16.53m
11:10:08 [POS] Lat: 47.398162, Lon: 8.544916, Alt: 16.53m
11:10:08 [POS] Lat: 47.398163, Lon: 8.544917, Alt: 16.53m
11:10:08 [POS] Lat: 47.398164, Lon: 8.544918, Alt: 16.53m
11:10:08 [POS] Lat: 47.398165, Lon: 8.544918, Alt: 16.54m
11:10:08 [POS] Lat: 47.398165, Lon: 8.544919, Alt: 16.54m
11:10:08 [POS] Lat: 47.398166, Lon: 8.544920, Alt: 16.54m
11:10:08 [POS] Lat: 47.398167, Lon: 8.544921, Alt: 16.55m
11:10:08 [POS] Lat: 47.398167, Lon: 8.544922, Alt: 16.55m
11:10:08 [POS] Lat: 47.398168, Lon: 8.544923, Alt: 16.55m
11:10:08 [POS] Lat: 47.398169, Lon: 8.544923, Alt: 16.56m
11:10:08 [POS] Lat: 47.398169, Lon: 8.544924, Alt: 16.56m
11:10:08 [POS] Lat: 47.398170, Lon: 8.544925, Alt: 16.56m
11:10:08 [POS] Lat: 47.398171, Lon: 8.544926, Alt: 16.56m
11:10:08 [POS] Lat: 47.398172, Lon: 8.544927, Alt: 16.57m
11:10:08 [POS] Lat: 47.398172, Lon: 8.544927, Alt: 16.57m
11:10:08 [BAT] Percentage: 66, Voltage: 15.30V
11:10:08 [POS] Lat: 47.398173, Lon: 8.544928, Alt: 16.57m
11:10:08 [POS] Lat: 47.398174, Lon: 8.544929, Alt: 16.57m
11:10:08 [POS] Lat: 47.398174, Lon: 8.544930, Alt: 16.57m
11:10:08 [POS] Lat: 47.398175, Lon: 8.544931, Alt: 16.57m
11:10:08 [POS] Lat: 47.398176, Lon: 8.544932, Alt: 16.57m
11:10:08 [POS] Lat: 47.398176, Lon: 8.544932, Alt: 16.57m
11:10:08 [POS] Lat: 47.398177, Lon: 8.544933, Alt: 16.58m
11:10:08 [POS] Lat: 47.398178, Lon: 8.544934, Alt: 16.58m
11:10:08 [POS] Lat: 47.398179, Lon: 8.544935, Alt: 16.58m
11:10:08 [POS] Lat: 47.398179, Lon: 8.544936, Alt: 16.58m
11:10:08 [POS] Lat: 47.398180, Lon: 8.544937, Alt: 16.58m
11:10:08 [POS] Lat: 47.398181, Lon: 8.544937, Alt: 16.58m
11:10:08 [POS] Lat: 47.398181, Lon: 8.544938, Alt: 16.58m
11:10:08 [POS] Lat: 47.398182, Lon: 8.544939, Alt: 16.59m
11:10:08 [POS] Lat: 47.398183, Lon: 8.544940, Alt: 16.59m
11:10:08 [POS] Lat: 47.398183, Lon: 8.544941, Alt: 16.59m
11:10:08 [POS] Lat: 47.398184, Lon: 8.544942, Alt: 16.59m
11:10:08 [POS] Lat: 47.398185, Lon: 8.544942, Alt: 16.60m
11:10:08 [POS] Lat: 47.398186, Lon: 8.544943, Alt: 16.60m
11:10:08 [POS] Lat: 47.398186, Lon: 8.544944, Alt: 16.60m
11:10:08 [POS] Lat: 47.398187, Lon: 8.544945, Alt: 16.60m
11:10:08 [POS] Lat: 47.398187, Lon: 8.544946, Alt: 16.60m
11:10:08 [POS] Lat: 47.398188, Lon: 8.544947, Alt: 16.61m
11:10:08 [POS] Lat: 47.398189, Lon: 8.544947, Alt: 16.61m
11:10:08 [POS] Lat: 47.398190, Lon: 8.544948, Alt: 16.61m
11:10:08 [POS] Lat: 47.398190, Lon: 8.544949, Alt: 16.61m
11:10:08 [POS] Lat: 47.398191, Lon: 8.544950, Alt: 16.62m
11:10:08 [POS] Lat: 47.398192, Lon: 8.544951, Alt: 16.62m
11:10:08 [POS] Lat: 47.398193, Lon: 8.544951, Alt: 16.62m
11:10:08 [POS] Lat: 47.398193, Lon: 8.544952, Alt: 16.62m
11:10:08 [POS] Lat: 47.398194, Lon: 8.544953, Alt: 16.62m
11:10:08 [POS] Lat: 47.398194, Lon: 8.544954, Alt: 16.63m
11:10:09 [POS] Lat: 47.398195, Lon: 8.544955, Alt: 16.63m
11:10:09 [POS] Lat: 47.398196, Lon: 8.544956, Alt: 16.63m
11:10:09 [POS] Lat: 47.398197, Lon: 8.544956, Alt: 16.63m
11:10:09 [POS] Lat: 47.398197, Lon: 8.544957, Alt: 16.64m
11:10:09 [POS] Lat: 47.398198, Lon: 8.544958, Alt: 16.64m
11:10:09 [POS] Lat: 47.398199, Lon: 8.544959, Alt: 16.64m
11:10:09 [POS] Lat: 47.398200, Lon: 8.544960, Alt: 16.64m
11:10:09 [POS] Lat: 47.398200, Lon: 8.544960, Alt: 16.64m
11:10:09 [POS] Lat: 47.398201, Lon: 8.544961, Alt: 16.65m
11:10:09 [POS] Lat: 47.398201, Lon: 8.544962, Alt: 16.65m
11:10:09 [POS] Lat: 47.398202, Lon: 8.544963, Alt: 16.65m
11:10:09 [POS] Lat: 47.398203, Lon: 8.544964, Alt: 16.65m
11:10:09 [POS] Lat: 47.398204, Lon: 8.544965, Alt: 16.65m
11:10:09 [POS] Lat: 47.398204, Lon: 8.544965, Alt: 16.66m
11:10:09 [POS] Lat: 47.398205, Lon: 8.544966, Alt: 16.66m
11:10:09 [POS] Lat: 47.398206, Lon: 8.544967, Alt: 16.66m
11:10:09 [POS] Lat: 47.398207, Lon: 8.544968, Alt: 16.67m
11:10:09 [POS] Lat: 47.398207, Lon: 8.544969, Alt: 16.67m
11:10:09 [POS] Lat: 47.398208, Lon: 8.544970, Alt: 16.67m
11:10:09 [POS] Lat: 47.398208, Lon: 8.544970, Alt: 16.68m
11:10:09 [POS] Lat: 47.398209, Lon: 8.544971, Alt: 16.68m
11:10:09 [POS] Lat: 47.398210, Lon: 8.544972, Alt: 16.68m
11:10:09 [POS] Lat: 47.398211, Lon: 8.544973, Alt: 16.69m
11:10:09 [POS] Lat: 47.398211, Lon: 8.544973, Alt: 16.69m
11:10:09 [POS] Lat: 47.398212, Lon: 8.544975, Alt: 16.69m
11:10:09 [POS] Lat: 47.398213, Lon: 8.544975, Alt: 16.70m
11:10:09 [POS] Lat: 47.398214, Lon: 8.544976, Alt: 16.70m
11:10:09 [POS] Lat: 47.398214, Lon: 8.544977, Alt: 16.70m
11:10:09 [POS] Lat: 47.398215, Lon: 8.544978, Alt: 16.71m
11:10:09 [POS] Lat: 47.398216, Lon: 8.544978, Alt: 16.71m
11:10:09 [POS] Lat: 47.398216, Lon: 8.544979, Alt: 16.72m
11:10:09 [POS] Lat: 47.398217, Lon: 8.544980, Alt: 16.72m
11:10:09 [POS] Lat: 47.398218, Lon: 8.544981, Alt: 16.72m
11:10:09 [POS] Lat: 47.398218, Lon: 8.544982, Alt: 16.73m
11:10:09 [POS] Lat: 47.398219, Lon: 8.544983, Alt: 16.73m
11:10:09 [POS] Lat: 47.398220, Lon: 8.544983, Alt: 16.74m
11:10:09 [POS] Lat: 47.398221, Lon: 8.544984, Alt: 16.74m
11:10:09 [POS] Lat: 47.398221, Lon: 8.544985, Alt: 16.74m
11:10:09 [POS] Lat: 47.398222, Lon: 8.544986, Alt: 16.75m
11:10:09 [POS] Lat: 47.398223, Lon: 8.544987, Alt: 16.75m
11:10:09 [POS] Lat: 47.398224, Lon: 8.544988, Alt: 16.75m
11:10:09 [POS] Lat: 47.398224, Lon: 8.544988, Alt: 16.76m
11:10:09 [POS] Lat: 47.398225, Lon: 8.544989, Alt: 16.76m
11:10:09 [POS] Lat: 47.398225, Lon: 8.544990, Alt: 16.76m
11:10:09 [POS] Lat: 47.398226, Lon: 8.544991, Alt: 16.77m
11:10:09 [POS] Lat: 47.398227, Lon: 8.544992, Alt: 16.77m
11:10:09 [POS] Lat: 47.398228, Lon: 8.544993, Alt: 16.77m
11:10:09 [POS] Lat: 47.398228, Lon: 8.544993, Alt: 16.77m
11:10:09 [POS] Lat: 47.398229, Lon: 8.544994, Alt: 16.77m
11:10:10 [POS] Lat: 47.398230, Lon: 8.544995, Alt: 16.77m
11:10:10 [POS] Lat: 47.398231, Lon: 8.544996, Alt: 16.78m
11:10:10 [POS] Lat: 47.398231, Lon: 8.544996, Alt: 16.78m
11:10:10 [POS] Lat: 47.398232, Lon: 8.544997, Alt: 16.78m
11:10:10 [POS] Lat: 47.398233, Lon: 8.544998, Alt: 16.78m
11:10:10 [POS] Lat: 47.398233, Lon: 8.544999, Alt: 16.78m
11:10:10 [POS] Lat: 47.398234, Lon: 8.545000, Alt: 16.79m
11:10:10 [POS] Lat: 47.398235, Lon: 8.545001, Alt: 16.79m
11:10:10 [POS] Lat: 47.398235, Lon: 8.545001, Alt: 16.79m
11:10:10 [POS] Lat: 47.398236, Lon: 8.545002, Alt: 16.80m
11:10:10 [POS] Lat: 47.398237, Lon: 8.545003, Alt: 16.80m
11:10:10 [POS] Lat: 47.398238, Lon: 8.545004, Alt: 16.80m
11:10:10 [POS] Lat: 47.398238, Lon: 8.545005, Alt: 16.81m
11:10:10 [POS] Lat: 47.398239, Lon: 8.545006, Alt: 16.81m
11:10:10 [POS] Lat: 47.398240, Lon: 8.545007, Alt: 16.81m
11:10:10 [POS] Lat: 47.398240, Lon: 8.545008, Alt: 16.81m
11:10:10 [POS] Lat: 47.398241, Lon: 8.545008, Alt: 16.81m
11:10:10 [POS] Lat: 47.398242, Lon: 8.545009, Alt: 16.82m
11:10:10 [POS] Lat: 47.398242, Lon: 8.545010, Alt: 16.82m
11:10:10 [BAT] Percentage: 66, Voltage: 15.30V
11:10:10 [POS] Lat: 47.398243, Lon: 8.545011, Alt: 16.82m
11:10:10 [POS] Lat: 47.398244, Lon: 8.545011, Alt: 16.82m
11:10:10 [POS] Lat: 47.398245, Lon: 8.545013, Alt: 16.82m
11:10:10 [POS] Lat: 47.398245, Lon: 8.545013, Alt: 16.83m
11:10:10 [POS] Lat: 47.398246, Lon: 8.545014, Alt: 16.83m
11:10:10 [POS] Lat: 47.398247, Lon: 8.545015, Alt: 16.83m
11:10:10 [POS] Lat: 47.398248, Lon: 8.545016, Alt: 16.83m
11:10:10 [POS] Lat: 47.398248, Lon: 8.545016, Alt: 16.83m
11:10:10 [POS] Lat: 47.398249, Lon: 8.545017, Alt: 16.84m
11:10:10 [POS] Lat: 47.398250, Lon: 8.545018, Alt: 16.84m
11:10:10 [POS] Lat: 47.398250, Lon: 8.545019, Alt: 16.84m
11:10:10 [POS] Lat: 47.398251, Lon: 8.545020, Alt: 16.84m
11:10:10 [POS] Lat: 47.398252, Lon: 8.545021, Alt: 16.84m
11:10:10 [POS] Lat: 47.398252, Lon: 8.545021, Alt: 16.85m
11:10:10 [POS] Lat: 47.398253, Lon: 8.545022, Alt: 16.85m
11:10:10 [POS] Lat: 47.398254, Lon: 8.545023, Alt: 16.85m
11:10:10 [POS] Lat: 47.398255, Lon: 8.545024, Alt: 16.85m
11:10:10 [POS] Lat: 47.398255, Lon: 8.545025, Alt: 16.85m
11:10:10 [POS] Lat: 47.398256, Lon: 8.545025, Alt: 16.86m
11:10:10 [POS] Lat: 47.398257, Lon: 8.545026, Alt: 16.86m
11:10:10 [POS] Lat: 47.398257, Lon: 8.545027, Alt: 16.86m
11:10:10 [POS] Lat: 47.398258, Lon: 8.545028, Alt: 16.86m
11:10:10 [POS] Lat: 47.398259, Lon: 8.545029, Alt: 16.86m
11:10:10 [POS] Lat: 47.398259, Lon: 8.545029, Alt: 16.87m
11:10:10 [POS] Lat: 47.398260, Lon: 8.545030, Alt: 16.87m
11:10:10 [POS] Lat: 47.398261, Lon: 8.545031, Alt: 16.87m
11:10:10 [POS] Lat: 47.398262, Lon: 8.545032, Alt: 16.88m
11:10:10 [POS] Lat: 47.398262, Lon: 8.545033, Alt: 16.88m
11:10:10 [POS] Lat: 47.398263, Lon: 8.545034, Alt: 16.88m
11:10:10 [POS] Lat: 47.398264, Lon: 8.545034, Alt: 16.88m
11:10:10 [POS] Lat: 47.398264, Lon: 8.545035, Alt: 16.89m
11:10:11 [POS] Lat: 47.398265, Lon: 8.545036, Alt: 16.89m
11:10:11 [POS] Lat: 47.398266, Lon: 8.545037, Alt: 16.89m
11:10:11 [POS] Lat: 47.398266, Lon: 8.545037, Alt: 16.90m
11:10:11 [POS] Lat: 47.398267, Lon: 8.545039, Alt: 16.90m
11:10:11 [POS] Lat: 47.398268, Lon: 8.545039, Alt: 16.90m
11:10:11 [POS] Lat: 47.398269, Lon: 8.545040, Alt: 16.91m
11:10:11 [POS] Lat: 47.398269, Lon: 8.545041, Alt: 16.91m
11:10:11 [POS] Lat: 47.398270, Lon: 8.545042, Alt: 16.92m
11:10:11 [POS] Lat: 47.398271, Lon: 8.545042, Alt: 16.92m
11:10:11 [POS] Lat: 47.398271, Lon: 8.545043, Alt: 16.92m
11:10:11 [POS] Lat: 47.398272, Lon: 8.545044, Alt: 16.92m
11:10:11 [POS] Lat: 47.398273, Lon: 8.545045, Alt: 16.93m
11:10:11 [POS] Lat: 47.398273, Lon: 8.545046, Alt: 16.93m
11:10:11 [POS] Lat: 47.398274, Lon: 8.545047, Alt: 16.93m
11:10:11 [POS] Lat: 47.398275, Lon: 8.545047, Alt: 16.94m
11:10:11 [POS] Lat: 47.398276, Lon: 8.545048, Alt: 16.94m
11:10:11 [POS] Lat: 47.398276, Lon: 8.545049, Alt: 16.94m
11:10:11 [POS] Lat: 47.398277, Lon: 8.545050, Alt: 16.94m
11:10:11 [POS] Lat: 47.398277, Lon: 8.545051, Alt: 16.94m
11:10:11 [POS] Lat: 47.398278, Lon: 8.545052, Alt: 16.95m
11:10:11 [POS] Lat: 47.398279, Lon: 8.545052, Alt: 16.95m
11:10:11 [POS] Lat: 47.398280, Lon: 8.545053, Alt: 16.95m
11:10:11 [POS] Lat: 47.398280, Lon: 8.545054, Alt: 16.95m
11:10:11 [POS] Lat: 47.398281, Lon: 8.545055, Alt: 16.96m
11:10:11 [POS] Lat: 47.398282, Lon: 8.545056, Alt: 16.96m
11:10:11 [POS] Lat: 47.398283, Lon: 8.545057, Alt: 16.96m
11:10:11 [POS] Lat: 47.398283, Lon: 8.545057, Alt: 16.96m
11:10:11 [POS] Lat: 47.398284, Lon: 8.545058, Alt: 16.97m
11:10:11 [POS] Lat: 47.398284, Lon: 8.545059, Alt: 16.97m
11:10:11 [POS] Lat: 47.398285, Lon: 8.545060, Alt: 16.97m
11:10:11 [POS] Lat: 47.398286, Lon: 8.545061, Alt: 16.97m
11:10:11 [POS] Lat: 47.398287, Lon: 8.545062, Alt: 16.98m
11:10:11 [POS] Lat: 47.398287, Lon: 8.545062, Alt: 16.98m
11:10:11 [POS] Lat: 47.398288, Lon: 8.545063, Alt: 16.98m
11:10:11 [POS] Lat: 47.398289, Lon: 8.545064, Alt: 16.98m
11:10:11 [POS] Lat: 47.398289, Lon: 8.545065, Alt: 16.98m
11:10:11 [POS] Lat: 47.398290, Lon: 8.545066, Alt: 16.98m
11:10:11 [POS] Lat: 47.398291, Lon: 8.545067, Alt: 16.99m
11:10:11 [POS] Lat: 47.398291, Lon: 8.545068, Alt: 16.99m
11:10:11 [POS] Lat: 47.398292, Lon: 8.545068, Alt: 16.99m
11:10:11 [POS] Lat: 47.398293, Lon: 8.545069, Alt: 16.99m
11:10:11 [POS] Lat: 47.398294, Lon: 8.545070, Alt: 16.99m
11:10:11 [POS] Lat: 47.398294, Lon: 8.545071, Alt: 17.00m
11:10:11 [POS] Lat: 47.398295, Lon: 8.545072, Alt: 17.00m
11:10:11 [POS] Lat: 47.398296, Lon: 8.545072, Alt: 17.00m
11:10:11 [POS] Lat: 47.398297, Lon: 8.545074, Alt: 17.00m
11:10:11 [POS] Lat: 47.398297, Lon: 8.545074, Alt: 17.01m
11:10:11 [POS] Lat: 47.398298, Lon: 8.545075, Alt: 17.01m
11:10:11 [POS] Lat: 47.398298, Lon: 8.545076, Alt: 17.01m
11:10:12 [POS] Lat: 47.398299, Lon: 8.545077, Alt: 17.02m
11:10:12 [POS] Lat: 47.398300, Lon: 8.545078, Alt: 17.02m
11:10:12 [POS] Lat: 47.398301, Lon: 8.545079, Alt: 17.02m
11:10:12 [POS] Lat: 47.398301, Lon: 8.545079, Alt: 17.02m
11:10:12 [POS] Lat: 47.398302, Lon: 8.545080, Alt: 17.03m
11:10:12 [POS] Lat: 47.398303, Lon: 8.545081, Alt: 17.03m
11:10:12 [POS] Lat: 47.398304, Lon: 8.545082, Alt: 17.03m
11:10:12 [POS] Lat: 47.398304, Lon: 8.545083, Alt: 17.03m
11:10:12 [POS] Lat: 47.398305, Lon: 8.545084, Alt: 17.03m
11:10:12 [POS] Lat: 47.398305, Lon: 8.545084, Alt: 17.03m
11:10:12 [POS] Lat: 47.398306, Lon: 8.545085, Alt: 17.04m
11:10:12 [POS] Lat: 47.398307, Lon: 8.545086, Alt: 17.04m
11:10:12 [POS] Lat: 47.398308, Lon: 8.545087, Alt: 17.04m
11:10:12 [POS] Lat: 47.398308, Lon: 8.545088, Alt: 17.04m
11:10:12 [POS] Lat: 47.398309, Lon: 8.545089, Alt: 17.04m
11:10:12 [POS] Lat: 47.398310, Lon: 8.545089, Alt: 17.04m
11:10:12 [POS] Lat: 47.398311, Lon: 8.545090, Alt: 17.04m
11:10:12 [POS] Lat: 47.398311, Lon: 8.545091, Alt: 17.04m
11:10:12 [POS] Lat: 47.398312, Lon: 8.545092, Alt: 17.04m
11:10:12 [POS] Lat: 47.398313, Lon: 8.545093, Alt: 17.04m
11:10:12 [BAT] Percentage: 66, Voltage: 15.30V
11:10:12 [POS] Lat: 47.398314, Lon: 8.545094, Alt: 17.05m
11:10:12 [POS] Lat: 47.398314, Lon: 8.545094, Alt: 17.05m
11:10:12 [POS] Lat: 47.398315, Lon: 8.545095, Alt: 17.05m
11:10:12 [POS] Lat: 47.398315, Lon: 8.545096, Alt: 17.05m
11:10:12 [POS] Lat: 47.398316, Lon: 8.545097, Alt: 17.05m
11:10:12 [POS] Lat: 47.398317, Lon: 8.545097, Alt: 17.05m
11:10:12 [POS] Lat: 47.398318, Lon: 8.545098, Alt: 17.05m
11:10:12 [POS] Lat: 47.398318, Lon: 8.545099, Alt: 17.06m
11:10:12 [POS] Lat: 47.398319, Lon: 8.545100, Alt: 17.06m
11:10:12 [POS] Lat: 47.398320, Lon: 8.545101, Alt: 17.06m
11:10:12 [POS] Lat: 47.398320, Lon: 8.545102, Alt: 17.06m
11:10:12 [POS] Lat: 47.398321, Lon: 8.545102, Alt: 17.06m
11:10:12 [POS] Lat: 47.398322, Lon: 8.545103, Alt: 17.06m
11:10:12 [POS] Lat: 47.398322, Lon: 8.545104, Alt: 17.07m
11:10:12 [POS] Lat: 47.398323, Lon: 8.545105, Alt: 17.07m
11:10:12 [POS] Lat: 47.398324, Lon: 8.545105, Alt: 17.07m
11:10:12 [POS] Lat: 47.398325, Lon: 8.545106, Alt: 17.08m
11:10:12 [POS] Lat: 47.398325, Lon: 8.545107, Alt: 17.08m
11:10:12 [POS] Lat: 47.398326, Lon: 8.545108, Alt: 17.08m
11:10:12 [POS] Lat: 47.398327, Lon: 8.545109, Alt: 17.08m
11:10:12 [POS] Lat: 47.398328, Lon: 8.545110, Alt: 17.09m
11:10:12 [POS] Lat: 47.398328, Lon: 8.545110, Alt: 17.09m
11:10:12 [POS] Lat: 47.398329, Lon: 8.545111, Alt: 17.09m
11:10:12 [POS] Lat: 47.398330, Lon: 8.545112, Alt: 17.10m
11:10:12 [POS] Lat: 47.398330, Lon: 8.545113, Alt: 17.10m
11:10:12 [POS] Lat: 47.398331, Lon: 8.545114, Alt: 17.10m
11:10:12 [POS] Lat: 47.398332, Lon: 8.545115, Alt: 17.10m
11:10:12 [POS] Lat: 47.398332, Lon: 8.545115, Alt: 17.11m
11:10:12 [POS] Lat: 47.398333, Lon: 8.545116, Alt: 17.11m
11:10:12 [POS] Lat: 47.398334, Lon: 8.545117, Alt: 17.11m
11:10:13 [POS] Lat: 47.398335, Lon: 8.545118, Alt: 17.12m
11:10:13 [POS] Lat: 47.398335, Lon: 8.545118, Alt: 17.12m
11:10:13 [POS] Lat: 47.398336, Lon: 8.545119, Alt: 17.12m
11:10:13 [POS] Lat: 47.398337, Lon: 8.545120, Alt: 17.13m
11:10:13 [POS] Lat: 47.398337, Lon: 8.545121, Alt: 17.13m
11:10:13 [POS] Lat: 47.398338, Lon: 8.545122, Alt: 17.14m
11:10:13 [POS] Lat: 47.398339, Lon: 8.545123, Alt: 17.14m
11:10:13 [POS] Lat: 47.398339, Lon: 8.545123, Alt: 17.14m
11:10:13 [POS] Lat: 47.398340, Lon: 8.545124, Alt: 17.15m
11:10:13 [POS] Lat: 47.398341, Lon: 8.545125, Alt: 17.15m
11:10:13 [POS] Lat: 47.398342, Lon: 8.545126, Alt: 17.16m
11:10:13 [POS] Lat: 47.398342, Lon: 8.545127, Alt: 17.16m
11:10:13 [POS] Lat: 47.398343, Lon: 8.545127, Alt: 17.17m
11:10:13 [POS] Lat: 47.398344, Lon: 8.545128, Alt: 17.17m
11:10:13 [POS] Lat: 47.398345, Lon: 8.545129, Alt: 17.17m
11:10:13 [POS] Lat: 47.398345, Lon: 8.545130, Alt: 17.17m
11:10:13 [POS] Lat: 47.398346, Lon: 8.545131, Alt: 17.18m
11:10:13 [POS] Lat: 47.398347, Lon: 8.545131, Alt: 17.18m
11:10:13 [POS] Lat: 47.398347, Lon: 8.545132, Alt: 17.18m
11:10:13 [POS] Lat: 47.398348, Lon: 8.545133, Alt: 17.19m
11:10:13 [POS] Lat: 47.398349, Lon: 8.545134, Alt: 17.19m
11:10:13 [POS] Lat: 47.398349, Lon: 8.545134, Alt: 17.19m
11:10:13 [POS] Lat: 47.398350, Lon: 8.545135, Alt: 17.19m
11:10:13 [POS] Lat: 47.398351, Lon: 8.545136, Alt: 17.20m
11:10:13 [POS] Lat: 47.398352, Lon: 8.545137, Alt: 17.20m
11:10:13 [POS] Lat: 47.398352, Lon: 8.545138, Alt: 17.20m
11:10:13 [POS] Lat: 47.398353, Lon: 8.545139, Alt: 17.20m
11:10:13 [POS] Lat: 47.398354, Lon: 8.545139, Alt: 17.21m
11:10:13 [POS] Lat: 47.398355, Lon: 8.545140, Alt: 17.21m
11:10:13 [POS] Lat: 47.398355, Lon: 8.545141, Alt: 17.21m
11:10:13 [POS] Lat: 47.398356, Lon: 8.545142, Alt: 17.22m
11:10:13 [POS] Lat: 47.398357, Lon: 8.545142, Alt: 17.22m
11:10:13 [POS] Lat: 47.398357, Lon: 8.545144, Alt: 17.22m
11:10:13 [POS] Lat: 47.398358, Lon: 8.545144, Alt: 17.22m
11:10:13 [POS] Lat: 47.398359, Lon: 8.545145, Alt: 17.23m
11:10:13 [POS] Lat: 47.398359, Lon: 8.545146, Alt: 17.23m
11:10:13 [POS] Lat: 47.398360, Lon: 8.545147, Alt: 17.24m
11:10:13 [POS] Lat: 47.398361, Lon: 8.545147, Alt: 17.24m
11:10:13 [POS] Lat: 47.398362, Lon: 8.545148, Alt: 17.24m
11:10:13 [POS] Lat: 47.398362, Lon: 8.545149, Alt: 17.24m
11:10:13 [POS] Lat: 47.398363, Lon: 8.545150, Alt: 17.25m
11:10:13 [POS] Lat: 47.398364, Lon: 8.545151, Alt: 17.25m
11:10:13 [POS] Lat: 47.398364, Lon: 8.545152, Alt: 17.25m
11:10:13 [POS] Lat: 47.398365, Lon: 8.545152, Alt: 17.26m
11:10:13 [POS] Lat: 47.398366, Lon: 8.545153, Alt: 17.26m
11:10:13 [POS] Lat: 47.398366, Lon: 8.545154, Alt: 17.26m
11:10:13 [POS] Lat: 47.398367, Lon: 8.545155, Alt: 17.27m
11:10:13 [POS] Lat: 47.398368, Lon: 8.545156, Alt: 17.27m
11:10:13 [POS] Lat: 47.398369, Lon: 8.545157, Alt: 17.28m
11:10:14 [POS] Lat: 47.398369, Lon: 8.545157, Alt: 17.28m
11:10:14 [POS] Lat: 47.398370, Lon: 8.545158, Alt: 17.29m
11:10:14 [POS] Lat: 47.398370, Lon: 8.545159, Alt: 17.29m
11:10:14 [POS] Lat: 47.398371, Lon: 8.545160, Alt: 17.30m
11:10:14 [POS] Lat: 47.398372, Lon: 8.545161, Alt: 17.30m
11:10:14 [POS] Lat: 47.398373, Lon: 8.545162, Alt: 17.30m
11:10:14 [POS] Lat: 47.398373, Lon: 8.545162, Alt: 17.30m
11:10:14 [POS] Lat: 47.398374, Lon: 8.545163, Alt: 17.31m
11:10:14 [POS] Lat: 47.398375, Lon: 8.545164, Alt: 17.31m
11:10:14 [POS] Lat: 47.398375, Lon: 8.545165, Alt: 17.31m
11:10:14 [POS] Lat: 47.398376, Lon: 8.545165, Alt: 17.32m
11:10:14 [POS] Lat: 47.398377, Lon: 8.545166, Alt: 17.32m
11:10:14 [POS] Lat: 47.398377, Lon: 8.545167, Alt: 17.32m
11:10:14 [POS] Lat: 47.398378, Lon: 8.545168, Alt: 17.32m
11:10:14 [POS] Lat: 47.398379, Lon: 8.545169, Alt: 17.33m
11:10:14 [POS] Lat: 47.398379, Lon: 8.545170, Alt: 17.33m
11:10:14 [POS] Lat: 47.398380, Lon: 8.545170, Alt: 17.33m
11:10:14 [POS] Lat: 47.398381, Lon: 8.545172, Alt: 17.33m
11:10:14 [POS] Lat: 47.398381, Lon: 8.545172, Alt: 17.34m
11:10:14 [POS] Lat: 47.398382, Lon: 8.545173, Alt: 17.34m
11:10:14 [POS] Lat: 47.398383, Lon: 8.545174, Alt: 17.34m
11:10:14 [BAT] Percentage: 66, Voltage: 15.30V
11:10:14 [POS] Lat: 47.398384, Lon: 8.545175, Alt: 17.34m
11:10:14 [POS] Lat: 47.398384, Lon: 8.545175, Alt: 17.35m
11:10:14 [POS] Lat: 47.398385, Lon: 8.545177, Alt: 17.35m
11:10:14 [POS] Lat: 47.398386, Lon: 8.545177, Alt: 17.35m
11:10:14 [POS] Lat: 47.398387, Lon: 8.545178, Alt: 17.35m
11:10:14 [POS] Lat: 47.398387, Lon: 8.545179, Alt: 17.36m
11:10:14 [POS] Lat: 47.398388, Lon: 8.545180, Alt: 17.36m
11:10:14 [POS] Lat: 47.398389, Lon: 8.545181, Alt: 17.36m
11:10:14 [POS] Lat: 47.398390, Lon: 8.545182, Alt: 17.36m
11:10:14 [POS] Lat: 47.398390, Lon: 8.545182, Alt: 17.37m
11:10:14 [POS] Lat: 47.398391, Lon: 8.545183, Alt: 17.37m
11:10:14 [POS] Lat: 47.398391, Lon: 8.545184, Alt: 17.37m
11:10:14 [POS] Lat: 47.398392, Lon: 8.545185, Alt: 17.38m
11:10:14 [POS] Lat: 47.398393, Lon: 8.545186, Alt: 17.38m
11:10:14 [POS] Lat: 47.398394, Lon: 8.545187, Alt: 17.38m
11:10:14 [POS] Lat: 47.398394, Lon: 8.545187, Alt: 17.39m
11:10:14 [POS] Lat: 47.398395, Lon: 8.545188, Alt: 17.39m
11:10:14 [POS] Lat: 47.398396, Lon: 8.545189, Alt: 17.39m
11:10:14 [POS] Lat: 47.398397, Lon: 8.545190, Alt: 17.40m
11:10:14 [POS] Lat: 47.398397, Lon: 8.545191, Alt: 17.40m
11:10:14 [POS] Lat: 47.398398, Lon: 8.545192, Alt: 17.40m
11:10:14 [POS] Lat: 47.398399, Lon: 8.545192, Alt: 17.40m
11:10:14 [POS] Lat: 47.398400, Lon: 8.545193, Alt: 17.41m
11:10:14 [POS] Lat: 47.398400, Lon: 8.545194, Alt: 17.41m
11:10:14 [POS] Lat: 47.398401, Lon: 8.545195, Alt: 17.41m
11:10:14 [POS] Lat: 47.398402, Lon: 8.545196, Alt: 17.41m
11:10:14 [POS] Lat: 47.398402, Lon: 8.545197, Alt: 17.41m
11:10:14 [POS] Lat: 47.398403, Lon: 8.545197, Alt: 17.41m
11:10:14 [POS] Lat: 47.398404, Lon: 8.545198, Alt: 17.42m
11:10:15 [POS] Lat: 47.398404, Lon: 8.545199, Alt: 17.42m
11:10:15 [POS] Lat: 47.398405, Lon: 8.545200, Alt: 17.42m
11:10:15 [POS] Lat: 47.398406, Lon: 8.545201, Alt: 17.42m
11:10:15 [POS] Lat: 47.398407, Lon: 8.545202, Alt: 17.42m
11:10:15 [POS] Lat: 47.398407, Lon: 8.545202, Alt: 17.43m
11:10:15 [POS] Lat: 47.398408, Lon: 8.545203, Alt: 17.43m
11:10:15 [POS] Lat: 47.398409, Lon: 8.545204, Alt: 17.43m
11:10:15 [POS] Lat: 47.398409, Lon: 8.545205, Alt: 17.43m
11:10:15 [POS] Lat: 47.398410, Lon: 8.545206, Alt: 17.43m
11:10:15 [POS] Lat: 47.398411, Lon: 8.545207, Alt: 17.43m
11:10:15 [POS] Lat: 47.398411, Lon: 8.545207, Alt: 17.44m
11:10:15 [POS] Lat: 47.398412, Lon: 8.545208, Alt: 17.44m
11:10:15 [POS] Lat: 47.398413, Lon: 8.545209, Alt: 17.44m
11:10:15 [POS] Lat: 47.398414, Lon: 8.545210, Alt: 17.44m
11:10:15 [POS] Lat: 47.398414, Lon: 8.545211, Alt: 17.44m
11:10:15 [POS] Lat: 47.398415, Lon: 8.545212, Alt: 17.44m
11:10:15 [POS] Lat: 47.398416, Lon: 8.545212, Alt: 17.45m
11:10:15 [POS] Lat: 47.398416, Lon: 8.545213, Alt: 17.45m
11:10:15 [POS] Lat: 47.398417, Lon: 8.545214, Alt: 17.45m
11:10:15 [POS] Lat: 47.398418, Lon: 8.545215, Alt: 17.45m
11:10:15 [POS] Lat: 47.398418, Lon: 8.545216, Alt: 17.45m
11:10:15 [POS] Lat: 47.398419, Lon: 8.545217, Alt: 17.45m
11:10:15 [POS] Lat: 47.398420, Lon: 8.545217, Alt: 17.45m
11:10:15 [POS] Lat: 47.398421, Lon: 8.545218, Alt: 17.46m
11:10:15 [POS] Lat: 47.398421, Lon: 8.545219, Alt: 17.46m
11:10:15 [POS] Lat: 47.398422, Lon: 8.545220, Alt: 17.46m
11:10:15 [POS] Lat: 47.398423, Lon: 8.545221, Alt: 17.46m
11:10:15 [POS] Lat: 47.398423, Lon: 8.545222, Alt: 17.47m
11:10:15 [POS] Lat: 47.398424, Lon: 8.545222, Alt: 17.47m
11:10:15 [POS] Lat: 47.398425, Lon: 8.545223, Alt: 17.47m
11:10:15 [POS] Lat: 47.398425, Lon: 8.545224, Alt: 17.47m
11:10:15 [POS] Lat: 47.398426, Lon: 8.545225, Alt: 17.47m
11:10:15 [POS] Lat: 47.398427, Lon: 8.545226, Alt: 17.48m
11:10:15 [POS] Lat: 47.398428, Lon: 8.545227, Alt: 17.48m
11:10:15 [POS] Lat: 47.398428, Lon: 8.545227, Alt: 17.48m
11:10:15 [POS] Lat: 47.398429, Lon: 8.545229, Alt: 17.49m
11:10:15 [POS] Lat: 47.398429, Lon: 8.545229, Alt: 17.49m
11:10:15 [POS] Lat: 47.398430, Lon: 8.545230, Alt: 17.49m
11:10:15 [POS] Lat: 47.398431, Lon: 8.545231, Alt: 17.50m
11:10:15 [POS] Lat: 47.398432, Lon: 8.545232, Alt: 17.50m
11:10:15 [POS] Lat: 47.398432, Lon: 8.545232, Alt: 17.50m
11:10:15 [POS] Lat: 47.398433, Lon: 8.545234, Alt: 17.50m
11:10:15 [POS] Lat: 47.398434, Lon: 8.545234, Alt: 17.51m
11:10:15 [POS] Lat: 47.398435, Lon: 8.545235, Alt: 17.51m
11:10:15 [POS] Lat: 47.398435, Lon: 8.545236, Alt: 17.51m
11:10:15 [POS] Lat: 47.398436, Lon: 8.545237, Alt: 17.52m
11:10:15 [POS] Lat: 47.398436, Lon: 8.545238, Alt: 17.52m
11:10:15 [POS] Lat: 47.398437, Lon: 8.545239, Alt: 17.52m
11:10:15 [POS] Lat: 47.398438, Lon: 8.545239, Alt: 17.52m
11:10:16 [POS] Lat: 47.398439, Lon: 8.545240, Alt: 17.52m
11:10:16 [POS] Lat: 47.398439, Lon: 8.545241, Alt: 17.52m
11:10:16 [POS] Lat: 47.398440, Lon: 8.545242, Alt: 17.53m
11:10:16 [POS] Lat: 47.398441, Lon: 8.545243, Alt: 17.53m
11:10:16 [POS] Lat: 47.398442, Lon: 8.545244, Alt: 17.53m
11:10:16 [POS] Lat: 47.398442, Lon: 8.545244, Alt: 17.53m
11:10:16 [POS] Lat: 47.398443, Lon: 8.545245, Alt: 17.54m
11:10:16 [POS] Lat: 47.398444, Lon: 8.545246, Alt: 17.54m
11:10:16 [POS] Lat: 47.398444, Lon: 8.545247, Alt: 17.54m
11:10:16 [POS] Lat: 47.398445, Lon: 8.545248, Alt: 17.54m
11:10:16 [POS] Lat: 47.398446, Lon: 8.545249, Alt: 17.55m
11:10:16 [POS] Lat: 47.398446, Lon: 8.545249, Alt: 17.55m
11:10:16 [POS] Lat: 47.398447, Lon: 8.545250, Alt: 17.55m
11:10:16 [POS] Lat: 47.398448, Lon: 8.545251, Alt: 17.56m
11:10:16 [POS] Lat: 47.398449, Lon: 8.545252, Alt: 17.56m
11:10:16 [POS] Lat: 47.398449, Lon: 8.545253, Alt: 17.56m
11:10:16 [POS] Lat: 47.398450, Lon: 8.545254, Alt: 17.57m
11:10:16 [POS] Lat: 47.398451, Lon: 8.545254, Alt: 17.57m
11:10:16 [POS] Lat: 47.398452, Lon: 8.545255, Alt: 17.57m
11:10:16 [POS] Lat: 47.398452, Lon: 8.545256, Alt: 17.58m
11:10:16 [POS] Lat: 47.398453, Lon: 8.545257, Alt: 17.58m
11:10:16 [POS] Lat: 47.398453, Lon: 8.545258, Alt: 17.58m
11:10:16 [BAT] Percentage: 66, Voltage: 15.30V
11:10:16 [POS] Lat: 47.398454, Lon: 8.545259, Alt: 17.59m
11:10:16 [POS] Lat: 47.398455, Lon: 8.545259, Alt: 17.59m
11:10:16 [POS] Lat: 47.398456, Lon: 8.545260, Alt: 17.59m
11:10:16 [POS] Lat: 47.398456, Lon: 8.545261, Alt: 17.59m
11:10:16 [POS] Lat: 47.398457, Lon: 8.545262, Alt: 17.60m
11:10:16 [POS] Lat: 47.398458, Lon: 8.545263, Alt: 17.60m
11:10:16 [POS] Lat: 47.398459, Lon: 8.545264, Alt: 17.61m
11:10:16 [POS] Lat: 47.398459, Lon: 8.545264, Alt: 17.61m
11:10:16 [POS] Lat: 47.398460, Lon: 8.545265, Alt: 17.61m
11:10:16 [POS] Lat: 47.398461, Lon: 8.545266, Alt: 17.61m
11:10:16 [POS] Lat: 47.398462, Lon: 8.545267, Alt: 17.61m
11:10:16 [POS] Lat: 47.398462, Lon: 8.545267, Alt: 17.62m
11:10:16 [POS] Lat: 47.398463, Lon: 8.545268, Alt: 17.62m
11:10:16 [POS] Lat: 47.398464, Lon: 8.545269, Alt: 17.62m
11:10:16 [POS] Lat: 47.398464, Lon: 8.545270, Alt: 17.62m
11:10:16 [POS] Lat: 47.398465, Lon: 8.545271, Alt: 17.63m
11:10:16 [POS] Lat: 47.398466, Lon: 8.545272, Alt: 17.63m
11:10:16 [POS] Lat: 47.398466, Lon: 8.545272, Alt: 17.63m
11:10:16 [POS] Lat: 47.398467, Lon: 8.545273, Alt: 17.64m
11:10:16 [POS] Lat: 47.398468, Lon: 8.545274, Alt: 17.64m
11:10:16 [POS] Lat: 47.398469, Lon: 8.545275, Alt: 17.64m
11:10:16 [POS] Lat: 47.398469, Lon: 8.545275, Alt: 17.64m
11:10:16 [POS] Lat: 47.398470, Lon: 8.545276, Alt: 17.65m
11:10:16 [POS] Lat: 47.398471, Lon: 8.545277, Alt: 17.65m
11:10:16 [POS] Lat: 47.398472, Lon: 8.545278, Alt: 17.65m
11:10:16 [POS] Lat: 47.398472, Lon: 8.545279, Alt: 17.65m
11:10:16 [POS] Lat: 47.398473, Lon: 8.545280, Alt: 17.66m
11:10:16 [POS] Lat: 47.398474, Lon: 8.545280, Alt: 17.66m
11:10:17 [POS] Lat: 47.398475, Lon: 8.545281, Alt: 17.66m
11:10:17 [POS] Lat: 47.398475, Lon: 8.545282, Alt: 17.66m
11:10:17 [POS] Lat: 47.398476, Lon: 8.545283, Alt: 17.67m
11:10:17 [POS] Lat: 47.398477, Lon: 8.545284, Alt: 17.67m
11:10:17 [POS] Lat: 47.398477, Lon: 8.545284, Alt: 17.67m
11:10:17 [POS] Lat: 47.398478, Lon: 8.545285, Alt: 17.68m
11:10:17 [POS] Lat: 47.398479, Lon: 8.545286, Alt: 17.68m
11:10:17 [POS] Lat: 47.398480, Lon: 8.545287, Alt: 17.68m
11:10:17 [POS] Lat: 47.398480, Lon: 8.545288, Alt: 17.69m
11:10:17 [POS] Lat: 47.398481, Lon: 8.545288, Alt: 17.69m
11:10:17 [POS] Lat: 47.398482, Lon: 8.545289, Alt: 17.69m
11:10:17 [POS] Lat: 47.398482, Lon: 8.545290, Alt: 17.69m
11:10:17 [POS] Lat: 47.398483, Lon: 8.545291, Alt: 17.70m
11:10:17 [POS] Lat: 47.398484, Lon: 8.545292, Alt: 17.70m
11:10:17 [POS] Lat: 47.398485, Lon: 8.545293, Alt: 17.70m
11:10:17 [POS] Lat: 47.398485, Lon: 8.545293, Alt: 17.70m
11:10:17 [POS] Lat: 47.398486, Lon: 8.545294, Alt: 17.70m
11:10:17 [POS] Lat: 47.398486, Lon: 8.545295, Alt: 17.71m
11:10:17 [POS] Lat: 47.398487, Lon: 8.545296, Alt: 17.71m
11:10:17 [POS] Lat: 47.398488, Lon: 8.545297, Alt: 17.71m
11:10:17 [POS] Lat: 47.398489, Lon: 8.545298, Alt: 17.71m
11:10:17 [POS] Lat: 47.398489, Lon: 8.545298, Alt: 17.72m
11:10:17 [POS] Lat: 47.398490, Lon: 8.545299, Alt: 17.72m
11:10:17 [POS] Lat: 47.398491, Lon: 8.545300, Alt: 17.72m
11:10:17 [POS] Lat: 47.398492, Lon: 8.545301, Alt: 17.72m
11:10:17 [POS] Lat: 47.398492, Lon: 8.545301, Alt: 17.72m
11:10:17 [POS] Lat: 47.398493, Lon: 8.545303, Alt: 17.73m
11:10:17 [POS] Lat: 47.398494, Lon: 8.545303, Alt: 17.73m
11:10:17 [POS] Lat: 47.398494, Lon: 8.545304, Alt: 17.73m
11:10:17 [POS] Lat: 47.398495, Lon: 8.545305, Alt: 17.74m
11:10:17 [POS] Lat: 47.398496, Lon: 8.545306, Alt: 17.74m
11:10:17 [POS] Lat: 47.398496, Lon: 8.545306, Alt: 17.74m
11:10:17 [POS] Lat: 47.398497, Lon: 8.545307, Alt: 17.75m
11:10:17 [POS] Lat: 47.398498, Lon: 8.545308, Alt: 17.75m
11:10:17 [POS] Lat: 47.398498, Lon: 8.545309, Alt: 17.76m
11:10:17 [POS] Lat: 47.398499, Lon: 8.545310, Alt: 17.76m
11:10:17 [POS] Lat: 47.398500, Lon: 8.545311, Alt: 17.77m
11:10:17 [POS] Lat: 47.398500, Lon: 8.545311, Alt: 17.77m
11:10:17 [POS] Lat: 47.398501, Lon: 8.545312, Alt: 17.78m
11:10:17 [POS] Lat: 47.398502, Lon: 8.545313, Alt: 17.78m
11:10:17 [POS] Lat: 47.398503, Lon: 8.545314, Alt: 17.79m
11:10:17 [POS] Lat: 47.398503, Lon: 8.545315, Alt: 17.79m
11:10:17 [POS] Lat: 47.398504, Lon: 8.545316, Alt: 17.80m
11:10:17 [POS] Lat: 47.398505, Lon: 8.545316, Alt: 17.80m
11:10:17 [POS] Lat: 47.398505, Lon: 8.545317, Alt: 17.81m
11:10:17 [POS] Lat: 47.398506, Lon: 8.545318, Alt: 17.81m
11:10:17 [POS] Lat: 47.398507, Lon: 8.545319, Alt: 17.82m
11:10:17 [POS] Lat: 47.398508, Lon: 8.545320, Alt: 17.82m
11:10:17 [POS] Lat: 47.398508, Lon: 8.545321, Alt: 17.83m
11:10:18 [POS] Lat: 47.398509, Lon: 8.545321, Alt: 17.83m
11:10:18 [POS] Lat: 47.398510, Lon: 8.545322, Alt: 17.83m
11:10:18 [POS] Lat: 47.398510, Lon: 8.545323, Alt: 17.84m
11:10:18 [POS] Lat: 47.398511, Lon: 8.545324, Alt: 17.84m
11:10:18 [POS] Lat: 47.398512, Lon: 8.545325, Alt: 17.84m
11:10:18 [POS] Lat: 47.398512, Lon: 8.545326, Alt: 17.85m
11:10:18 [POS] Lat: 47.398513, Lon: 8.545326, Alt: 17.85m
11:10:18 [POS] Lat: 47.398514, Lon: 8.545327, Alt: 17.85m
11:10:18 [POS] Lat: 47.398514, Lon: 8.545328, Alt: 17.85m
11:10:18 [POS] Lat: 47.398515, Lon: 8.545329, Alt: 17.86m
11:10:18 [POS] Lat: 47.398516, Lon: 8.545330, Alt: 17.86m
11:10:18 [POS] Lat: 47.398517, Lon: 8.545331, Alt: 17.86m
11:10:18 [POS] Lat: 47.398517, Lon: 8.545331, Alt: 17.86m
11:10:18 [POS] Lat: 47.398518, Lon: 8.545332, Alt: 17.87m
11:10:18 [POS] Lat: 47.398519, Lon: 8.545333, Alt: 17.87m
11:10:18 [POS] Lat: 47.398520, Lon: 8.545334, Alt: 17.87m
11:10:18 [POS] Lat: 47.398520, Lon: 8.545335, Alt: 17.87m
11:10:18 [POS] Lat: 47.398521, Lon: 8.545336, Alt: 17.88m
11:10:18 [POS] Lat: 47.398522, Lon: 8.545336, Alt: 17.88m
11:10:18 [POS] Lat: 47.398522, Lon: 8.545337, Alt: 17.88m
11:10:18 [POS] Lat: 47.398523, Lon: 8.545338, Alt: 17.88m
11:10:18 [POS] Lat: 47.398524, Lon: 8.545339, Alt: 17.89m
11:10:18 [POS] Lat: 47.398524, Lon: 8.545340, Alt: 17.89m
11:10:18 [BAT] Percentage: 66, Voltage: 15.30V
11:10:18 [POS] Lat: 47.398525, Lon: 8.545341, Alt: 17.89m
11:10:18 [POS] Lat: 47.398526, Lon: 8.545341, Alt: 17.89m
11:10:18 [POS] Lat: 47.398527, Lon: 8.545342, Alt: 17.90m
11:10:18 [POS] Lat: 47.398527, Lon: 8.545343, Alt: 17.90m
11:10:18 [POS] Lat: 47.398528, Lon: 8.545344, Alt: 17.91m
11:10:18 [POS] Lat: 47.398528, Lon: 8.545345, Alt: 17.91m
11:10:18 [POS] Lat: 47.398529, Lon: 8.545346, Alt: 17.91m
11:10:18 [POS] Lat: 47.398530, Lon: 8.545346, Alt: 17.92m
11:10:18 [POS] Lat: 47.398531, Lon: 8.545347, Alt: 17.92m
11:10:18 [POS] Lat: 47.398531, Lon: 8.545348, Alt: 17.92m
11:10:18 [POS] Lat: 47.398532, Lon: 8.545349, Alt: 17.93m
11:10:18 [POS] Lat: 47.398533, Lon: 8.545349, Alt: 17.93m
11:10:18 [POS] Lat: 47.398533, Lon: 8.545350, Alt: 17.93m
11:10:18 [POS] Lat: 47.398534, Lon: 8.545351, Alt: 17.94m
11:10:18 [POS] Lat: 47.398535, Lon: 8.545352, Alt: 17.94m
11:10:18 [POS] Lat: 47.398535, Lon: 8.545353, Alt: 17.94m
11:10:18 [POS] Lat: 47.398536, Lon: 8.545353, Alt: 17.95m
11:10:18 [POS] Lat: 47.398537, Lon: 8.545354, Alt: 17.95m
11:10:18 [POS] Lat: 47.398538, Lon: 8.545355, Alt: 17.95m
11:10:18 [POS] Lat: 47.398538, Lon: 8.545356, Alt: 17.95m
11:10:18 [POS] Lat: 47.398539, Lon: 8.545357, Alt: 17.96m
11:10:18 [POS] Lat: 47.398540, Lon: 8.545357, Alt: 17.96m
11:10:18 [POS] Lat: 47.398540, Lon: 8.545358, Alt: 17.96m
11:10:18 [POS] Lat: 47.398541, Lon: 8.545359, Alt: 17.96m
11:10:18 [POS] Lat: 47.398542, Lon: 8.545360, Alt: 17.97m
11:10:18 [POS] Lat: 47.398542, Lon: 8.545360, Alt: 17.97m
11:10:19 [POS] Lat: 47.398543, Lon: 8.545361, Alt: 17.97m
11:10:19 [POS] Lat: 47.398544, Lon: 8.545362, Alt: 17.97m
11:10:19 [POS] Lat: 47.398545, Lon: 8.545363, Alt: 17.97m
11:10:19 [POS] Lat: 47.398545, Lon: 8.545364, Alt: 17.97m
11:10:19 [POS] Lat: 47.398546, Lon: 8.545365, Alt: 17.98m
11:10:19 [POS] Lat: 47.398546, Lon: 8.545365, Alt: 17.98m
11:10:19 [POS] Lat: 47.398547, Lon: 8.545366, Alt: 17.98m
11:10:19 [POS] Lat: 47.398548, Lon: 8.545367, Alt: 17.98m
11:10:19 [POS] Lat: 47.398549, Lon: 8.545368, Alt: 17.98m
11:10:19 [POS] Lat: 47.398549, Lon: 8.545369, Alt: 17.98m
11:10:19 [POS] Lat: 47.398550, Lon: 8.545369, Alt: 17.98m
11:10:19 [POS] Lat: 47.398551, Lon: 8.545370, Alt: 17.98m
11:10:19 [POS] Lat: 47.398552, Lon: 8.545371, Alt: 17.98m
11:10:19 [POS] Lat: 47.398552, Lon: 8.545372, Alt: 17.98m
11:10:19 [POS] Lat: 47.398553, Lon: 8.545373, Alt: 17.98m
11:10:19 [POS] Lat: 47.398553, Lon: 8.545373, Alt: 17.99m
11:10:19 [POS] Lat: 47.398554, Lon: 8.545374, Alt: 17.99m
11:10:19 [POS] Lat: 47.398555, Lon: 8.545375, Alt: 17.99m
11:10:19 [POS] Lat: 47.398556, Lon: 8.545376, Alt: 17.99m
11:10:19 [POS] Lat: 47.398556, Lon: 8.545377, Alt: 17.99m
11:10:19 [POS] Lat: 47.398557, Lon: 8.545378, Alt: 17.99m
11:10:19 [POS] Lat: 47.398558, Lon: 8.545378, Alt: 17.99m
11:10:19 [POS] Lat: 47.398559, Lon: 8.545379, Alt: 17.99m
11:10:19 [POS] Lat: 47.398559, Lon: 8.545380, Alt: 18.00m
11:10:19 [POS] Lat: 47.398560, Lon: 8.545381, Alt: 18.00m
11:10:19 [POS] Lat: 47.398561, Lon: 8.545381, Alt: 18.00m
11:10:19 [POS] Lat: 47.398561, Lon: 8.545382, Alt: 18.01m
11:10:19 [POS] Lat: 47.398562, Lon: 8.545383, Alt: 18.01m
11:10:19 [POS] Lat: 47.398563, Lon: 8.545384, Alt: 18.01m
11:10:19 [POS] Lat: 47.398563, Lon: 8.545385, Alt: 18.02m
11:10:19 [POS] Lat: 47.398564, Lon: 8.545386, Alt: 18.02m
11:10:19 [POS] Lat: 47.398565, Lon: 8.545386, Alt: 18.03m
11:10:19 [POS] Lat: 47.398566, Lon: 8.545387, Alt: 18.03m
11:10:19 [POS] Lat: 47.398566, Lon: 8.545388, Alt: 18.03m
11:10:19 [POS] Lat: 47.398567, Lon: 8.545389, Alt: 18.04m
11:10:19 [POS] Lat: 47.398568, Lon: 8.545389, Alt: 18.04m
11:10:19 [POS] Lat: 47.398568, Lon: 8.545390, Alt: 18.05m
11:10:19 [POS] Lat: 47.398569, Lon: 8.545391, Alt: 18.05m
11:10:19 [POS] Lat: 47.398570, Lon: 8.545392, Alt: 18.05m
11:10:19 [POS] Lat: 47.398570, Lon: 8.545393, Alt: 18.06m
11:10:19 [POS] Lat: 47.398571, Lon: 8.545394, Alt: 18.06m
11:10:19 [POS] Lat: 47.398572, Lon: 8.545394, Alt: 18.06m
11:10:19 [POS] Lat: 47.398573, Lon: 8.545395, Alt: 18.07m
11:10:19 [POS] Lat: 47.398573, Lon: 8.545396, Alt: 18.07m
11:10:19 [POS] Lat: 47.398574, Lon: 8.545397, Alt: 18.07m
11:10:19 [POS] Lat: 47.398575, Lon: 8.545397, Alt: 18.08m
11:10:19 [POS] Lat: 47.398576, Lon: 8.545398, Alt: 18.08m
11:10:19 [POS] Lat: 47.398576, Lon: 8.545399, Alt: 18.08m
11:10:19 [POS] Lat: 47.398577, Lon: 8.545400, Alt: 18.09m
11:10:19 [POS] Lat: 47.398578, Lon: 8.545401, Alt: 18.09m
11:10:20 [POS] Lat: 47.398578, Lon: 8.545402, Alt: 18.10m
11:10:20 [POS] Lat: 47.398579, Lon: 8.545402, Alt: 18.10m
11:10:20 [POS] Lat: 47.398580, Lon: 8.545403, Alt: 18.10m
11:10:20 [POS] Lat: 47.398580, Lon: 8.545404, Alt: 18.11m
11:10:20 [POS] Lat: 47.398581, Lon: 8.545405, Alt: 18.11m
11:10:20 [POS] Lat: 47.398582, Lon: 8.545405, Alt: 18.11m
11:10:20 [POS] Lat: 47.398583, Lon: 8.545406, Alt: 18.12m
11:10:20 [POS] Lat: 47.398583, Lon: 8.545407, Alt: 18.12m
11:10:20 [POS] Lat: 47.398584, Lon: 8.545408, Alt: 18.12m
11:10:20 [POS] Lat: 47.398585, Lon: 8.545409, Alt: 18.12m
11:10:20 [POS] Lat: 47.398585, Lon: 8.545410, Alt: 18.13m
11:10:20 [POS] Lat: 47.398586, Lon: 8.545410, Alt: 18.13m
11:10:20 [POS] Lat: 47.398587, Lon: 8.545411, Alt: 18.14m
11:10:20 [POS] Lat: 47.398587, Lon: 8.545412, Alt: 18.14m
11:10:20 [POS] Lat: 47.398588, Lon: 8.545413, Alt: 18.14m
11:10:20 [POS] Lat: 47.398589, Lon: 8.545414, Alt: 18.14m
11:10:20 [POS] Lat: 47.398590, Lon: 8.545415, Alt: 18.15m
11:10:20 [POS] Lat: 47.398590, Lon: 8.545415, Alt: 18.15m
11:10:20 [POS] Lat: 47.398591, Lon: 8.545416, Alt: 18.15m
11:10:20 [POS] Lat: 47.398592, Lon: 8.545417, Alt: 18.15m
11:10:20 [POS] Lat: 47.398593, Lon: 8.545418, Alt: 18.16m
11:10:20 [POS] Lat: 47.398593, Lon: 8.545419, Alt: 18.16m
11:10:20 [POS] Lat: 47.398594, Lon: 8.545420, Alt: 18.16m
11:10:20 [POS] Lat: 47.398595, Lon: 8.545420, Alt: 18.16m
11:10:20 [BAT] Percentage: 66, Voltage: 15.30V
11:10:20 [POS] Lat: 47.398595, Lon: 8.545421, Alt: 18.16m
11:10:20 [POS] Lat: 47.398596, Lon: 8.545422, Alt: 18.17m
11:10:20 [POS] Lat: 47.398597, Lon: 8.545423, Alt: 18.17m
11:10:20 [POS] Lat: 47.398598, Lon: 8.545424, Alt: 18.17m
11:10:20 [POS] Lat: 47.398598, Lon: 8.545425, Alt: 18.17m
11:10:20 [POS] Lat: 47.398599, Lon: 8.545425, Alt: 18.17m
11:10:20 [POS] Lat: 47.398600, Lon: 8.545426, Alt: 18.17m
11:10:20 [POS] Lat: 47.398600, Lon: 8.545427, Alt: 18.17m
11:10:20 [POS] Lat: 47.398601, Lon: 8.545428, Alt: 18.18m
11:10:20 [POS] Lat: 47.398602, Lon: 8.545429, Alt: 18.18m
11:10:20 [POS] Lat: 47.398603, Lon: 8.545430, Alt: 18.18m
11:10:20 [POS] Lat: 47.398603, Lon: 8.545430, Alt: 18.18m
11:10:20 [POS] Lat: 47.398604, Lon: 8.545431, Alt: 18.18m
11:10:20 [POS] Lat: 47.398605, Lon: 8.545432, Alt: 18.18m
11:10:20 [POS] Lat: 47.398606, Lon: 8.545433, Alt: 18.18m
11:10:20 [POS] Lat: 47.398606, Lon: 8.545434, Alt: 18.19m
11:10:20 [POS] Lat: 47.398607, Lon: 8.545435, Alt: 18.19m
11:10:20 [POS] Lat: 47.398608, Lon: 8.545435, Alt: 18.19m
11:10:20 [POS] Lat: 47.398608, Lon: 8.545436, Alt: 18.19m
11:10:20 [POS] Lat: 47.398609, Lon: 8.545437, Alt: 18.19m
11:10:20 [POS] Lat: 47.398610, Lon: 8.545438, Alt: 18.19m
11:10:20 [POS] Lat: 47.398610, Lon: 8.545439, Alt: 18.19m
11:10:20 [POS] Lat: 47.398611, Lon: 8.545440, Alt: 18.20m
11:10:20 [POS] Lat: 47.398612, Lon: 8.545440, Alt: 18.20m
11:10:20 [POS] Lat: 47.398613, Lon: 8.545441, Alt: 18.20m
11:10:21 [POS] Lat: 47.398613, Lon: 8.545442, Alt: 18.20m
11:10:21 [POS] Lat: 47.398614, Lon: 8.545443, Alt: 18.20m
11:10:21 [POS] Lat: 47.398615, Lon: 8.545444, Alt: 18.20m
11:10:21 [POS] Lat: 47.398615, Lon: 8.545445, Alt: 18.20m
11:10:21 [POS] Lat: 47.398616, Lon: 8.545445, Alt: 18.20m
11:10:21 [POS] Lat: 47.398617, Lon: 8.545446, Alt: 18.21m
11:10:21 [POS] Lat: 47.398617, Lon: 8.545447, Alt: 18.21m
11:10:21 [POS] Lat: 47.398618, Lon: 8.545448, Alt: 18.21m
11:10:21 [POS] Lat: 47.398619, Lon: 8.545449, Alt: 18.21m
11:10:21 [POS] Lat: 47.398620, Lon: 8.545450, Alt: 18.21m
11:10:21 [POS] Lat: 47.398620, Lon: 8.545450, Alt: 18.22m
11:10:21 [POS] Lat: 47.398621, Lon: 8.545452, Alt: 18.22m
11:10:21 [POS] Lat: 47.398622, Lon: 8.545452, Alt: 18.22m
11:10:21 [POS] Lat: 47.398622, Lon: 8.545453, Alt: 18.22m
11:10:21 [POS] Lat: 47.398623, Lon: 8.545454, Alt: 18.23m
11:10:21 [POS] Lat: 47.398624, Lon: 8.545455, Alt: 18.23m
11:10:21 [POS] Lat: 47.398624, Lon: 8.545455, Alt: 18.23m
11:10:21 [POS] Lat: 47.398625, Lon: 8.545457, Alt: 18.24m
11:10:21 [POS] Lat: 47.398626, Lon: 8.545457, Alt: 18.24m
11:10:21 [POS] Lat: 47.398627, Lon: 8.545458, Alt: 18.25m
11:10:21 [POS] Lat: 47.398627, Lon: 8.545459, Alt: 18.25m
11:10:21 [POS] Lat: 47.398628, Lon: 8.545460, Alt: 18.25m
11:10:21 [POS] Lat: 47.398629, Lon: 8.545460, Alt: 18.26m
11:10:21 [POS] Lat: 47.398629, Lon: 8.545461, Alt: 18.26m
11:10:21 [POS] Lat: 47.398630, Lon: 8.545462, Alt: 18.27m
11:10:21 [POS] Lat: 47.398631, Lon: 8.545463, Alt: 18.27m
11:10:21 [POS] Lat: 47.398631, Lon: 8.545464, Alt: 18.27m
11:10:21 [POS] Lat: 47.398632, Lon: 8.545465, Alt: 18.28m
11:10:21 [POS] Lat: 47.398633, Lon: 8.545465, Alt: 18.28m
11:10:21 [POS] Lat: 47.398634, Lon: 8.545466, Alt: 18.28m
11:10:21 [POS] Lat: 47.398634, Lon: 8.545467, Alt: 18.29m
11:10:21 [POS] Lat: 47.398635, Lon: 8.545468, Alt: 18.29m
11:10:21 [POS] Lat: 47.398636, Lon: 8.545469, Alt: 18.30m
11:10:21 [POS] Lat: 47.398636, Lon: 8.545470, Alt: 18.30m
11:10:21 [POS] Lat: 47.398637, Lon: 8.545470, Alt: 18.30m
11:10:21 [POS] Lat: 47.398638, Lon: 8.545471, Alt: 18.31m
11:10:21 [POS] Lat: 47.398638, Lon: 8.545472, Alt: 18.31m
11:10:21 [POS] Lat: 47.398639, Lon: 8.545473, Alt: 18.32m
11:10:21 [POS] Lat: 47.398640, Lon: 8.545474, Alt: 18.32m
11:10:21 [POS] Lat: 47.398641, Lon: 8.545475, Alt: 18.32m
11:10:21 [POS] Lat: 47.398641, Lon: 8.545475, Alt: 18.33m
11:10:21 [POS] Lat: 47.398642, Lon: 8.545476, Alt: 18.33m
11:10:21 [POS] Lat: 47.398643, Lon: 8.545477, Alt: 18.33m
11:10:21 [POS] Lat: 47.398643, Lon: 8.545478, Alt: 18.34m
11:10:21 [POS] Lat: 47.398644, Lon: 8.545479, Alt: 18.34m
11:10:21 [POS] Lat: 47.398645, Lon: 8.545480, Alt: 18.34m
11:10:21 [POS] Lat: 47.398646, Lon: 8.545480, Alt: 18.34m
11:10:21 [POS] Lat: 47.398646, Lon: 8.545481, Alt: 18.35m
11:10:21 [POS] Lat: 47.398647, Lon: 8.545482, Alt: 18.35m
11:10:21 [POS] Lat: 47.398648, Lon: 8.545483, Alt: 18.35m
11:10:22 [POS] Lat: 47.398648, Lon: 8.545483, Alt: 18.35m
11:10:22 [POS] Lat: 47.398649, Lon: 8.545484, Alt: 18.36m
11:10:22 [POS] Lat: 47.398650, Lon: 8.545485, Alt: 18.36m
11:10:22 [POS] Lat: 47.398651, Lon: 8.545486, Alt: 18.36m
11:10:22 [POS] Lat: 47.398651, Lon: 8.545487, Alt: 18.36m
11:10:22 [POS] Lat: 47.398652, Lon: 8.545488, Alt: 18.37m
11:10:22 [POS] Lat: 47.398652, Lon: 8.545488, Alt: 18.37m
11:10:22 [POS] Lat: 47.398653, Lon: 8.545489, Alt: 18.37m
11:10:22 [POS] Lat: 47.398654, Lon: 8.545490, Alt: 18.38m
11:10:22 [POS] Lat: 47.398655, Lon: 8.545491, Alt: 18.38m
11:10:22 [POS] Lat: 47.398655, Lon: 8.545492, Alt: 18.38m
11:10:22 [POS] Lat: 47.398656, Lon: 8.545493, Alt: 18.38m
11:10:22 [POS] Lat: 47.398657, Lon: 8.545493, Alt: 18.39m
11:10:22 [POS] Lat: 47.398658, Lon: 8.545494, Alt: 18.39m
11:10:22 [POS] Lat: 47.398658, Lon: 8.545495, Alt: 18.39m
11:10:22 [POS] Lat: 47.398659, Lon: 8.545496, Alt: 18.39m
11:10:22 [POS] Lat: 47.398660, Lon: 8.545497, Alt: 18.39m
11:10:22 [POS] Lat: 47.398660, Lon: 8.545497, Alt: 18.39m
11:10:22 [POS] Lat: 47.398661, Lon: 8.545498, Alt: 18.39m
11:10:22 [POS] Lat: 47.398662, Lon: 8.545499, Alt: 18.39m
11:10:22 [POS] Lat: 47.398662, Lon: 8.545500, Alt: 18.39m
11:10:22 [POS] Lat: 47.398663, Lon: 8.545501, Alt: 18.40m
11:10:22 [POS] Lat: 47.398664, Lon: 8.545501, Alt: 18.40m
11:10:22 [POS] Lat: 47.398665, Lon: 8.545502, Alt: 18.40m
11:10:22 [POS] Lat: 47.398665, Lon: 8.545503, Alt: 18.40m
11:10:22 [BAT] Percentage: 66, Voltage: 15.30V
11:10:22 [POS] Lat: 47.398666, Lon: 8.545504, Alt: 18.40m
11:10:22 [POS] Lat: 47.398667, Lon: 8.545505, Alt: 18.40m
11:10:22 [POS] Lat: 47.398667, Lon: 8.545505, Alt: 18.40m
11:10:22 [POS] Lat: 47.398668, Lon: 8.545506, Alt: 18.40m
11:10:22 [POS] Lat: 47.398669, Lon: 8.545507, Alt: 18.41m
11:10:22 [POS] Lat: 47.398669, Lon: 8.545508, Alt: 18.41m
11:10:22 [POS] Lat: 47.398670, Lon: 8.545509, Alt: 18.41m
11:10:22 [POS] Lat: 47.398671, Lon: 8.545509, Alt: 18.41m
11:10:22 [POS] Lat: 47.398672, Lon: 8.545510, Alt: 18.41m
11:10:22 [POS] Lat: 47.398672, Lon: 8.545511, Alt: 18.41m
11:10:22 [POS] Lat: 47.398673, Lon: 8.545512, Alt: 18.41m
11:10:22 [POS] Lat: 47.398674, Lon: 8.545513, Alt: 18.42m
11:10:22 [POS] Lat: 47.398674, Lon: 8.545514, Alt: 18.42m
11:10:22 [POS] Lat: 47.398675, Lon: 8.545514, Alt: 18.42m
11:10:22 [POS] Lat: 47.398676, Lon: 8.545515, Alt: 18.42m
11:10:22 [POS] Lat: 47.398677, Lon: 8.545516, Alt: 18.42m
11:10:22 [POS] Lat: 47.398677, Lon: 8.545517, Alt: 18.42m
11:10:22 [POS] Lat: 47.398678, Lon: 8.545517, Alt: 18.42m
11:10:22 [POS] Lat: 47.398679, Lon: 8.545518, Alt: 18.42m
11:10:22 [POS] Lat: 47.398679, Lon: 8.545519, Alt: 18.43m
11:10:22 [POS] Lat: 47.398680, Lon: 8.545520, Alt: 18.43m
11:10:22 [POS] Lat: 47.398681, Lon: 8.545521, Alt: 18.43m
11:10:22 [POS] Lat: 47.398682, Lon: 8.545522, Alt: 18.43m
11:10:22 [POS] Lat: 47.398682, Lon: 8.545522, Alt: 18.44m
11:10:23 [POS] Lat: 47.398683, Lon: 8.545523, Alt: 18.44m
11:10:23 [POS] Lat: 47.398684, Lon: 8.545524, Alt: 18.44m
11:10:23 [POS] Lat: 47.398684, Lon: 8.545525, Alt: 18.44m
11:10:23 [POS] Lat: 47.398685, Lon: 8.545526, Alt: 18.44m
11:10:23 [POS] Lat: 47.398686, Lon: 8.545526, Alt: 18.45m
11:10:23 [POS] Lat: 47.398686, Lon: 8.545527, Alt: 18.45m
11:10:23 [POS] Lat: 47.398687, Lon: 8.545528, Alt: 18.45m
11:10:23 [POS] Lat: 47.398688, Lon: 8.545529, Alt: 18.45m
11:10:23 [POS] Lat: 47.398689, Lon: 8.545530, Alt: 18.45m
11:10:23 [POS] Lat: 47.398689, Lon: 8.545530, Alt: 18.45m
11:10:23 [POS] Lat: 47.398690, Lon: 8.545531, Alt: 18.46m
11:10:23 [POS] Lat: 47.398691, Lon: 8.545532, Alt: 18.46m
11:10:23 [POS] Lat: 47.398691, Lon: 8.545533, Alt: 18.46m
11:10:23 [POS] Lat: 47.398692, Lon: 8.545533, Alt: 18.47m
11:10:23 [POS] Lat: 47.398693, Lon: 8.545534, Alt: 18.47m
11:10:23 [POS] Lat: 47.398693, Lon: 8.545535, Alt: 18.47m
11:10:23 [POS] Lat: 47.398694, Lon: 8.545536, Alt: 18.48m
11:10:23 [POS] Lat: 47.398695, Lon: 8.545537, Alt: 18.48m
11:10:23 [POS] Lat: 47.398696, Lon: 8.545538, Alt: 18.49m
11:10:23 [POS] Lat: 47.398696, Lon: 8.545538, Alt: 18.49m
11:10:23 [POS] Lat: 47.398697, Lon: 8.545539, Alt: 18.49m
11:10:23 [POS] Lat: 47.398698, Lon: 8.545540, Alt: 18.50m
11:10:23 [POS] Lat: 47.398698, Lon: 8.545541, Alt: 18.50m
11:10:23 [POS] Lat: 47.398699, Lon: 8.545542, Alt: 18.51m
11:10:23 [POS] Lat: 47.398700, Lon: 8.545543, Alt: 18.51m
11:10:23 [POS] Lat: 47.398700, Lon: 8.545543, Alt: 18.52m
11:10:23 [POS] Lat: 47.398701, Lon: 8.545544, Alt: 18.52m
11:10:23 [POS] Lat: 47.398702, Lon: 8.545545, Alt: 18.53m
11:10:23 [POS] Lat: 47.398703, Lon: 8.545546, Alt: 18.53m
11:10:23 [POS] Lat: 47.398703, Lon: 8.545547, Alt: 18.53m
11:10:23 [POS] Lat: 47.398704, Lon: 8.545547, Alt: 18.54m
11:10:23 [POS] Lat: 47.398705, Lon: 8.545548, Alt: 18.54m
11:10:23 [POS] Lat: 47.398705, Lon: 8.545549, Alt: 18.55m
11:10:23 [POS] Lat: 47.398706, Lon: 8.545550, Alt: 18.55m
11:10:23 [POS] Lat: 47.398707, Lon: 8.545551, Alt: 18.56m
11:10:23 [POS] Lat: 47.398707, Lon: 8.545551, Alt: 18.56m
11:10:23 [POS] Lat: 47.398708, Lon: 8.545552, Alt: 18.57m
11:10:23 [POS] Lat: 47.398709, Lon: 8.545553, Alt: 18.57m
11:10:23 [POS] Lat: 47.398710, Lon: 8.545554, Alt: 18.57m
11:10:23 [POS] Lat: 47.398710, Lon: 8.545555, Alt: 18.58m
11:10:23 [POS] Lat: 47.398711, Lon: 8.545556, Alt: 18.58m
11:10:23 [POS] Lat: 47.398712, Lon: 8.545556, Alt: 18.58m
11:10:23 [POS] Lat: 47.398712, Lon: 8.545557, Alt: 18.58m
11:10:23 [POS] Lat: 47.398713, Lon: 8.545558, Alt: 18.58m
11:10:23 [POS] Lat: 47.398714, Lon: 8.545559, Alt: 18.59m
11:10:23 [POS] Lat: 47.398714, Lon: 8.545559, Alt: 18.59m
11:10:23 [POS] Lat: 47.398715, Lon: 8.545560, Alt: 18.59m
11:10:23 [POS] Lat: 47.398716, Lon: 8.545561, Alt: 18.60m
11:10:23 [POS] Lat: 47.398717, Lon: 8.545562, Alt: 18.60m
11:10:23 [POS] Lat: 47.398717, Lon: 8.545563, Alt: 18.60m
11:10:24 [POS] Lat: 47.398718, Lon: 8.545564, Alt: 18.61m
11:10:24 [POS] Lat: 47.398719, Lon: 8.545564, Alt: 18.61m
11:10:24 [POS] Lat: 47.398719, Lon: 8.545565, Alt: 18.62m
11:10:24 [POS] Lat: 47.398720, Lon: 8.545566, Alt: 18.62m
11:10:24 [POS] Lat: 47.398721, Lon: 8.545567, Alt: 18.63m
11:10:24 [POS] Lat: 47.398722, Lon: 8.545568, Alt: 18.63m
11:10:24 [POS] Lat: 47.398722, Lon: 8.545569, Alt: 18.64m
11:10:24 [POS] Lat: 47.398723, Lon: 8.545569, Alt: 18.64m
11:10:24 [POS] Lat: 47.398724, Lon: 8.545570, Alt: 18.64m
11:10:24 [POS] Lat: 47.398724, Lon: 8.545571, Alt: 18.65m
11:10:24 [POS] Lat: 47.398725, Lon: 8.545572, Alt: 18.65m
11:10:24 [POS] Lat: 47.398726, Lon: 8.545573, Alt: 18.66m
11:10:24 [POS] Lat: 47.398727, Lon: 8.545573, Alt: 18.66m
11:10:24 [POS] Lat: 47.398727, Lon: 8.545574, Alt: 18.66m
11:10:24 [POS] Lat: 47.398728, Lon: 8.545575, Alt: 18.67m
11:10:24 [POS] Lat: 47.398729, Lon: 8.545576, Alt: 18.67m
11:10:24 [POS] Lat: 47.398729, Lon: 8.545577, Alt: 18.67m
11:10:24 [POS] Lat: 47.398730, Lon: 8.545578, Alt: 18.67m
11:10:24 [POS] Lat: 47.398731, Lon: 8.545578, Alt: 18.67m
11:10:24 [POS] Lat: 47.398732, Lon: 8.545579, Alt: 18.67m
11:10:24 [POS] Lat: 47.398732, Lon: 8.545580, Alt: 18.68m
11:10:24 [POS] Lat: 47.398733, Lon: 8.545581, Alt: 18.68m
11:10:24 [POS] Lat: 47.398734, Lon: 8.545582, Alt: 18.68m
11:10:24 [POS] Lat: 47.398734, Lon: 8.545583, Alt: 18.68m
11:10:24 [POS] Lat: 47.398735, Lon: 8.545583, Alt: 18.68m
11:10:24 [POS] Lat: 47.398736, Lon: 8.545584, Alt: 18.68m
11:10:24 [BAT] Percentage: 66, Voltage: 15.30V
11:10:24 [POS] Lat: 47.398737, Lon: 8.545585, Alt: 18.68m
11:10:24 [POS] Lat: 47.398737, Lon: 8.545586, Alt: 18.68m
11:10:24 [POS] Lat: 47.398738, Lon: 8.545587, Alt: 18.68m
11:10:24 [POS] Lat: 47.398739, Lon: 8.545587, Alt: 18.68m
11:10:24 [POS] Lat: 47.398740, Lon: 8.545588, Alt: 18.68m
11:10:24 [POS] Lat: 47.398740, Lon: 8.545589, Alt: 18.68m
11:10:24 [POS] Lat: 47.398741, Lon: 8.545590, Alt: 18.68m
11:10:24 [POS] Lat: 47.398742, Lon: 8.545591, Alt: 18.68m
11:10:24 [POS] Lat: 47.398742, Lon: 8.545592, Alt: 18.68m
11:10:24 [POS] Lat: 47.398743, Lon: 8.545592, Alt: 18.68m
11:10:24 [POS] Lat: 47.398744, Lon: 8.545593, Alt: 18.69m
11:10:24 [POS] Lat: 47.398744, Lon: 8.545594, Alt: 18.69m
11:10:24 [POS] Lat: 47.398745, Lon: 8.545595, Alt: 18.69m
11:10:24 [POS] Lat: 47.398746, Lon: 8.545596, Alt: 18.69m
11:10:24 [POS] Lat: 47.398747, Lon: 8.545597, Alt: 18.69m
11:10:24 [POS] Lat: 47.398747, Lon: 8.545597, Alt: 18.69m
11:10:24 [POS] Lat: 47.398748, Lon: 8.545598, Alt: 18.70m
11:10:24 [POS] Lat: 47.398749, Lon: 8.545599, Alt: 18.70m
11:10:24 [POS] Lat: 47.398750, Lon: 8.545600, Alt: 18.70m
11:10:24 [POS] Lat: 47.398750, Lon: 8.545601, Alt: 18.70m
11:10:24 [POS] Lat: 47.398751, Lon: 8.545602, Alt: 18.70m
11:10:24 [POS] Lat: 47.398751, Lon: 8.545602, Alt: 18.71m
11:10:24 [POS] Lat: 47.398752, Lon: 8.545604, Alt: 18.71m
11:10:25 [POS] Lat: 47.398753, Lon: 8.545604, Alt: 18.71m
11:10:25 [POS] Lat: 47.398754, Lon: 8.545605, Alt: 18.72m
11:10:25 [POS] Lat: 47.398754, Lon: 8.545606, Alt: 18.72m
11:10:25 [POS] Lat: 47.398755, Lon: 8.545607, Alt: 18.72m
11:10:25 [POS] Lat: 47.398756, Lon: 8.545607, Alt: 18.72m
11:10:25 [POS] Lat: 47.398757, Lon: 8.545609, Alt: 18.73m
11:10:25 [POS] Lat: 47.398757, Lon: 8.545609, Alt: 18.73m
11:10:25 [POS] Lat: 47.398758, Lon: 8.545610, Alt: 18.73m
11:10:25 [POS] Lat: 47.398759, Lon: 8.545611, Alt: 18.73m
11:10:25 [POS] Lat: 47.398759, Lon: 8.545612, Alt: 18.74m
11:10:25 [POS] Lat: 47.398760, Lon: 8.545612, Alt: 18.74m
11:10:25 [POS] Lat: 47.398761, Lon: 8.545614, Alt: 18.74m
11:10:25 [POS] Lat: 47.398761, Lon: 8.545614, Alt: 18.75m
11:10:25 [POS] Lat: 47.398762, Lon: 8.545615, Alt: 18.75m
11:10:25 [POS] Lat: 47.398763, Lon: 8.545616, Alt: 18.75m
11:10:25 [POS] Lat: 47.398764, Lon: 8.545617, Alt: 18.76m
11:10:25 [POS] Lat: 47.398764, Lon: 8.545618, Alt: 18.76m
11:10:25 [POS] Lat: 47.398765, Lon: 8.545619, Alt: 18.76m
11:10:25 [POS] Lat: 47.398766, Lon: 8.545619, Alt: 18.77m
11:10:25 [POS] Lat: 47.398767, Lon: 8.545620, Alt: 18.77m
11:10:25 [POS] Lat: 47.398767, Lon: 8.545621, Alt: 18.78m
11:10:25 [POS] Lat: 47.398768, Lon: 8.545622, Alt: 18.78m
11:10:25 [POS] Lat: 47.398768, Lon: 8.545623, Alt: 18.78m
11:10:25 [POS] Lat: 47.398769, Lon: 8.545624, Alt: 18.79m
11:10:25 [POS] Lat: 47.398770, Lon: 8.545624, Alt: 18.79m
11:10:25 [POS] Lat: 47.398771, Lon: 8.545625, Alt: 18.79m
11:10:25 [POS] Lat: 47.398771, Lon: 8.545626, Alt: 18.80m
11:10:25 [POS] Lat: 47.398772, Lon: 8.545627, Alt: 18.80m
11:10:25 [POS] Lat: 47.398773, Lon: 8.545628, Alt: 18.80m
11:10:25 [POS] Lat: 47.398774, Lon: 8.545629, Alt: 18.81m
11:10:25 [POS] Lat: 47.398774, Lon: 8.545630, Alt: 18.81m
11:10:25 [POS] Lat: 47.398775, Lon: 8.545631, Alt: 18.81m
11:10:25 [POS] Lat: 47.398776, Lon: 8.545631, Alt: 18.82m
11:10:25 [POS] Lat: 47.398776, Lon: 8.545632, Alt: 18.82m
11:10:25 [POS] Lat: 47.398777, Lon: 8.545633, Alt: 18.82m
11:10:25 [POS] Lat: 47.398778, Lon: 8.545634, Alt: 18.82m
11:10:25 [POS] Lat: 47.398778, Lon: 8.545635, Alt: 18.82m
11:10:25 [POS] Lat: 47.398779, Lon: 8.545636, Alt: 18.82m
11:10:25 [POS] Lat: 47.398780, Lon: 8.545636, Alt: 18.82m
11:10:25 [POS] Lat: 47.398781, Lon: 8.545637, Alt: 18.83m
11:10:25 [POS] Lat: 47.398781, Lon: 8.545638, Alt: 18.83m
11:10:25 [POS] Lat: 47.398782, Lon: 8.545639, Alt: 18.83m
11:10:25 [POS] Lat: 47.398783, Lon: 8.545640, Alt: 18.83m
11:10:25 [POS] Lat: 47.398784, Lon: 8.545641, Alt: 18.83m
11:10:25 [POS] Lat: 47.398784, Lon: 8.545641, Alt: 18.83m
11:10:25 [POS] Lat: 47.398785, Lon: 8.545642, Alt: 18.84m
11:10:25 [POS] Lat: 47.398785, Lon: 8.545643, Alt: 18.84m
11:10:25 [POS] Lat: 47.398786, Lon: 8.545644, Alt: 18.84m
11:10:25 [POS] Lat: 47.398787, Lon: 8.545644, Alt: 18.84m
11:10:25 [POS] Lat: 47.398788, Lon: 8.545645, Alt: 18.85m
11:10:26 [POS] Lat: 47.398788, Lon: 8.545646, Alt: 18.85m
11:10:26 [POS] Lat: 47.398789, Lon: 8.545647, Alt: 18.85m
11:10:26 [POS] Lat: 47.398790, Lon: 8.545648, Alt: 18.86m
11:10:26 [POS] Lat: 47.398790, Lon: 8.545649, Alt: 18.86m
11:10:26 [POS] Lat: 47.398791, Lon: 8.545649, Alt: 18.86m
11:10:26 [POS] Lat: 47.398792, Lon: 8.545650, Alt: 18.87m
11:10:26 [POS] Lat: 47.398792, Lon: 8.545651, Alt: 18.87m
11:10:26 [POS] Lat: 47.398793, Lon: 8.545652, Alt: 18.87m
11:10:26 [POS] Lat: 47.398794, Lon: 8.545653, Alt: 18.88m
11:10:26 [POS] Lat: 47.398795, Lon: 8.545654, Alt: 18.88m
11:10:26 [POS] Lat: 47.398795, Lon: 8.545654, Alt: 18.88m
11:10:26 [POS] Lat: 47.398796, Lon: 8.545655, Alt: 18.88m
11:10:26 [POS] Lat: 47.398796, Lon: 8.545656, Alt: 18.88m
11:10:26 [POS] Lat: 47.398797, Lon: 8.545657, Alt: 18.89m
11:10:26 [POS] Lat: 47.398798, Lon: 8.545658, Alt: 18.89m
11:10:26 [POS] Lat: 47.398799, Lon: 8.545659, Alt: 18.89m
11:10:26 [POS] Lat: 47.398799, Lon: 8.545659, Alt: 18.89m
11:10:26 [POS] Lat: 47.398800, Lon: 8.545660, Alt: 18.89m
11:10:26 [POS] Lat: 47.398801, Lon: 8.545661, Alt: 18.89m
11:10:26 [POS] Lat: 47.398801, Lon: 8.545662, Alt: 18.90m
11:10:26 [POS] Lat: 47.398802, Lon: 8.545663, Alt: 18.90m
11:10:26 [POS] Lat: 47.398803, Lon: 8.545664, Alt: 18.90m
11:10:26 [POS] Lat: 47.398803, Lon: 8.545664, Alt: 18.90m
11:10:26 [POS] Lat: 47.398804, Lon: 8.545665, Alt: 18.90m
11:10:26 [POS] Lat: 47.398805, Lon: 8.545666, Alt: 18.91m
11:10:26 [POS] Lat: 47.398806, Lon: 8.545667, Alt: 18.91m
11:10:26 [POS] Lat: 47.398806, Lon: 8.545668, Alt: 18.91m
11:10:26 [BAT] Percentage: 66, Voltage: 15.30V
11:10:26 [POS] Lat: 47.398807, Lon: 8.545669, Alt: 18.91m
11:10:26 [POS] Lat: 47.398807, Lon: 8.545669, Alt: 18.91m
11:10:26 [POS] Lat: 47.398808, Lon: 8.545670, Alt: 18.92m
11:10:26 [POS] Lat: 47.398809, Lon: 8.545671, Alt: 18.92m
11:10:26 [POS] Lat: 47.398810, Lon: 8.545672, Alt: 18.92m
11:10:26 [POS] Lat: 47.398810, Lon: 8.545673, Alt: 18.92m
11:10:26 [POS] Lat: 47.398811, Lon: 8.545674, Alt: 18.92m
11:10:26 [POS] Lat: 47.398812, Lon: 8.545674, Alt: 18.93m
11:10:26 [POS] Lat: 47.398812, Lon: 8.545675, Alt: 18.93m
11:10:26 [POS] Lat: 47.398813, Lon: 8.545676, Alt: 18.93m
11:10:26 [POS] Lat: 47.398814, Lon: 8.545677, Alt: 18.93m
11:10:26 [POS] Lat: 47.398814, Lon: 8.545678, Alt: 18.93m
11:10:26 [POS] Lat: 47.398815, Lon: 8.545679, Alt: 18.94m
11:10:26 [POS] Lat: 47.398816, Lon: 8.545679, Alt: 18.94m
11:10:26 [POS] Lat: 47.398817, Lon: 8.545680, Alt: 18.94m
11:10:26 [POS] Lat: 47.398817, Lon: 8.545681, Alt: 18.94m
11:10:26 [POS] Lat: 47.398818, Lon: 8.545682, Alt: 18.95m
11:10:26 [POS] Lat: 47.398818, Lon: 8.545683, Alt: 18.95m
11:10:26 [POS] Lat: 47.398819, Lon: 8.545684, Alt: 18.95m
11:10:26 [POS] Lat: 47.398820, Lon: 8.545684, Alt: 18.95m
11:10:26 [POS] Lat: 47.398821, Lon: 8.545685, Alt: 18.95m
11:10:26 [POS] Lat: 47.398821, Lon: 8.545686, Alt: 18.96m
11:10:27 [POS] Lat: 47.398822, Lon: 8.545687, Alt: 18.96m
11:10:27 [POS] Lat: 47.398823, Lon: 8.545688, Alt: 18.96m
11:10:27 [POS] Lat: 47.398823, Lon: 8.545689, Alt: 18.96m
11:10:27 [POS] Lat: 47.398824, Lon: 8.545689, Alt: 18.96m
11:10:27 [POS] Lat: 47.398825, Lon: 8.545690, Alt: 18.97m
11:10:27 [POS] Lat: 47.398826, Lon: 8.545691, Alt: 18.97m
11:10:27 [POS] Lat: 47.398826, Lon: 8.545692, Alt: 18.97m
11:10:27 [POS] Lat: 47.398827, Lon: 8.545692, Alt: 18.98m
11:10:27 [POS] Lat: 47.398828, Lon: 8.545694, Alt: 18.98m
11:10:27 [POS] Lat: 47.398828, Lon: 8.545694, Alt: 18.98m
11:10:27 [POS] Lat: 47.398829, Lon: 8.545695, Alt: 18.99m
11:10:27 [POS] Lat: 47.398830, Lon: 8.545696, Alt: 18.99m
11:10:27 [POS] Lat: 47.398830, Lon: 8.545697, Alt: 18.99m
11:10:27 [POS] Lat: 47.398831, Lon: 8.545697, Alt: 18.99m
11:10:27 [POS] Lat: 47.398832, Lon: 8.545699, Alt: 19.00m
11:10:27 [POS] Lat: 47.398832, Lon: 8.545699, Alt: 19.00m
11:10:27 [POS] Lat: 47.398833, Lon: 8.545700, Alt: 19.00m
11:10:27 [POS] Lat: 47.398834, Lon: 8.545701, Alt: 19.01m
11:10:27 [POS] Lat: 47.398835, Lon: 8.545702, Alt: 19.01m
11:10:27 [POS] Lat: 47.398835, Lon: 8.545702, Alt: 19.01m
11:10:27 [POS] Lat: 47.398836, Lon: 8.545703, Alt: 19.01m
11:10:27 [POS] Lat: 47.398837, Lon: 8.545704, Alt: 19.02m
11:10:27 [POS] Lat: 47.398838, Lon: 8.545705, Alt: 19.02m
11:10:27 [POS] Lat: 47.398838, Lon: 8.545706, Alt: 19.02m
11:10:27 [POS] Lat: 47.398839, Lon: 8.545707, Alt: 19.03m
11:10:27 [POS] Lat: 47.398840, Lon: 8.545707, Alt: 19.03m
11:10:27 [POS] Lat: 47.398840, Lon: 8.545708, Alt: 19.03m
11:10:27 [POS] Lat: 47.398841, Lon: 8.545709, Alt: 19.03m
11:10:27 [POS] Lat: 47.398842, Lon: 8.545710, Alt: 19.04m
11:10:27 [POS] Lat: 47.398843, Lon: 8.545711, Alt: 19.04m
11:10:27 [POS] Lat: 47.398843, Lon: 8.545712, Alt: 19.05m
11:10:27 [POS] Lat: 47.398844, Lon: 8.545712, Alt: 19.05m
11:10:27 [POS] Lat: 47.398845, Lon: 8.545713, Alt: 19.05m
11:10:27 [POS] Lat: 47.398845, Lon: 8.545714, Alt: 19.06m
11:10:27 [POS] Lat: 47.398846, Lon: 8.545715, Alt: 19.06m
11:10:27 [POS] Lat: 47.398847, Lon: 8.545716, Alt: 19.06m
11:10:27 [POS] Lat: 47.398848, Lon: 8.545716, Alt: 19.07m
11:10:27 [POS] Lat: 47.398848, Lon: 8.545717, Alt: 19.07m
11:10:27 [POS] Lat: 47.398849, Lon: 8.545718, Alt: 19.08m
11:10:27 [POS] Lat: 47.398849, Lon: 8.545719, Alt: 19.08m
11:10:27 [POS] Lat: 47.398850, Lon: 8.545720, Alt: 19.08m
11:10:27 [POS] Lat: 47.398851, Lon: 8.545720, Alt: 19.09m
11:10:27 [POS] Lat: 47.398852, Lon: 8.545721, Alt: 19.09m
11:10:27 [POS] Lat: 47.398852, Lon: 8.545722, Alt: 19.09m
11:10:27 [POS] Lat: 47.398853, Lon: 8.545723, Alt: 19.10m
11:10:27 [POS] Lat: 47.398854, Lon: 8.545724, Alt: 19.10m
11:10:27 [POS] Lat: 47.398855, Lon: 8.545725, Alt: 19.10m
11:10:27 [POS] Lat: 47.398855, Lon: 8.545725, Alt: 19.10m
11:10:27 [POS] Lat: 47.398856, Lon: 8.545726, Alt: 19.11m
11:10:27 [POS] Lat: 47.398857, Lon: 8.545727, Alt: 19.11m
11:10:28 [POS] Lat: 47.398857, Lon: 8.545728, Alt: 19.11m
11:10:28 [POS] Lat: 47.398858, Lon: 8.545729, Alt: 19.11m
11:10:28 [POS] Lat: 47.398859, Lon: 8.545730, Alt: 19.12m
11:10:28 [POS] Lat: 47.398860, Lon: 8.545730, Alt: 19.12m
11:10:28 [POS] Lat: 47.398860, Lon: 8.545731, Alt: 19.12m
11:10:28 [POS] Lat: 47.398861, Lon: 8.545732, Alt: 19.12m
11:10:28 [POS] Lat: 47.398862, Lon: 8.545733, Alt: 19.13m
11:10:28 [POS] Lat: 47.398862, Lon: 8.545733, Alt: 19.13m
11:10:28 [POS] Lat: 47.398863, Lon: 8.545734, Alt: 19.13m
11:10:28 [POS] Lat: 47.398864, Lon: 8.545735, Alt: 19.13m
11:10:28 [POS] Lat: 47.398865, Lon: 8.545736, Alt: 19.14m
11:10:28 [POS] Lat: 47.398865, Lon: 8.545737, Alt: 19.14m
11:10:28 [POS] Lat: 47.398866, Lon: 8.545738, Alt: 19.14m
11:10:28 [POS] Lat: 47.398867, Lon: 8.545738, Alt: 19.14m
11:10:28 [POS] Lat: 47.398867, Lon: 8.545739, Alt: 19.15m
11:10:28 [POS] Lat: 47.398868, Lon: 8.545740, Alt: 19.15m
11:10:28 [POS] Lat: 47.398869, Lon: 8.545741, Alt: 19.15m
11:10:28 [POS] Lat: 47.398869, Lon: 8.545742, Alt: 19.15m
11:10:28 [POS] Lat: 47.398870, Lon: 8.545743, Alt: 19.16m
11:10:28 [POS] Lat: 47.398871, Lon: 8.545743, Alt: 19.16m
11:10:28 [POS] Lat: 47.398872, Lon: 8.545744, Alt: 19.16m
11:10:28 [POS] Lat: 47.398872, Lon: 8.545745, Alt: 19.17m
11:10:28 [POS] Lat: 47.398873, Lon: 8.545746, Alt: 19.17m
11:10:28 [POS] Lat: 47.398874, Lon: 8.545747, Alt: 19.17m
11:10:28 [POS] Lat: 47.398875, Lon: 8.545748, Alt: 19.17m
11:10:28 [POS] Lat: 47.398875, Lon: 8.545748, Alt: 19.17m
11:10:28 [POS] Lat: 47.398876, Lon: 8.545749, Alt: 19.18m
11:10:28 [POS] Lat: 47.398877, Lon: 8.545750, Alt: 19.18m
11:10:28 [BAT] Percentage: 66, Voltage: 15.30V
11:10:28 [POS] Lat: 47.398877, Lon: 8.545751, Alt: 19.18m
11:10:28 [POS] Lat: 47.398878, Lon: 8.545751, Alt: 19.18m
11:10:28 [POS] Lat: 47.398879, Lon: 8.545752, Alt: 19.18m
11:10:28 [POS] Lat: 47.398879, Lon: 8.545753, Alt: 19.18m
11:10:28 [POS] Lat: 47.398880, Lon: 8.545754, Alt: 19.18m
11:10:28 [POS] Lat: 47.398881, Lon: 8.545755, Alt: 19.19m
11:10:28 [POS] Lat: 47.398882, Lon: 8.545756, Alt: 19.19m
11:10:28 [POS] Lat: 47.398882, Lon: 8.545756, Alt: 19.19m
11:10:28 [POS] Lat: 47.398883, Lon: 8.545757, Alt: 19.19m
11:10:28 [POS] Lat: 47.398884, Lon: 8.545758, Alt: 19.20m
11:10:28 [POS] Lat: 47.398885, Lon: 8.545759, Alt: 19.20m
11:10:28 [POS] Lat: 47.398885, Lon: 8.545759, Alt: 19.20m
11:10:28 [POS] Lat: 47.398886, Lon: 8.545761, Alt: 19.21m
11:10:28 [POS] Lat: 47.398886, Lon: 8.545761, Alt: 19.21m
11:10:28 [POS] Lat: 47.398887, Lon: 8.545762, Alt: 19.21m
11:10:28 [POS] Lat: 47.398888, Lon: 8.545763, Alt: 19.21m
11:10:28 [POS] Lat: 47.398889, Lon: 8.545764, Alt: 19.22m
11:10:28 [POS] Lat: 47.398889, Lon: 8.545764, Alt: 19.22m
11:10:28 [POS] Lat: 47.398890, Lon: 8.545765, Alt: 19.22m
11:10:28 [POS] Lat: 47.398891, Lon: 8.545766, Alt: 19.22m
11:10:28 [POS] Lat: 47.398891, Lon: 8.545767, Alt: 19.22m
11:10:29 [POS] Lat: 47.398892, Lon: 8.545768, Alt: 19.22m
11:10:29 [POS] Lat: 47.398893, Lon: 8.545769, Alt: 19.23m
11:10:29 [POS] Lat: 47.398893, Lon: 8.545770, Alt: 19.23m
11:10:29 [POS] Lat: 47.398894, Lon: 8.545770, Alt: 19.23m
11:10:29 [POS] Lat: 47.398895, Lon: 8.545771, Alt: 19.23m
11:10:29 [POS] Lat: 47.398896, Lon: 8.545772, Alt: 19.23m
11:10:29 [POS] Lat: 47.398896, Lon: 8.545773, Alt: 19.24m
11:10:29 [POS] Lat: 47.398897, Lon: 8.545774, Alt: 19.24m
11:10:29 [POS] Lat: 47.398898, Lon: 8.545774, Alt: 19.24m
11:10:29 [POS] Lat: 47.398898, Lon: 8.545775, Alt: 19.24m
11:10:29 [POS] Lat: 47.398899, Lon: 8.545776, Alt: 19.25m
11:10:29 [POS] Lat: 47.398900, Lon: 8.545777, Alt: 19.25m
11:10:29 [POS] Lat: 47.398900, Lon: 8.545778, Alt: 19.25m
11:10:29 [POS] Lat: 47.398901, Lon: 8.545779, Alt: 19.25m
11:10:29 [POS] Lat: 47.398902, Lon: 8.545779, Alt: 19.26m
11:10:29 [POS] Lat: 47.398903, Lon: 8.545780, Alt: 19.26m
11:10:29 [POS] Lat: 47.398903, Lon: 8.545781, Alt: 19.26m
11:10:29 [POS] Lat: 47.398904, Lon: 8.545782, Alt: 19.27m
11:10:29 [POS] Lat: 47.398905, Lon: 8.545783, Alt: 19.27m
11:10:29 [POS] Lat: 47.398905, Lon: 8.545784, Alt: 19.27m
11:10:29 [POS] Lat: 47.398906, Lon: 8.545784, Alt: 19.28m
11:10:29 [POS] Lat: 47.398907, Lon: 8.545785, Alt: 19.28m
11:10:29 [POS] Lat: 47.398907, Lon: 8.545786, Alt: 19.28m
11:10:29 [POS] Lat: 47.398908, Lon: 8.545787, Alt: 19.29m
11:10:29 [POS] Lat: 47.398909, Lon: 8.545788, Alt: 19.29m
11:10:29 [POS] Lat: 47.398909, Lon: 8.545789, Alt: 19.29m
11:10:29 [POS] Lat: 47.398910, Lon: 8.545789, Alt: 19.29m
11:10:29 [POS] Lat: 47.398911, Lon: 8.545790, Alt: 19.30m
11:10:29 [POS] Lat: 47.398911, Lon: 8.545791, Alt: 19.30m
11:10:29 [POS] Lat: 47.398912, Lon: 8.545792, Alt: 19.30m
11:10:29 [POS] Lat: 47.398913, Lon: 8.545793, Alt: 19.31m
11:10:29 [POS] Lat: 47.398914, Lon: 8.545794, Alt: 19.31m
11:10:29 [POS] Lat: 47.398914, Lon: 8.545794, Alt: 19.31m
11:10:29 [POS] Lat: 47.398915, Lon: 8.545795, Alt: 19.32m
11:10:29 [POS] Lat: 47.398916, Lon: 8.545796, Alt: 19.32m
11:10:29 [POS] Lat: 47.398916, Lon: 8.545797, Alt: 19.32m
11:10:29 [POS] Lat: 47.398917, Lon: 8.545798, Alt: 19.32m
11:10:29 [POS] Lat: 47.398918, Lon: 8.545799, Alt: 19.33m
11:10:29 [POS] Lat: 47.398918, Lon: 8.545799, Alt: 19.33m
11:10:29 [POS] Lat: 47.398919, Lon: 8.545800, Alt: 19.34m
11:10:29 [POS] Lat: 47.398920, Lon: 8.545801, Alt: 19.34m
11:10:29 [POS] Lat: 47.398921, Lon: 8.545802, Alt: 19.34m
11:10:29 [POS] Lat: 47.398921, Lon: 8.545802, Alt: 19.34m
11:10:29 [POS] Lat: 47.398922, Lon: 8.545803, Alt: 19.35m
11:10:29 [POS] Lat: 47.398923, Lon: 8.545804, Alt: 19.35m
11:10:29 [POS] Lat: 47.398923, Lon: 8.545805, Alt: 19.35m
11:10:29 [POS] Lat: 47.398924, Lon: 8.545806, Alt: 19.36m
11:10:29 [POS] Lat: 47.398925, Lon: 8.545807, Alt: 19.36m
11:10:29 [POS] Lat: 47.398925, Lon: 8.545808, Alt: 19.36m
11:10:29 [POS] Lat: 47.398926, Lon: 8.545808, Alt: 19.36m
11:10:30 [POS] Lat: 47.398927, Lon: 8.545809, Alt: 19.37m
11:10:30 [POS] Lat: 47.398928, Lon: 8.545810, Alt: 19.37m
11:10:30 [POS] Lat: 47.398928, Lon: 8.545811, Alt: 19.37m
11:10:30 [POS] Lat: 47.398929, Lon: 8.545812, Alt: 19.38m
11:10:30 [POS] Lat: 47.398930, Lon: 8.545813, Alt: 19.38m
11:10:30 [POS] Lat: 47.398931, Lon: 8.545813, Alt: 19.38m
11:10:30 [POS] Lat: 47.398931, Lon: 8.545814, Alt: 19.38m
11:10:30 [POS] Lat: 47.398932, Lon: 8.545815, Alt: 19.39m
11:10:30 [POS] Lat: 47.398933, Lon: 8.545816, Alt: 19.39m
11:10:30 [POS] Lat: 47.398933, Lon: 8.545817, Alt: 19.40m
11:10:30 [POS] Lat: 47.398934, Lon: 8.545817, Alt: 19.40m
11:10:30 [POS] Lat: 47.398935, Lon: 8.545818, Alt: 19.40m
11:10:30 [POS] Lat: 47.398936, Lon: 8.545819, Alt: 19.40m
11:10:30 [POS] Lat: 47.398936, Lon: 8.545820, Alt: 19.41m
11:10:30 [POS] Lat: 47.398937, Lon: 8.545821, Alt: 19.41m
11:10:30 [POS] Lat: 47.398938, Lon: 8.545822, Alt: 19.41m
11:10:30 [POS] Lat: 47.398938, Lon: 8.545822, Alt: 19.42m
11:10:30 [POS] Lat: 47.398939, Lon: 8.545823, Alt: 19.42m
11:10:30 [POS] Lat: 47.398940, Lon: 8.545824, Alt: 19.42m
11:10:30 [POS] Lat: 47.398941, Lon: 8.545825, Alt: 19.42m
11:10:30 [POS] Lat: 47.398941, Lon: 8.545825, Alt: 19.42m
11:10:30 [POS] Lat: 47.398942, Lon: 8.545827, Alt: 19.43m
11:10:30 [POS] Lat: 47.398943, Lon: 8.545827, Alt: 19.43m
11:10:30 [POS] Lat: 47.398943, Lon: 8.545828, Alt: 19.43m
11:10:30 [POS] Lat: 47.398944, Lon: 8.545829, Alt: 19.44m
11:10:30 [POS] Lat: 47.398945, Lon: 8.545830, Alt: 19.44m
11:10:30 [POS] Lat: 47.398945, Lon: 8.545830, Alt: 19.44m
11:10:30 [POS] Lat: 47.398946, Lon: 8.545831, Alt: 19.45m
11:10:30 [POS] Lat: 47.398947, Lon: 8.545832, Alt: 19.45m
11:10:30 [BAT] Percentage: 66, Voltage: 15.30V
11:10:30 [POS] Lat: 47.398948, Lon: 8.545833, Alt: 19.45m
11:10:30 [POS] Lat: 47.398948, Lon: 8.545834, Alt: 19.46m
11:10:30 [POS] Lat: 47.398949, Lon: 8.545835, Alt: 19.46m
11:10:30 [POS] Lat: 47.398950, Lon: 8.545835, Alt: 19.46m
11:10:30 [POS] Lat: 47.398951, Lon: 8.545836, Alt: 19.47m
11:10:30 [POS] Lat: 47.398951, Lon: 8.545837, Alt: 19.47m
11:10:30 [POS] Lat: 47.398952, Lon: 8.545838, Alt: 19.48m
11:10:30 [POS] Lat: 47.398953, Lon: 8.545839, Alt: 19.48m
11:10:30 [POS] Lat: 47.398954, Lon: 8.545840, Alt: 19.48m
11:10:30 [POS] Lat: 47.398954, Lon: 8.545840, Alt: 19.48m
11:10:30 [POS] Lat: 47.398955, Lon: 8.545841, Alt: 19.49m
11:10:30 [POS] Lat: 47.398956, Lon: 8.545842, Alt: 19.49m
11:10:30 [POS] Lat: 47.398956, Lon: 8.545843, Alt: 19.50m
11:10:30 [POS] Lat: 47.398957, Lon: 8.545844, Alt: 19.50m
11:10:30 [POS] Lat: 47.398958, Lon: 8.545845, Alt: 19.50m
11:10:30 [POS] Lat: 47.398958, Lon: 8.545845, Alt: 19.50m
11:10:30 [POS] Lat: 47.398959, Lon: 8.545846, Alt: 19.51m
11:10:30 [POS] Lat: 47.398960, Lon: 8.545847, Alt: 19.51m
11:10:30 [POS] Lat: 47.398961, Lon: 8.545848, Alt: 19.51m
11:10:30 [POS] Lat: 47.398961, Lon: 8.545848, Alt: 19.52m
11:10:31 [POS] Lat: 47.398962, Lon: 8.545849, Alt: 19.52m
11:10:31 [POS] Lat: 47.398963, Lon: 8.545850, Alt: 19.52m
11:10:31 [POS] Lat: 47.398964, Lon: 8.545851, Alt: 19.53m
11:10:31 [POS] Lat: 47.398964, Lon: 8.545852, Alt: 19.53m
11:10:31 [POS] Lat: 47.398965, Lon: 8.545853, Alt: 19.54m
11:10:31 [POS] Lat: 47.398965, Lon: 8.545853, Alt: 19.54m
11:10:31 [POS] Lat: 47.398966, Lon: 8.545854, Alt: 19.54m
11:10:31 [POS] Lat: 47.398967, Lon: 8.545855, Alt: 19.55m
11:10:31 [POS] Lat: 47.398968, Lon: 8.545856, Alt: 19.55m
11:10:31 [POS] Lat: 47.398968, Lon: 8.545857, Alt: 19.55m
11:10:31 [POS] Lat: 47.398969, Lon: 8.545858, Alt: 19.56m
11:10:31 [POS] Lat: 47.398970, Lon: 8.545858, Alt: 19.56m
11:10:31 [POS] Lat: 47.398971, Lon: 8.545859, Alt: 19.56m
11:10:31 [POS] Lat: 47.398971, Lon: 8.545860, Alt: 19.56m
11:10:31 [POS] Lat: 47.398972, Lon: 8.545861, Alt: 19.57m
11:10:31 [POS] Lat: 47.398973, Lon: 8.545862, Alt: 19.57m
11:10:31 [POS] Lat: 47.398973, Lon: 8.545863, Alt: 19.57m
11:10:31 [POS] Lat: 47.398974, Lon: 8.545863, Alt: 19.57m
11:10:31 [POS] Lat: 47.398975, Lon: 8.545864, Alt: 19.57m
11:10:31 [POS] Lat: 47.398975, Lon: 8.545865, Alt: 19.58m
11:10:31 [POS] Lat: 47.398976, Lon: 8.545866, Alt: 19.58m
11:10:31 [POS] Lat: 47.398977, Lon: 8.545866, Alt: 19.58m
11:10:31 [POS] Lat: 47.398978, Lon: 8.545867, Alt: 19.58m
11:10:31 [POS] Lat: 47.398978, Lon: 8.545868, Alt: 19.59m
11:10:31 [POS] Lat: 47.398979, Lon: 8.545869, Alt: 19.59m
11:10:31 [POS] Lat: 47.398980, Lon: 8.545870, Alt: 19.59m
11:10:31 [POS] Lat: 47.398981, Lon: 8.545871, Alt: 19.59m
11:10:31 [POS] Lat: 47.398981, Lon: 8.545871, Alt: 19.59m
11:10:31 [POS] Lat: 47.398982, Lon: 8.545872, Alt: 19.60m
11:10:31 [POS] Lat: 47.398982, Lon: 8.545873, Alt: 19.60m
11:10:31 [POS] Lat: 47.398983, Lon: 8.545874, Alt: 19.60m
11:10:31 [POS] Lat: 47.398984, Lon: 8.545875, Alt: 19.60m
11:10:31 [POS] Lat: 47.398985, Lon: 8.545876, Alt: 19.60m
11:10:31 [POS] Lat: 47.398985, Lon: 8.545877, Alt: 19.61m
11:10:31 [POS] Lat: 47.398986, Lon: 8.545877, Alt: 19.61m
11:10:31 [POS] Lat: 47.398987, Lon: 8.545878, Alt: 19.61m
11:10:31 [POS] Lat: 47.398987, Lon: 8.545879, Alt: 19.61m
11:10:31 [POS] Lat: 47.398988, Lon: 8.545880, Alt: 19.62m
11:10:31 [POS] Lat: 47.398989, Lon: 8.545881, Alt: 19.62m
11:10:31 [POS] Lat: 47.398989, Lon: 8.545881, Alt: 19.62m
11:10:31 [POS] Lat: 47.398990, Lon: 8.545882, Alt: 19.63m
11:10:31 [POS] Lat: 47.398991, Lon: 8.545883, Alt: 19.63m
11:10:31 [POS] Lat: 47.398992, Lon: 8.545884, Alt: 19.64m
11:10:31 [POS] Lat: 47.398992, Lon: 8.545885, Alt: 19.64m
11:10:31 [POS] Lat: 47.398993, Lon: 8.545886, Alt: 19.64m
11:10:31 [POS] Lat: 47.398994, Lon: 8.545886, Alt: 19.64m
11:10:31 [POS] Lat: 47.398994, Lon: 8.545887, Alt: 19.65m
11:10:31 [POS] Lat: 47.398995, Lon: 8.545888, Alt: 19.65m
11:10:31 [POS] Lat: 47.398996, Lon: 8.545889, Alt: 19.65m
11:10:31 [POS] Lat: 47.398996, Lon: 8.545889, Alt: 19.65m
11:10:32 [POS] Lat: 47.398997, Lon: 8.545891, Alt: 19.66m
11:10:32 [POS] Lat: 47.398998, Lon: 8.545891, Alt: 19.66m
11:10:32 [POS] Lat: 47.398998, Lon: 8.545892, Alt: 19.66m
11:10:32 [POS] Lat: 47.398999, Lon: 8.545893, Alt: 19.66m
11:10:32 [POS] Lat: 47.399000, Lon: 8.545894, Alt: 19.66m
11:10:32 [POS] Lat: 47.399000, Lon: 8.545894, Alt: 19.67m
11:10:32 [POS] Lat: 47.399001, Lon: 8.545895, Alt: 19.67m
11:10:32 [POS] Lat: 47.399001, Lon: 8.545896, Alt: 19.67m
11:10:32 [POS] Lat: 47.399002, Lon: 8.545896, Alt: 19.68m
11:10:32 [POS] Lat: 47.399003, Lon: 8.545897, Alt: 19.68m
11:10:32 [POS] Lat: 47.399003, Lon: 8.545898, Alt: 19.69m
11:10:32 [POS] Lat: 47.399004, Lon: 8.545898, Alt: 19.69m
11:10:32 [POS] Lat: 47.399004, Lon: 8.545899, Alt: 19.69m
11:10:32 [POS] Lat: 47.399005, Lon: 8.545900, Alt: 19.69m
11:10:32 [POS] Lat: 47.399006, Lon: 8.545901, Alt: 19.70m
11:10:32 [POS] Lat: 47.399006, Lon: 8.545901, Alt: 19.70m
11:10:32 [POS] Lat: 47.399007, Lon: 8.545902, Alt: 19.70m
11:10:32 [POS] Lat: 47.399007, Lon: 8.545903, Alt: 19.70m
11:10:32 [POS] Lat: 47.399008, Lon: 8.545903, Alt: 19.71m
11:10:32 [POS] Lat: 47.399008, Lon: 8.545904, Alt: 19.71m
11:10:32 [POS] Lat: 47.399009, Lon: 8.545905, Alt: 19.71m
11:10:32 [POS] Lat: 47.399009, Lon: 8.545905, Alt: 19.72m
11:10:32 [POS] Lat: 47.399010, Lon: 8.545906, Alt: 19.72m
11:10:32 [POS] Lat: 47.399010, Lon: 8.545906, Alt: 19.72m
11:10:32 [POS] Lat: 47.399011, Lon: 8.545907, Alt: 19.73m
11:10:32 [POS] Lat: 47.399012, Lon: 8.545908, Alt: 19.73m
11:10:32 [POS] Lat: 47.399012, Lon: 8.545908, Alt: 19.73m
11:10:32 [POS] Lat: 47.399012, Lon: 8.545909, Alt: 19.73m
11:10:32 [POS] Lat: 47.399013, Lon: 8.545910, Alt: 19.74m
11:10:32 [POS] Lat: 47.399014, Lon: 8.545910, Alt: 19.74m
11:10:32 [BAT] Percentage: 66, Voltage: 15.30V
11:10:32 [POS] Lat: 47.399014, Lon: 8.545911, Alt: 19.74m
11:10:32 [POS] Lat: 47.399014, Lon: 8.545911, Alt: 19.74m
11:10:32 [POS] Lat: 47.399015, Lon: 8.545912, Alt: 19.74m
11:10:32 [POS] Lat: 47.399015, Lon: 8.545912, Alt: 19.74m
11:10:32 [POS] Lat: 47.399016, Lon: 8.545913, Alt: 19.74m
11:10:32 [POS] Lat: 47.399016, Lon: 8.545913, Alt: 19.74m
11:10:32 [POS] Lat: 47.399017, Lon: 8.545914, Alt: 19.74m
11:10:32 [POS] Lat: 47.399017, Lon: 8.545915, Alt: 19.74m
11:10:32 [POS] Lat: 47.399018, Lon: 8.545915, Alt: 19.74m
11:10:32 [POS] Lat: 47.399018, Lon: 8.545916, Alt: 19.74m
11:10:32 [POS] Lat: 47.399019, Lon: 8.545916, Alt: 19.74m
11:10:32 [POS] Lat: 47.399019, Lon: 8.545917, Alt: 19.74m
11:10:32 [POS] Lat: 47.399020, Lon: 8.545917, Alt: 19.74m
11:10:32 [POS] Lat: 47.399020, Lon: 8.545918, Alt: 19.74m
11:10:32 [POS] Lat: 47.399021, Lon: 8.545918, Alt: 19.74m
11:10:32 [POS] Lat: 47.399021, Lon: 8.545919, Alt: 19.74m
11:10:32 [POS] Lat: 47.399021, Lon: 8.545919, Alt: 19.74m
11:10:32 [POS] Lat: 47.399022, Lon: 8.545920, Alt: 19.74m
11:10:32 [POS] Lat: 47.399022, Lon: 8.545920, Alt: 19.74m
11:10:33 [POS] Lat: 47.399023, Lon: 8.545921, Alt: 19.74m
11:10:33 [POS] Lat: 47.399023, Lon: 8.545921, Alt: 19.74m
11:10:33 [POS] Lat: 47.399024, Lon: 8.545922, Alt: 19.74m
11:10:33 [POS] Lat: 47.399024, Lon: 8.545922, Alt: 19.74m
11:10:33 [POS] Lat: 47.399024, Lon: 8.545922, Alt: 19.74m
11:10:33 [POS] Lat: 47.399025, Lon: 8.545923, Alt: 19.74m
11:10:33 [POS] Lat: 47.399025, Lon: 8.545923, Alt: 19.74m
11:10:33 [POS] Lat: 47.399026, Lon: 8.545924, Alt: 19.74m
11:10:33 [POS] Lat: 47.399026, Lon: 8.545924, Alt: 19.74m
11:10:33 [POS] Lat: 47.399026, Lon: 8.545925, Alt: 19.75m
11:10:33 [POS] Lat: 47.399027, Lon: 8.545925, Alt: 19.75m
11:10:33 [POS] Lat: 47.399027, Lon: 8.545926, Alt: 19.75m
11:10:33 [POS] Lat: 47.399028, Lon: 8.545926, Alt: 19.75m
11:10:33 [POS] Lat: 47.399028, Lon: 8.545927, Alt: 19.75m
11:10:33 [POS] Lat: 47.399028, Lon: 8.545927, Alt: 19.75m
11:10:33 [POS] Lat: 47.399029, Lon: 8.545927, Alt: 19.75m
11:10:33 [POS] Lat: 47.399029, Lon: 8.545928, Alt: 19.75m
11:10:33 [POS] Lat: 47.399029, Lon: 8.545928, Alt: 19.75m
11:10:33 [POS] Lat: 47.399030, Lon: 8.545929, Alt: 19.75m
11:10:33 [POS] Lat: 47.399030, Lon: 8.545929, Alt: 19.76m
11:10:33 [POS] Lat: 47.399031, Lon: 8.545929, Alt: 19.76m
11:10:33 [POS] Lat: 47.399031, Lon: 8.545930, Alt: 19.76m
11:10:33 [POS] Lat: 47.399031, Lon: 8.545930, Alt: 19.76m
11:10:33 [POS] Lat: 47.399032, Lon: 8.545930, Alt: 19.77m
11:10:33 [POS] Lat: 47.399032, Lon: 8.545931, Alt: 19.77m
11:10:33 [POS] Lat: 47.399032, Lon: 8.545931, Alt: 19.77m
11:10:33 [POS] Lat: 47.399033, Lon: 8.545932, Alt: 19.77m
11:10:33 [POS] Lat: 47.399033, Lon: 8.545932, Alt: 19.78m
11:10:33 [POS] Lat: 47.399033, Lon: 8.545932, Alt: 19.78m
11:10:33 [POS] Lat: 47.399034, Lon: 8.545933, Alt: 19.78m
11:10:33 [POS] Lat: 47.399034, Lon: 8.545933, Alt: 19.79m
11:10:33 [POS] Lat: 47.399034, Lon: 8.545933, Alt: 19.79m
11:10:33 [POS] Lat: 47.399035, Lon: 8.545934, Alt: 19.79m
11:10:33 [POS] Lat: 47.399035, Lon: 8.545934, Alt: 19.79m
11:10:33 [POS] Lat: 47.399035, Lon: 8.545934, Alt: 19.79m
11:10:33 [POS] Lat: 47.399036, Lon: 8.545935, Alt: 19.79m
11:10:33 [POS] Lat: 47.399036, Lon: 8.545935, Alt: 19.79m
11:10:33 [POS] Lat: 47.399036, Lon: 8.545936, Alt: 19.79m
11:10:33 [POS] Lat: 47.399036, Lon: 8.545936, Alt: 19.79m
11:10:33 [POS] Lat: 47.399037, Lon: 8.545936, Alt: 19.79m
11:10:33 [POS] Lat: 47.399037, Lon: 8.545936, Alt: 19.79m
11:10:33 [POS] Lat: 47.399037, Lon: 8.545937, Alt: 19.79m
11:10:33 [POS] Lat: 47.399037, Lon: 8.545937, Alt: 19.79m
11:10:33 [POS] Lat: 47.399038, Lon: 8.545938, Alt: 19.79m
11:10:33 [POS] Lat: 47.399038, Lon: 8.545938, Alt: 19.80m
11:10:33 [POS] Lat: 47.399038, Lon: 8.545938, Alt: 19.80m
11:10:33 [POS] Lat: 47.399039, Lon: 8.545939, Alt: 19.80m
11:10:33 [POS] Lat: 47.399039, Lon: 8.545939, Alt: 19.80m
11:10:33 [POS] Lat: 47.399039, Lon: 8.545939, Alt: 19.80m
11:10:33 [POS] Lat: 47.399040, Lon: 8.545940, Alt: 19.80m
11:10:34 [POS] Lat: 47.399040, Lon: 8.545940, Alt: 19.80m
11:10:34 [POS] Lat: 47.399040, Lon: 8.545940, Alt: 19.80m
11:10:34 [POS] Lat: 47.399040, Lon: 8.545941, Alt: 19.81m
11:10:34 [POS] Lat: 47.399040, Lon: 8.545941, Alt: 19.81m
11:10:34 [POS] Lat: 47.399041, Lon: 8.545941, Alt: 19.81m
11:10:34 [POS] Lat: 47.399041, Lon: 8.545941, Alt: 19.81m
11:10:34 [POS] Lat: 47.399041, Lon: 8.545942, Alt: 19.81m
11:10:34 [POS] Lat: 47.399042, Lon: 8.545942, Alt: 19.81m
11:10:34 [POS] Lat: 47.399042, Lon: 8.545942, Alt: 19.81m
11:10:34 [POS] Lat: 47.399042, Lon: 8.545943, Alt: 19.81m
11:10:34 [POS] Lat: 47.399042, Lon: 8.545943, Alt: 19.81m
11:10:34 [POS] Lat: 47.399043, Lon: 8.545943, Alt: 19.81m
11:10:34 [POS] Lat: 47.399043, Lon: 8.545944, Alt: 19.81m
11:10:34 [POS] Lat: 47.399043, Lon: 8.545944, Alt: 19.81m
11:10:34 [POS] Lat: 47.399043, Lon: 8.545944, Alt: 19.82m
11:10:34 [POS] Lat: 47.399043, Lon: 8.545945, Alt: 19.82m
11:10:34 [POS] Lat: 47.399044, Lon: 8.545945, Alt: 19.82m
11:10:34 [POS] Lat: 47.399044, Lon: 8.545945, Alt: 19.82m
11:10:34 [POS] Lat: 47.399044, Lon: 8.545945, Alt: 19.82m
11:10:34 [POS] Lat: 47.399044, Lon: 8.545946, Alt: 19.82m
11:10:34 [POS] Lat: 47.399044, Lon: 8.545946, Alt: 19.82m
11:10:34 [POS] Lat: 47.399045, Lon: 8.545946, Alt: 19.83m
11:10:34 [POS] Lat: 47.399045, Lon: 8.545946, Alt: 19.83m
11:10:34 [POS] Lat: 47.399045, Lon: 8.545947, Alt: 19.83m
11:10:34 [POS] Lat: 47.399045, Lon: 8.545947, Alt: 19.83m
11:10:34 [POS] Lat: 47.399046, Lon: 8.545947, Alt: 19.83m
11:10:34 [POS] Lat: 47.399046, Lon: 8.545948, Alt: 19.83m
11:10:34 [POS] Lat: 47.399046, Lon: 8.545948, Alt: 19.84m
11:10:34 [POS] Lat: 47.399046, Lon: 8.545948, Alt: 19.84m
11:10:34 [POS] Lat: 47.399046, Lon: 8.545948, Alt: 19.84m
11:10:34 [POS] Lat: 47.399047, Lon: 8.545948, Alt: 19.84m
11:10:34 [BAT] Percentage: 66, Voltage: 15.30V
11:10:34 [POS] Lat: 47.399047, Lon: 8.545949, Alt: 19.84m
11:10:34 [POS] Lat: 47.399047, Lon: 8.545949, Alt: 19.84m
11:10:34 [POS] Lat: 47.399047, Lon: 8.545949, Alt: 19.85m
11:10:34 [POS] Lat: 47.399047, Lon: 8.545949, Alt: 19.85m
11:10:34 [POS] Lat: 47.399048, Lon: 8.545950, Alt: 19.85m
11:10:34 [POS] Lat: 47.399048, Lon: 8.545950, Alt: 19.85m
11:10:34 [POS] Lat: 47.399048, Lon: 8.545950, Alt: 19.85m
11:10:34 [POS] Lat: 47.399048, Lon: 8.545950, Alt: 19.85m
11:10:34 [POS] Lat: 47.399048, Lon: 8.545951, Alt: 19.85m
11:10:34 [POS] Lat: 47.399049, Lon: 8.545951, Alt: 19.85m
11:10:34 [POS] Lat: 47.399049, Lon: 8.545951, Alt: 19.86m
11:10:34 [POS] Lat: 47.399049, Lon: 8.545951, Alt: 19.86m
11:10:34 [POS] Lat: 47.399049, Lon: 8.545951, Alt: 19.86m
11:10:34 [POS] Lat: 47.399049, Lon: 8.545952, Alt: 19.86m
11:10:34 [POS] Lat: 47.399050, Lon: 8.545952, Alt: 19.86m
11:10:34 [POS] Lat: 47.399050, Lon: 8.545952, Alt: 19.86m
11:10:34 [POS] Lat: 47.399050, Lon: 8.545952, Alt: 19.86m
11:10:34 [POS] Lat: 47.399050, Lon: 8.545953, Alt: 19.86m
11:10:35 [POS] Lat: 47.399050, Lon: 8.545953, Alt: 19.86m
11:10:35 [POS] Lat: 47.399050, Lon: 8.545953, Alt: 19.86m
11:10:35 [POS] Lat: 47.399051, Lon: 8.545953, Alt: 19.86m
11:10:35 [POS] Lat: 47.399051, Lon: 8.545953, Alt: 19.86m
11:10:35 [POS] Lat: 47.399051, Lon: 8.545953, Alt: 19.86m
11:10:35 [POS] Lat: 47.399051, Lon: 8.545954, Alt: 19.86m
11:10:35 [POS] Lat: 47.399051, Lon: 8.545954, Alt: 19.86m
11:10:35 [POS] Lat: 47.399051, Lon: 8.545954, Alt: 19.86m
11:10:35 [POS] Lat: 47.399052, Lon: 8.545954, Alt: 19.86m
11:10:35 [POS] Lat: 47.399052, Lon: 8.545954, Alt: 19.86m
11:10:35 [POS] Lat: 47.399052, Lon: 8.545954, Alt: 19.86m
11:10:35 [POS] Lat: 47.399052, Lon: 8.545955, Alt: 19.86m
11:10:35 [POS] Lat: 47.399052, Lon: 8.545955, Alt: 19.86m
11:10:35 [POS] Lat: 47.399052, Lon: 8.545955, Alt: 19.86m
11:10:35 [POS] Lat: 47.399053, Lon: 8.545955, Alt: 19.86m
11:10:35 [POS] Lat: 47.399053, Lon: 8.545955, Alt: 19.86m
11:10:35 [POS] Lat: 47.399053, Lon: 8.545955, Alt: 19.86m
11:10:35 [POS] Lat: 47.399053, Lon: 8.545956, Alt: 19.86m
11:10:35 [POS] Lat: 47.399053, Lon: 8.545956, Alt: 19.86m
11:10:35 [POS] Lat: 47.399053, Lon: 8.545956, Alt: 19.86m
11:10:35 [POS] Lat: 47.399053, Lon: 8.545956, Alt: 19.86m
11:10:35 [POS] Lat: 47.399054, Lon: 8.545956, Alt: 19.86m
11:10:35 [POS] Lat: 47.399054, Lon: 8.545956, Alt: 19.85m
11:10:35 [POS] Lat: 47.399054, Lon: 8.545956, Alt: 19.85m
11:10:35 [POS] Lat: 47.399054, Lon: 8.545957, Alt: 19.85m
11:10:35 [POS] Lat: 47.399054, Lon: 8.545957, Alt: 19.85m
11:10:35 [POS] Lat: 47.399054, Lon: 8.545957, Alt: 19.85m
11:10:35 [POS] Lat: 47.399054, Lon: 8.545957, Alt: 19.85m
11:10:35 [POS] Lat: 47.399054, Lon: 8.545957, Alt: 19.85m
11:10:35 [POS] Lat: 47.399054, Lon: 8.545957, Alt: 19.85m
11:10:35 [POS] Lat: 47.399055, Lon: 8.545957, Alt: 19.85m
11:10:35 [POS] Lat: 47.399055, Lon: 8.545957, Alt: 19.84m
11:10:35 [POS] Lat: 47.399055, Lon: 8.545958, Alt: 19.84m
11:10:35 [POS] Lat: 47.399055, Lon: 8.545958, Alt: 19.84m
11:10:35 [PROG] Waypoint 3 of 4
11:10:35 [POS] Lat: 47.399055, Lon: 8.545958, Alt: 19.84m
11:10:35 [POS] Lat: 47.399055, Lon: 8.545958, Alt: 19.84m
11:10:35 [POS] Lat: 47.399055, Lon: 8.545958, Alt: 19.84m
11:10:35 [POS] Lat: 47.399055, Lon: 8.545958, Alt: 19.84m
11:10:35 [POS] Lat: 47.399055, Lon: 8.545958, Alt: 19.85m
11:10:35 [POS] Lat: 47.399056, Lon: 8.545958, Alt: 19.85m
11:10:35 [POS] Lat: 47.399056, Lon: 8.545958, Alt: 19.85m
11:10:35 [POS] Lat: 47.399056, Lon: 8.545958, Alt: 19.85m
11:10:35 [POS] Lat: 47.399056, Lon: 8.545959, Alt: 19.86m
11:10:35 [POS] Lat: 47.399056, Lon: 8.545959, Alt: 19.86m
11:10:35 [POS] Lat: 47.399056, Lon: 8.545959, Alt: 19.86m
11:10:35 [POS] Lat: 47.399056, Lon: 8.545959, Alt: 19.86m
11:10:35 [POS] Lat: 47.399056, Lon: 8.545959, Alt: 19.87m
11:10:35 [POS] Lat: 47.399056, Lon: 8.545959, Alt: 19.87m
11:10:35 [POS] Lat: 47.399056, Lon: 8.545959, Alt: 19.87m
11:10:36 [POS] Lat: 47.399056, Lon: 8.545960, Alt: 19.88m
11:10:36 [POS] Lat: 47.399056, Lon: 8.545960, Alt: 19.88m
11:10:36 [POS] Lat: 47.399056, Lon: 8.545960, Alt: 19.88m
11:10:36 [POS] Lat: 47.399056, Lon: 8.545960, Alt: 19.88m
11:10:36 [POS] Lat: 47.399056, Lon: 8.545960, Alt: 19.89m
11:10:36 [POS] Lat: 47.399056, Lon: 8.545960, Alt: 19.89m
11:10:36 [POS] Lat: 47.399056, Lon: 8.545960, Alt: 19.89m
11:10:36 [POS] Lat: 47.399056, Lon: 8.545961, Alt: 19.90m
11:10:36 [POS] Lat: 47.399056, Lon: 8.545961, Alt: 19.90m
11:10:36 [POS] Lat: 47.399056, Lon: 8.545961, Alt: 19.90m
11:10:36 [POS] Lat: 47.399056, Lon: 8.545961, Alt: 19.91m
11:10:36 [POS] Lat: 47.399056, Lon: 8.545961, Alt: 19.91m
11:10:36 [POS] Lat: 47.399056, Lon: 8.545961, Alt: 19.91m
11:10:36 [POS] Lat: 47.399056, Lon: 8.545962, Alt: 19.92m
11:10:36 [POS] Lat: 47.399056, Lon: 8.545962, Alt: 19.92m
11:10:36 [POS] Lat: 47.399056, Lon: 8.545962, Alt: 19.92m
11:10:36 [POS] Lat: 47.399056, Lon: 8.545962, Alt: 19.93m
11:10:36 [POS] Lat: 47.399056, Lon: 8.545962, Alt: 19.93m
11:10:36 [POS] Lat: 47.399056, Lon: 8.545962, Alt: 19.93m
11:10:36 [POS] Lat: 47.399055, Lon: 8.545963, Alt: 19.94m
11:10:36 [POS] Lat: 47.399055, Lon: 8.545963, Alt: 19.94m
11:10:36 [POS] Lat: 47.399055, Lon: 8.545963, Alt: 19.95m
11:10:36 [POS] Lat: 47.399055, Lon: 8.545963, Alt: 19.95m
11:10:36 [POS] Lat: 47.399055, Lon: 8.545963, Alt: 19.95m
11:10:36 [POS] Lat: 47.399055, Lon: 8.545964, Alt: 19.96m
11:10:36 [POS] Lat: 47.399055, Lon: 8.545964, Alt: 19.96m
11:10:36 [POS] Lat: 47.399055, Lon: 8.545964, Alt: 19.97m
11:10:36 [POS] Lat: 47.399055, Lon: 8.545964, Alt: 19.97m
11:10:36 [POS] Lat: 47.399055, Lon: 8.545964, Alt: 19.98m
11:10:36 [POS] Lat: 47.399054, Lon: 8.545965, Alt: 19.98m
11:10:36 [POS] Lat: 47.399054, Lon: 8.545965, Alt: 19.99m
11:10:36 [POS] Lat: 47.399054, Lon: 8.545965, Alt: 20.00m
11:10:36 [POS] Lat: 47.399054, Lon: 8.545965, Alt: 20.00m
11:10:36 [BAT] Percentage: 67, Voltage: 15.30V
11:10:36 [POS] Lat: 47.399054, Lon: 8.545965, Alt: 20.01m
11:10:36 [POS] Lat: 47.399054, Lon: 8.545966, Alt: 20.02m
11:10:36 [POS] Lat: 47.399054, Lon: 8.545966, Alt: 20.02m
11:10:36 [POS] Lat: 47.399054, Lon: 8.545966, Alt: 20.03m
11:10:36 [POS] Lat: 47.399054, Lon: 8.545966, Alt: 20.04m
11:10:36 [POS] Lat: 47.399054, Lon: 8.545967, Alt: 20.05m
11:10:36 [POS] Lat: 47.399054, Lon: 8.545967, Alt: 20.06m
11:10:36 [POS] Lat: 47.399053, Lon: 8.545967, Alt: 20.06m
11:10:36 [POS] Lat: 47.399053, Lon: 8.545967, Alt: 20.08m
11:10:36 [POS] Lat: 47.399053, Lon: 8.545967, Alt: 20.08m
11:10:36 [POS] Lat: 47.399053, Lon: 8.545968, Alt: 20.10m
11:10:36 [POS] Lat: 47.399053, Lon: 8.545968, Alt: 20.10m
11:10:36 [POS] Lat: 47.399053, Lon: 8.545968, Alt: 20.12m
11:10:36 [POS] Lat: 47.399052, Lon: 8.545969, Alt: 20.12m
11:10:36 [POS] Lat: 47.399052, Lon: 8.545969, Alt: 20.13m
11:10:36 [POS] Lat: 47.399052, Lon: 8.545969, Alt: 20.14m
11:10:36 [POS] Lat: 47.399052, Lon: 8.545970, Alt: 20.16m
11:10:37 [POS] Lat: 47.399052, Lon: 8.545970, Alt: 20.16m
11:10:37 [POS] Lat: 47.399052, Lon: 8.545970, Alt: 20.18m
11:10:37 [POS] Lat: 47.399051, Lon: 8.545971, Alt: 20.19m
11:10:37 [POS] Lat: 47.399051, Lon: 8.545971, Alt: 20.20m
11:10:37 [POS] Lat: 47.399051, Lon: 8.545971, Alt: 20.21m
11:10:37 [POS] Lat: 47.399051, Lon: 8.545972, Alt: 20.22m
11:10:37 [POS] Lat: 47.399051, Lon: 8.545972, Alt: 20.23m
11:10:37 [POS] Lat: 47.399050, Lon: 8.545973, Alt: 20.25m
11:10:37 [POS] Lat: 47.399050, Lon: 8.545973, Alt: 20.26m
11:10:37 [POS] Lat: 47.399050, Lon: 8.545974, Alt: 20.27m
11:10:37 [POS] Lat: 47.399050, Lon: 8.545974, Alt: 20.28m
11:10:37 [POS] Lat: 47.399049, Lon: 8.545975, Alt: 20.30m
11:10:37 [POS] Lat: 47.399049, Lon: 8.545975, Alt: 20.31m
11:10:37 [POS] Lat: 47.399049, Lon: 8.545976, Alt: 20.32m
11:10:37 [POS] Lat: 47.399048, Lon: 8.545976, Alt: 20.33m
11:10:37 [POS] Lat: 47.399048, Lon: 8.545977, Alt: 20.34m
11:10:37 [POS] Lat: 47.399048, Lon: 8.545977, Alt: 20.35m
11:10:37 [POS] Lat: 47.399048, Lon: 8.545978, Alt: 20.37m
11:10:37 [POS] Lat: 47.399047, Lon: 8.545979, Alt: 20.38m
11:10:37 [POS] Lat: 47.399047, Lon: 8.545980, Alt: 20.39m
11:10:37 [POS] Lat: 47.399047, Lon: 8.545980, Alt: 20.40m
11:10:37 [POS] Lat: 47.399046, Lon: 8.545981, Alt: 20.42m
11:10:37 [POS] Lat: 47.399046, Lon: 8.545982, Alt: 20.43m
11:10:37 [POS] Lat: 47.399046, Lon: 8.545982, Alt: 20.44m
11:10:37 [POS] Lat: 47.399045, Lon: 8.545983, Alt: 20.45m
11:10:37 [POS] Lat: 47.399045, Lon: 8.545984, Alt: 20.47m
11:10:37 [POS] Lat: 47.399045, Lon: 8.545985, Alt: 20.48m
11:10:37 [POS] Lat: 47.399044, Lon: 8.545986, Alt: 20.50m
11:10:37 [POS] Lat: 47.399044, Lon: 8.545986, Alt: 20.51m
11:10:37 [POS] Lat: 47.399044, Lon: 8.545987, Alt: 20.52m
11:10:37 [POS] Lat: 47.399043, Lon: 8.545988, Alt: 20.53m
11:10:37 [POS] Lat: 47.399043, Lon: 8.545989, Alt: 20.55m
11:10:37 [POS] Lat: 47.399043, Lon: 8.545990, Alt: 20.56m
11:10:37 [POS] Lat: 47.399042, Lon: 8.545991, Alt: 20.57m
11:10:37 [POS] Lat: 47.399042, Lon: 8.545991, Alt: 20.58m
11:10:37 [POS] Lat: 47.399042, Lon: 8.545993, Alt: 20.60m
11:10:37 [POS] Lat: 47.399041, Lon: 8.545993, Alt: 20.61m
11:10:37 [POS] Lat: 47.399041, Lon: 8.545995, Alt: 20.63m
11:10:37 [POS] Lat: 47.399040, Lon: 8.545995, Alt: 20.64m
11:10:37 [POS] Lat: 47.399040, Lon: 8.545996, Alt: 20.65m
11:10:37 [POS] Lat: 47.399040, Lon: 8.545997, Alt: 20.66m
11:10:37 [POS] Lat: 47.399039, Lon: 8.545999, Alt: 20.68m
11:10:37 [POS] Lat: 47.399039, Lon: 8.545999, Alt: 20.69m
11:10:37 [POS] Lat: 47.399038, Lon: 8.546001, Alt: 20.71m
11:10:37 [POS] Lat: 47.399038, Lon: 8.546001, Alt: 20.72m
11:10:37 [POS] Lat: 47.399038, Lon: 8.546003, Alt: 20.74m
11:10:37 [POS] Lat: 47.399037, Lon: 8.546004, Alt: 20.75m
11:10:37 [POS] Lat: 47.399037, Lon: 8.546005, Alt: 20.77m
11:10:37 [POS] Lat: 47.399037, Lon: 8.546006, Alt: 20.78m
11:10:38 [POS] Lat: 47.399036, Lon: 8.546007, Alt: 20.80m
11:10:38 [POS] Lat: 47.399036, Lon: 8.546008, Alt: 20.81m
11:10:38 [POS] Lat: 47.399035, Lon: 8.546010, Alt: 20.83m
11:10:38 [POS] Lat: 47.399035, Lon: 8.546010, Alt: 20.84m
11:10:38 [POS] Lat: 47.399034, Lon: 8.546012, Alt: 20.86m
11:10:38 [POS] Lat: 47.399034, Lon: 8.546013, Alt: 20.87m
11:10:38 [POS] Lat: 47.399034, Lon: 8.546014, Alt: 20.89m
11:10:38 [POS] Lat: 47.399033, Lon: 8.546015, Alt: 20.90m
11:10:38 [POS] Lat: 47.399033, Lon: 8.546017, Alt: 20.92m
11:10:38 [POS] Lat: 47.399032, Lon: 8.546017, Alt: 20.94m
11:10:38 [POS] Lat: 47.399032, Lon: 8.546019, Alt: 20.96m
11:10:38 [POS] Lat: 47.399031, Lon: 8.546020, Alt: 20.97m
11:10:38 [POS] Lat: 47.399031, Lon: 8.546021, Alt: 20.99m
11:10:38 [POS] Lat: 47.399031, Lon: 8.546022, Alt: 21.01m
11:10:38 [POS] Lat: 47.399030, Lon: 8.546024, Alt: 21.03m
11:10:38 [POS] Lat: 47.399030, Lon: 8.546025, Alt: 21.04m
11:10:38 [POS] Lat: 47.399029, Lon: 8.546026, Alt: 21.06m
11:10:38 [POS] Lat: 47.399029, Lon: 8.546027, Alt: 21.08m
11:10:38 [POS] Lat: 47.399028, Lon: 8.546029, Alt: 21.10m
11:10:38 [POS] Lat: 47.399028, Lon: 8.546029, Alt: 21.11m
11:10:38 [POS] Lat: 47.399027, Lon: 8.546031, Alt: 21.13m
11:10:38 [POS] Lat: 47.399027, Lon: 8.546032, Alt: 21.15m
11:10:38 [POS] Lat: 47.399026, Lon: 8.546033, Alt: 21.17m
11:10:38 [POS] Lat: 47.399026, Lon: 8.546034, Alt: 21.18m
11:10:38 [POS] Lat: 47.399026, Lon: 8.546036, Alt: 21.20m
11:10:38 [POS] Lat: 47.399025, Lon: 8.546037, Alt: 21.22m
11:10:38 [POS] Lat: 47.399025, Lon: 8.546038, Alt: 21.24m
11:10:38 [POS] Lat: 47.399024, Lon: 8.546039, Alt: 21.25m
11:10:38 [POS] Lat: 47.399024, Lon: 8.546040, Alt: 21.27m
11:10:38 [POS] Lat: 47.399023, Lon: 8.546041, Alt: 21.28m
11:10:38 [POS] Lat: 47.399023, Lon: 8.546043, Alt: 21.30m
11:10:38 [POS] Lat: 47.399022, Lon: 8.546043, Alt: 21.32m
11:10:38 [POS] Lat: 47.399022, Lon: 8.546045, Alt: 21.34m
11:10:38 [POS] Lat: 47.399021, Lon: 8.546046, Alt: 21.35m
11:10:38 [BAT] Percentage: 66, Voltage: 15.30V
11:10:38 [POS] Lat: 47.399021, Lon: 8.546047, Alt: 21.37m
11:10:38 [POS] Lat: 47.399021, Lon: 8.546048, Alt: 21.38m
11:10:38 [POS] Lat: 47.399020, Lon: 8.546049, Alt: 21.40m
11:10:38 [POS] Lat: 47.399020, Lon: 8.546050, Alt: 21.42m
11:10:38 [POS] Lat: 47.399019, Lon: 8.546052, Alt: 21.44m
11:10:38 [POS] Lat: 47.399019, Lon: 8.546053, Alt: 21.45m
11:10:38 [POS] Lat: 47.399018, Lon: 8.546054, Alt: 21.48m
11:10:38 [POS] Lat: 47.399018, Lon: 8.546055, Alt: 21.49m
11:10:38 [POS] Lat: 47.399017, Lon: 8.546056, Alt: 21.52m
11:10:38 [POS] Lat: 47.399017, Lon: 8.546057, Alt: 21.53m
11:10:38 [POS] Lat: 47.399017, Lon: 8.546058, Alt: 21.55m
11:10:38 [POS] Lat: 47.399016, Lon: 8.546059, Alt: 21.57m
11:10:38 [POS] Lat: 47.399016, Lon: 8.546060, Alt: 21.59m
11:10:38 [POS] Lat: 47.399015, Lon: 8.546061, Alt: 21.61m
11:10:38 [POS] Lat: 47.399015, Lon: 8.546063, Alt: 21.63m
11:10:38 [POS] Lat: 47.399014, Lon: 8.546064, Alt: 21.65m
11:10:39 [POS] Lat: 47.399014, Lon: 8.546065, Alt: 21.67m
11:10:39 [POS] Lat: 47.399014, Lon: 8.546066, Alt: 21.69m
11:10:39 [POS] Lat: 47.399013, Lon: 8.546067, Alt: 21.71m
11:10:39 [POS] Lat: 47.399013, Lon: 8.546068, Alt: 21.72m
11:10:39 [POS] Lat: 47.399012, Lon: 8.546069, Alt: 21.75m
11:10:39 [POS] Lat: 47.399012, Lon: 8.546070, Alt: 21.76m
11:10:39 [POS] Lat: 47.399011, Lon: 8.546071, Alt: 21.78m
11:10:39 [POS] Lat: 47.399011, Lon: 8.546072, Alt: 21.80m
11:10:39 [POS] Lat: 47.399010, Lon: 8.546074, Alt: 21.82m
11:10:39 [POS] Lat: 47.399010, Lon: 8.546074, Alt: 21.84m
11:10:39 [POS] Lat: 47.399009, Lon: 8.546076, Alt: 21.86m
11:10:39 [POS] Lat: 47.399009, Lon: 8.546077, Alt: 21.87m
11:10:39 [POS] Lat: 47.399009, Lon: 8.546078, Alt: 21.90m
11:10:39 [POS] Lat: 47.399008, Lon: 8.546079, Alt: 21.91m
11:10:39 [POS] Lat: 47.399008, Lon: 8.546080, Alt: 21.93m
11:10:39 [POS] Lat: 47.399007, Lon: 8.546081, Alt: 21.95m
11:10:39 [POS] Lat: 47.399007, Lon: 8.546082, Alt: 21.97m
11:10:39 [POS] Lat: 47.399007, Lon: 8.546083, Alt: 21.98m
11:10:39 [POS] Lat: 47.399006, Lon: 8.546084, Alt: 22.01m
11:10:39 [POS] Lat: 47.399006, Lon: 8.546085, Alt: 22.02m
11:10:39 [POS] Lat: 47.399005, Lon: 8.546087, Alt: 22.04m
11:10:39 [POS] Lat: 47.399005, Lon: 8.546088, Alt: 22.06m
11:10:39 [POS] Lat: 47.399004, Lon: 8.546089, Alt: 22.08m
11:10:39 [POS] Lat: 47.399004, Lon: 8.546090, Alt: 22.09m
11:10:39 [POS] Lat: 47.399003, Lon: 8.546091, Alt: 22.11m
11:10:39 [POS] Lat: 47.399003, Lon: 8.546092, Alt: 22.12m
11:10:39 [POS] Lat: 47.399003, Lon: 8.546093, Alt: 22.14m
11:10:39 [POS] Lat: 47.399002, Lon: 8.546094, Alt: 22.16m
11:10:39 [POS] Lat: 47.399002, Lon: 8.546095, Alt: 22.17m
11:10:39 [POS] Lat: 47.399001, Lon: 8.546096, Alt: 22.19m
11:10:39 [POS] Lat: 47.399001, Lon: 8.546098, Alt: 22.21m
11:10:39 [POS] Lat: 47.399000, Lon: 8.546098, Alt: 22.22m
11:10:39 [POS] Lat: 47.399000, Lon: 8.546100, Alt: 22.24m
11:10:39 [POS] Lat: 47.399000, Lon: 8.546100, Alt: 22.25m
11:10:39 [POS] Lat: 47.398999, Lon: 8.546102, Alt: 22.27m
11:10:39 [POS] Lat: 47.398999, Lon: 8.546103, Alt: 22.29m
11:10:39 [POS] Lat: 47.398998, Lon: 8.546104, Alt: 22.31m
11:10:39 [POS] Lat: 47.398998, Lon: 8.546105, Alt: 22.32m
11:10:39 [POS] Lat: 47.398997, Lon: 8.546106, Alt: 22.34m
11:10:39 [POS] Lat: 47.398997, Lon: 8.546107, Alt: 22.36m
11:10:39 [POS] Lat: 47.398996, Lon: 8.546108, Alt: 22.38m
11:10:39 [POS] Lat: 47.398996, Lon: 8.546109, Alt: 22.39m
11:10:39 [POS] Lat: 47.398996, Lon: 8.546110, Alt: 22.42m
11:10:39 [POS] Lat: 47.398995, Lon: 8.546111, Alt: 22.43m
11:10:39 [POS] Lat: 47.398995, Lon: 8.546113, Alt: 22.45m
11:10:39 [POS] Lat: 47.398994, Lon: 8.546114, Alt: 22.47m
11:10:39 [POS] Lat: 47.398994, Lon: 8.546115, Alt: 22.49m
11:10:39 [POS] Lat: 47.398993, Lon: 8.546116, Alt: 22.50m
11:10:39 [POS] Lat: 47.398993, Lon: 8.546117, Alt: 22.52m
11:10:40 [POS] Lat: 47.398993, Lon: 8.546118, Alt: 22.54m
11:10:40 [POS] Lat: 47.398992, Lon: 8.546119, Alt: 22.56m
11:10:40 [POS] Lat: 47.398992, Lon: 8.546120, Alt: 22.57m
11:10:40 [POS] Lat: 47.398991, Lon: 8.546122, Alt: 22.59m
11:10:40 [POS] Lat: 47.398991, Lon: 8.546123, Alt: 22.61m
11:10:40 [POS] Lat: 47.398990, Lon: 8.546124, Alt: 22.63m
11:10:40 [POS] Lat: 47.398990, Lon: 8.546125, Alt: 22.64m
11:10:40 [POS] Lat: 47.398989, Lon: 8.546126, Alt: 22.66m
11:10:40 [POS] Lat: 47.398989, Lon: 8.546127, Alt: 22.68m
11:10:40 [POS] Lat: 47.398989, Lon: 8.546129, Alt: 22.70m
11:10:40 [POS] Lat: 47.398988, Lon: 8.546129, Alt: 22.71m
11:10:40 [POS] Lat: 47.398988, Lon: 8.546131, Alt: 22.73m
11:10:40 [POS] Lat: 47.398987, Lon: 8.546132, Alt: 22.75m
11:10:40 [POS] Lat: 47.398987, Lon: 8.546133, Alt: 22.77m
11:10:40 [POS] Lat: 47.398986, Lon: 8.546134, Alt: 22.78m
11:10:40 [POS] Lat: 47.398986, Lon: 8.546135, Alt: 22.81m
11:10:40 [POS] Lat: 47.398985, Lon: 8.546136, Alt: 22.82m
11:10:40 [POS] Lat: 47.398985, Lon: 8.546137, Alt: 22.84m
11:10:40 [POS] Lat: 47.398985, Lon: 8.546138, Alt: 22.85m
11:10:40 [POS] Lat: 47.398984, Lon: 8.546140, Alt: 22.87m
11:10:40 [POS] Lat: 47.398984, Lon: 8.546141, Alt: 22.88m
11:10:40 [POS] Lat: 47.398983, Lon: 8.546142, Alt: 22.90m
11:10:40 [POS] Lat: 47.398983, Lon: 8.546143, Alt: 22.92m
11:10:40 [POS] Lat: 47.398982, Lon: 8.546144, Alt: 22.94m
11:10:40 [POS] Lat: 47.398982, Lon: 8.546145, Alt: 22.95m
11:10:40 [POS] Lat: 47.398981, Lon: 8.546146, Alt: 22.98m
11:10:40 [POS] Lat: 47.398981, Lon: 8.546147, Alt: 22.99m
11:10:40 [POS] Lat: 47.398981, Lon: 8.546148, Alt: 23.01m
11:10:40 [POS] Lat: 47.398980, Lon: 8.546149, Alt: 23.03m
11:10:40 [POS] Lat: 47.398980, Lon: 8.546151, Alt: 23.05m
11:10:40 [POS] Lat: 47.398979, Lon: 8.546152, Alt: 23.06m
11:10:40 [POS] Lat: 47.398979, Lon: 8.546153, Alt: 23.09m
11:10:40 [POS] Lat: 47.398978, Lon: 8.546154, Alt: 23.10m
11:10:40 [POS] Lat: 47.398978, Lon: 8.546155, Alt: 23.12m
11:10:40 [POS] Lat: 47.398977, Lon: 8.546156, Alt: 23.14m
11:10:40 [BAT] Percentage: 66, Voltage: 15.30V
11:10:40 [POS] Lat: 47.398977, Lon: 8.546157, Alt: 23.16m
11:10:40 [POS] Lat: 47.398976, Lon: 8.546158, Alt: 23.18m
11:10:40 [POS] Lat: 47.398976, Lon: 8.546160, Alt: 23.20m
11:10:40 [POS] Lat: 47.398975, Lon: 8.546160, Alt: 23.22m
11:10:40 [POS] Lat: 47.398975, Lon: 8.546162, Alt: 23.24m
11:10:40 [POS] Lat: 47.398975, Lon: 8.546163, Alt: 23.26m
11:10:40 [POS] Lat: 47.398974, Lon: 8.546164, Alt: 23.28m
11:10:40 [POS] Lat: 47.398974, Lon: 8.546165, Alt: 23.29m
11:10:40 [POS] Lat: 47.398973, Lon: 8.546166, Alt: 23.32m
11:10:40 [POS] Lat: 47.398973, Lon: 8.546167, Alt: 23.33m
11:10:40 [POS] Lat: 47.398972, Lon: 8.546168, Alt: 23.35m
11:10:40 [POS] Lat: 47.398972, Lon: 8.546169, Alt: 23.36m
11:10:40 [POS] Lat: 47.398971, Lon: 8.546170, Alt: 23.39m
11:10:40 [POS] Lat: 47.398971, Lon: 8.546171, Alt: 23.40m
11:10:40 [POS] Lat: 47.398970, Lon: 8.546173, Alt: 23.42m
11:10:41 [POS] Lat: 47.398970, Lon: 8.546174, Alt: 23.44m
11:10:41 [POS] Lat: 47.398969, Lon: 8.546175, Alt: 23.46m
11:10:41 [POS] Lat: 47.398969, Lon: 8.546176, Alt: 23.47m
11:10:41 [POS] Lat: 47.398968, Lon: 8.546177, Alt: 23.50m
11:10:41 [POS] Lat: 47.398968, Lon: 8.546178, Alt: 23.51m
11:10:41 [POS] Lat: 47.398967, Lon: 8.546179, Alt: 23.54m
11:10:41 [POS] Lat: 47.398967, Lon: 8.546180, Alt: 23.55m
11:10:41 [POS] Lat: 47.398966, Lon: 8.546182, Alt: 23.58m
11:10:41 [POS] Lat: 47.398966, Lon: 8.546183, Alt: 23.59m
11:10:41 [POS] Lat: 47.398965, Lon: 8.546184, Alt: 23.61m
11:10:41 [POS] Lat: 47.398965, Lon: 8.546185, Alt: 23.63m
11:10:41 [POS] Lat: 47.398964, Lon: 8.546186, Alt: 23.65m
11:10:41 [POS] Lat: 47.398964, Lon: 8.546187, Alt: 23.66m
11:10:41 [POS] Lat: 47.398963, Lon: 8.546188, Alt: 23.69m
11:10:41 [POS] Lat: 47.398963, Lon: 8.546189, Alt: 23.70m
11:10:41 [POS] Lat: 47.398962, Lon: 8.546190, Alt: 23.72m
11:10:41 [POS] Lat: 47.398962, Lon: 8.546191, Alt: 23.74m
11:10:41 [POS] Lat: 47.398962, Lon: 8.546193, Alt: 23.76m
11:10:41 [POS] Lat: 47.398961, Lon: 8.546193, Alt: 23.77m
11:10:41 [POS] Lat: 47.398961, Lon: 8.546195, Alt: 23.79m
11:10:41 [POS] Lat: 47.398960, Lon: 8.546196, Alt: 23.81m
11:10:41 [POS] Lat: 47.398960, Lon: 8.546197, Alt: 23.83m
11:10:41 [POS] Lat: 47.398959, Lon: 8.546198, Alt: 23.84m
11:10:41 [POS] Lat: 47.398959, Lon: 8.546199, Alt: 23.86m
11:10:41 [POS] Lat: 47.398959, Lon: 8.546200, Alt: 23.88m
11:10:41 [POS] Lat: 47.398958, Lon: 8.546202, Alt: 23.90m
11:10:41 [POS] Lat: 47.398958, Lon: 8.546202, Alt: 23.91m
11:10:41 [POS] Lat: 47.398957, Lon: 8.546204, Alt: 23.94m
11:10:41 [POS] Lat: 47.398957, Lon: 8.546205, Alt: 23.95m
11:10:41 [POS] Lat: 47.398956, Lon: 8.546206, Alt: 23.97m
11:10:41 [POS] Lat: 47.398956, Lon: 8.546207, Alt: 23.99m
11:10:41 [POS] Lat: 47.398955, Lon: 8.546208, Alt: 24.01m
11:10:41 [POS] Lat: 47.398955, Lon: 8.546209, Alt: 24.02m
11:10:41 [POS] Lat: 47.398954, Lon: 8.546210, Alt: 24.04m
11:10:41 [POS] Lat: 47.398954, Lon: 8.546211, Alt: 24.05m
11:10:41 [POS] Lat: 47.398953, Lon: 8.546213, Alt: 24.08m
11:10:41 [POS] Lat: 47.398953, Lon: 8.546214, Alt: 24.09m
11:10:41 [POS] Lat: 47.398953, Lon: 8.546215, Alt: 24.11m
11:10:41 [POS] Lat: 47.398952, Lon: 8.546216, Alt: 24.13m
11:10:41 [POS] Lat: 47.398952, Lon: 8.546217, Alt: 24.15m
11:10:41 [POS] Lat: 47.398951, Lon: 8.546218, Alt: 24.16m
11:10:41 [POS] Lat: 47.398951, Lon: 8.546219, Alt: 24.18m
11:10:41 [POS] Lat: 47.398950, Lon: 8.546220, Alt: 24.20m
11:10:41 [POS] Lat: 47.398950, Lon: 8.546222, Alt: 24.22m
11:10:41 [POS] Lat: 47.398950, Lon: 8.546222, Alt: 24.23m
11:10:41 [POS] Lat: 47.398949, Lon: 8.546224, Alt: 24.25m
11:10:41 [POS] Lat: 47.398949, Lon: 8.546225, Alt: 24.27m
11:10:41 [POS] Lat: 47.398948, Lon: 8.546226, Alt: 24.29m
11:10:41 [POS] Lat: 47.398948, Lon: 8.546227, Alt: 24.30m
11:10:42 [POS] Lat: 47.398947, Lon: 8.546228, Alt: 24.32m
11:10:42 [POS] Lat: 47.398947, Lon: 8.546229, Alt: 24.34m
11:10:42 [POS] Lat: 47.398946, Lon: 8.546231, Alt: 24.36m
11:10:42 [POS] Lat: 47.398946, Lon: 8.546232, Alt: 24.37m
11:10:42 [POS] Lat: 47.398945, Lon: 8.546233, Alt: 24.39m
11:10:42 [POS] Lat: 47.398945, Lon: 8.546234, Alt: 24.40m
11:10:42 [POS] Lat: 47.398944, Lon: 8.546235, Alt: 24.42m
11:10:42 [POS] Lat: 47.398944, Lon: 8.546236, Alt: 24.44m
11:10:42 [POS] Lat: 47.398943, Lon: 8.546238, Alt: 24.46m
11:10:42 [POS] Lat: 47.398943, Lon: 8.546238, Alt: 24.47m
11:10:42 [POS] Lat: 47.398942, Lon: 8.546240, Alt: 24.49m
11:10:42 [POS] Lat: 47.398942, Lon: 8.546241, Alt: 24.50m
11:10:42 [POS] Lat: 47.398942, Lon: 8.546242, Alt: 24.52m
11:10:42 [POS] Lat: 47.398941, Lon: 8.546243, Alt: 24.53m
11:10:42 [POS] Lat: 47.398941, Lon: 8.546244, Alt: 24.55m
11:10:42 [POS] Lat: 47.398940, Lon: 8.546245, Alt: 24.57m
11:10:42 [POS] Lat: 47.398940, Lon: 8.546247, Alt: 24.59m
11:10:42 [POS] Lat: 47.398939, Lon: 8.546247, Alt: 24.60m
11:10:42 [POS] Lat: 47.398939, Lon: 8.546249, Alt: 24.62m
11:10:42 [POS] Lat: 47.398938, Lon: 8.546250, Alt: 24.64m
11:10:42 [POS] Lat: 47.398938, Lon: 8.546251, Alt: 24.66m
11:10:42 [POS] Lat: 47.398937, Lon: 8.546252, Alt: 24.67m
11:10:42 [POS] Lat: 47.398937, Lon: 8.546254, Alt: 24.69m
11:10:42 [POS] Lat: 47.398937, Lon: 8.546254, Alt: 24.71m
11:10:42 [POS] Lat: 47.398936, Lon: 8.546256, Alt: 24.73m
11:10:42 [POS] Lat: 47.398936, Lon: 8.546257, Alt: 24.74m
11:10:42 [POS] Lat: 47.398935, Lon: 8.546258, Alt: 24.77m
11:10:42 [POS] Lat: 47.398935, Lon: 8.546259, Alt: 24.78m
11:10:42 [POS] Lat: 47.398934, Lon: 8.546260, Alt: 24.80m
11:10:42 [POS] Lat: 47.398934, Lon: 8.546261, Alt: 24.82m
11:10:42 [POS] Lat: 47.398933, Lon: 8.546263, Alt: 24.84m
11:10:42 [POS] Lat: 47.398933, Lon: 8.546264, Alt: 24.85m
11:10:42 [POS] Lat: 47.398932, Lon: 8.546265, Alt: 24.87m
11:10:42 [POS] Lat: 47.398932, Lon: 8.546266, Alt: 24.89m
11:10:42 [POS] Lat: 47.398931, Lon: 8.546267, Alt: 24.91m
11:10:42 [POS] Lat: 47.398931, Lon: 8.546268, Alt: 24.92m
11:10:42 [BAT] Percentage: 66, Voltage: 15.30V
11:10:42 [POS] Lat: 47.398931, Lon: 8.546270, Alt: 24.94m
11:10:42 [POS] Lat: 47.398930, Lon: 8.546271, Alt: 24.96m
11:10:42 [POS] Lat: 47.398930, Lon: 8.546272, Alt: 24.98m
11:10:42 [POS] Lat: 47.398929, Lon: 8.546273, Alt: 24.99m
11:10:42 [POS] Lat: 47.398929, Lon: 8.546274, Alt: 25.01m
11:10:42 [POS] Lat: 47.398928, Lon: 8.546275, Alt: 25.02m
11:10:42 [POS] Lat: 47.398928, Lon: 8.546277, Alt: 25.04m
11:10:42 [POS] Lat: 47.398928, Lon: 8.546278, Alt: 25.06m
11:10:42 [POS] Lat: 47.398927, Lon: 8.546279, Alt: 25.08m
11:10:42 [POS] Lat: 47.398927, Lon: 8.546280, Alt: 25.09m
11:10:42 [POS] Lat: 47.398926, Lon: 8.546281, Alt: 25.11m
11:10:42 [POS] Lat: 47.398926, Lon: 8.546282, Alt: 25.13m
11:10:42 [POS] Lat: 47.398925, Lon: 8.546284, Alt: 25.15m
11:10:42 [POS] Lat: 47.398925, Lon: 8.546284, Alt: 25.16m
11:10:43 [POS] Lat: 47.398924, Lon: 8.546286, Alt: 25.18m
11:10:43 [POS] Lat: 47.398924, Lon: 8.546287, Alt: 25.20m
11:10:43 [POS] Lat: 47.398923, Lon: 8.546288, Alt: 25.22m
11:10:43 [POS] Lat: 47.398923, Lon: 8.546289, Alt: 25.23m
11:10:43 [POS] Lat: 47.398922, Lon: 8.546290, Alt: 25.26m
11:10:43 [POS] Lat: 47.398922, Lon: 8.546291, Alt: 25.27m
11:10:43 [POS] Lat: 47.398922, Lon: 8.546293, Alt: 25.29m
11:10:43 [POS] Lat: 47.398921, Lon: 8.546294, Alt: 25.31m
11:10:43 [POS] Lat: 47.398921, Lon: 8.546295, Alt: 25.33m
11:10:43 [POS] Lat: 47.398920, Lon: 8.546296, Alt: 25.35m
11:10:43 [POS] Lat: 47.398920, Lon: 8.546297, Alt: 25.37m
11:10:43 [POS] Lat: 47.398919, Lon: 8.546298, Alt: 25.38m
11:10:43 [POS] Lat: 47.398919, Lon: 8.546300, Alt: 25.40m
11:10:43 [POS] Lat: 47.398918, Lon: 8.546300, Alt: 25.41m
11:10:43 [POS] Lat: 47.398918, Lon: 8.546302, Alt: 25.43m
11:10:43 [POS] Lat: 47.398917, Lon: 8.546303, Alt: 25.45m
11:10:43 [POS] Lat: 47.398917, Lon: 8.546304, Alt: 25.47m
11:10:43 [POS] Lat: 47.398917, Lon: 8.546305, Alt: 25.48m
11:10:43 [POS] Lat: 47.398916, Lon: 8.546306, Alt: 25.50m
11:10:43 [POS] Lat: 47.398916, Lon: 8.546307, Alt: 25.51m
11:10:43 [POS] Lat: 47.398915, Lon: 8.546309, Alt: 25.54m
11:10:43 [POS] Lat: 47.398915, Lon: 8.546310, Alt: 25.55m
11:10:43 [POS] Lat: 47.398914, Lon: 8.546311, Alt: 25.57m
11:10:43 [POS] Lat: 47.398914, Lon: 8.546312, Alt: 25.58m
11:10:43 [POS] Lat: 47.398913, Lon: 8.546313, Alt: 25.61m
11:10:43 [POS] Lat: 47.398913, Lon: 8.546314, Alt: 25.62m
11:10:43 [POS] Lat: 47.398912, Lon: 8.546316, Alt: 25.64m
11:10:43 [POS] Lat: 47.398912, Lon: 8.546316, Alt: 25.66m
11:10:43 [POS] Lat: 47.398911, Lon: 8.546318, Alt: 25.68m
11:10:43 [POS] Lat: 47.398911, Lon: 8.546319, Alt: 25.69m
11:10:43 [POS] Lat: 47.398911, Lon: 8.546320, Alt: 25.71m
11:10:43 [POS] Lat: 47.398910, Lon: 8.546321, Alt: 25.73m
11:10:43 [POS] Lat: 47.398910, Lon: 8.546322, Alt: 25.75m
11:10:43 [POS] Lat: 47.398909, Lon: 8.546323, Alt: 25.76m
11:10:43 [POS] Lat: 47.398909, Lon: 8.546324, Alt: 25.78m
11:10:43 [POS] Lat: 47.398908, Lon: 8.546325, Alt: 25.80m
11:10:43 [POS] Lat: 47.398908, Lon: 8.546327, Alt: 25.82m
11:10:43 [POS] Lat: 47.398908, Lon: 8.546328, Alt: 25.83m
11:10:43 [POS] Lat: 47.398907, Lon: 8.546329, Alt: 25.85m
11:10:43 [POS] Lat: 47.398907, Lon: 8.546330, Alt: 25.87m
11:10:43 [POS] Lat: 47.398906, Lon: 8.546331, Alt: 25.89m
11:10:43 [POS] Lat: 47.398906, Lon: 8.546332, Alt: 25.91m
11:10:43 [POS] Lat: 47.398905, Lon: 8.546334, Alt: 25.93m
11:10:43 [POS] Lat: 47.398905, Lon: 8.546334, Alt: 25.94m
11:10:43 [POS] Lat: 47.398904, Lon: 8.546336, Alt: 25.97m
11:10:43 [POS] Lat: 47.398904, Lon: 8.546337, Alt: 25.98m
11:10:43 [POS] Lat: 47.398904, Lon: 8.546338, Alt: 26.00m
11:10:43 [POS] Lat: 47.398903, Lon: 8.546339, Alt: 26.02m
11:10:43 [POS] Lat: 47.398903, Lon: 8.546340, Alt: 26.04m
11:10:44 [POS] Lat: 47.398902, Lon: 8.546341, Alt: 26.06m
11:10:44 [POS] Lat: 47.398902, Lon: 8.546342, Alt: 26.08m
11:10:44 [POS] Lat: 47.398902, Lon: 8.546343, Alt: 26.09m
11:10:44 [POS] Lat: 47.398901, Lon: 8.546345, Alt: 26.12m
11:10:44 [POS] Lat: 47.398901, Lon: 8.546346, Alt: 26.13m
11:10:44 [POS] Lat: 47.398900, Lon: 8.546347, Alt: 26.16m
11:10:44 [POS] Lat: 47.398900, Lon: 8.546348, Alt: 26.17m
11:10:44 [POS] Lat: 47.398899, Lon: 8.546349, Alt: 26.19m
11:10:44 [POS] Lat: 47.398899, Lon: 8.546350, Alt: 26.21m
11:10:44 [POS] Lat: 47.398898, Lon: 8.546352, Alt: 26.23m
11:10:44 [POS] Lat: 47.398898, Lon: 8.546352, Alt: 26.25m
11:10:44 [POS] Lat: 47.398897, Lon: 8.546354, Alt: 26.27m
11:10:44 [POS] Lat: 47.398897, Lon: 8.546355, Alt: 26.29m
11:10:44 [POS] Lat: 47.398896, Lon: 8.546356, Alt: 26.31m
11:10:44 [POS] Lat: 47.398896, Lon: 8.546357, Alt: 26.32m
11:10:44 [POS] Lat: 47.398896, Lon: 8.546358, Alt: 26.35m
11:10:44 [POS] Lat: 47.398895, Lon: 8.546359, Alt: 26.36m
11:10:44 [POS] Lat: 47.398895, Lon: 8.546361, Alt: 26.38m
11:10:44 [POS] Lat: 47.398894, Lon: 8.546361, Alt: 26.40m
11:10:44 [POS] Lat: 47.398894, Lon: 8.546363, Alt: 26.42m
11:10:44 [POS] Lat: 47.398893, Lon: 8.546364, Alt: 26.44m
11:10:44 [POS] Lat: 47.398893, Lon: 8.546365, Alt: 26.47m
11:10:44 [POS] Lat: 47.398892, Lon: 8.546366, Alt: 26.48m
11:10:44 [POS] Lat: 47.398892, Lon: 8.546367, Alt: 26.51m
11:10:44 [POS] Lat: 47.398892, Lon: 8.546368, Alt: 26.52m
11:10:44 [POS] Lat: 47.398891, Lon: 8.546370, Alt: 26.55m
11:10:44 [POS] Lat: 47.398891, Lon: 8.546371, Alt: 26.57m
11:10:44 [POS] Lat: 47.398890, Lon: 8.546372, Alt: 26.59m
11:10:44 [POS] Lat: 47.398890, Lon: 8.546373, Alt: 26.61m
11:10:44 [POS] Lat: 47.398889, Lon: 8.546374, Alt: 26.63m
11:10:44 [POS] Lat: 47.398889, Lon: 8.546375, Alt: 26.65m
11:10:44 [POS] Lat: 47.398888, Lon: 8.546377, Alt: 26.67m
11:10:44 [POS] Lat: 47.398888, Lon: 8.546378, Alt: 26.69m
11:10:44 [POS] Lat: 47.398887, Lon: 8.546379, Alt: 26.71m
11:10:44 [POS] Lat: 47.398887, Lon: 8.546380, Alt: 26.73m
11:10:44 [POS] Lat: 47.398886, Lon: 8.546381, Alt: 26.75m
11:10:44 [POS] Lat: 47.398886, Lon: 8.546382, Alt: 26.77m
11:10:44 [BAT] Percentage: 66, Voltage: 15.30V
11:10:44 [POS] Lat: 47.398885, Lon: 8.546384, Alt: 26.79m
11:10:44 [POS] Lat: 47.398885, Lon: 8.546385, Alt: 26.81m
11:10:44 [POS] Lat: 47.398885, Lon: 8.546386, Alt: 26.83m
11:10:44 [POS] Lat: 47.398884, Lon: 8.546387, Alt: 26.85m
11:10:44 [POS] Lat: 47.398884, Lon: 8.546388, Alt: 26.87m
11:10:44 [POS] Lat: 47.398883, Lon: 8.546389, Alt: 26.88m
11:10:44 [POS] Lat: 47.398883, Lon: 8.546391, Alt: 26.91m
11:10:44 [POS] Lat: 47.398882, Lon: 8.546392, Alt: 26.92m
11:10:44 [POS] Lat: 47.398882, Lon: 8.546393, Alt: 26.94m
11:10:44 [POS] Lat: 47.398881, Lon: 8.546394, Alt: 26.96m
11:10:44 [POS] Lat: 47.398881, Lon: 8.546395, Alt: 26.98m
11:10:44 [POS] Lat: 47.398880, Lon: 8.546396, Alt: 26.99m
11:10:44 [POS] Lat: 47.398880, Lon: 8.546398, Alt: 27.02m
11:10:45 [POS] Lat: 47.398879, Lon: 8.546399, Alt: 27.03m
11:10:45 [POS] Lat: 47.398879, Lon: 8.546400, Alt: 27.05m
11:10:45 [POS] Lat: 47.398879, Lon: 8.546401, Alt: 27.07m
11:10:45 [POS] Lat: 47.398878, Lon: 8.546402, Alt: 27.09m
11:10:45 [POS] Lat: 47.398878, Lon: 8.546403, Alt: 27.11m
11:10:45 [POS] Lat: 47.398877, Lon: 8.546404, Alt: 27.13m
11:10:45 [POS] Lat: 47.398877, Lon: 8.546405, Alt: 27.15m
11:10:45 [POS] Lat: 47.398876, Lon: 8.546407, Alt: 27.17m
11:10:45 [POS] Lat: 47.398876, Lon: 8.546408, Alt: 27.19m
11:10:45 [POS] Lat: 47.398875, Lon: 8.546409, Alt: 27.21m
11:10:45 [POS] Lat: 47.398875, Lon: 8.546410, Alt: 27.23m
11:10:45 [POS] Lat: 47.398874, Lon: 8.546411, Alt: 27.25m
11:10:45 [POS] Lat: 47.398874, Lon: 8.546412, Alt: 27.27m
11:10:45 [POS] Lat: 47.398873, Lon: 8.546414, Alt: 27.29m
11:10:45 [POS] Lat: 47.398873, Lon: 8.546415, Alt: 27.31m
11:10:45 [POS] Lat: 47.398872, Lon: 8.546416, Alt: 27.33m
11:10:45 [POS] Lat: 47.398872, Lon: 8.546417, Alt: 27.35m
11:10:45 [POS] Lat: 47.398871, Lon: 8.546418, Alt: 27.37m
11:10:45 [POS] Lat: 47.398871, Lon: 8.546419, Alt: 27.38m
11:10:45 [POS] Lat: 47.398871, Lon: 8.546421, Alt: 27.41m
11:10:45 [POS] Lat: 47.398870, Lon: 8.546422, Alt: 27.42m
11:10:45 [POS] Lat: 47.398870, Lon: 8.546423, Alt: 27.44m
11:10:45 [POS] Lat: 47.398869, Lon: 8.546424, Alt: 27.46m
11:10:45 [POS] Lat: 47.398869, Lon: 8.546425, Alt: 27.48m
11:10:45 [POS] Lat: 47.398868, Lon: 8.546426, Alt: 27.50m
11:10:45 [POS] Lat: 47.398868, Lon: 8.546428, Alt: 27.52m
11:10:45 [POS] Lat: 47.398867, Lon: 8.546429, Alt: 27.53m
11:10:45 [POS] Lat: 47.398867, Lon: 8.546430, Alt: 27.55m
11:10:45 [POS] Lat: 47.398866, Lon: 8.546431, Alt: 27.56m
11:10:45 [POS] Lat: 47.398866, Lon: 8.546432, Alt: 27.59m
11:10:45 [POS] Lat: 47.398866, Lon: 8.546433, Alt: 27.60m
11:10:45 [POS] Lat: 47.398865, Lon: 8.546435, Alt: 27.62m
11:10:45 [POS] Lat: 47.398865, Lon: 8.546436, Alt: 27.63m
11:10:45 [POS] Lat: 47.398864, Lon: 8.546437, Alt: 27.65m
11:10:45 [POS] Lat: 47.398864, Lon: 8.546438, Alt: 27.67m
11:10:45 [POS] Lat: 47.398863, Lon: 8.546439, Alt: 27.69m
11:10:45 [POS] Lat: 47.398863, Lon: 8.546440, Alt: 27.70m
11:10:45 [POS] Lat: 47.398862, Lon: 8.546442, Alt: 27.72m
11:10:45 [POS] Lat: 47.398862, Lon: 8.546443, Alt: 27.73m
11:10:45 [POS] Lat: 47.398861, Lon: 8.546444, Alt: 27.75m
11:10:45 [POS] Lat: 47.398861, Lon: 8.546445, Alt: 27.76m
11:10:45 [POS] Lat: 47.398860, Lon: 8.546446, Alt: 27.78m
11:10:45 [POS] Lat: 47.398860, Lon: 8.546447, Alt: 27.80m
11:10:45 [POS] Lat: 47.398859, Lon: 8.546449, Alt: 27.82m
11:10:45 [POS] Lat: 47.398859, Lon: 8.546450, Alt: 27.83m
11:10:45 [POS] Lat: 47.398858, Lon: 8.546451, Alt: 27.85m
11:10:45 [POS] Lat: 47.398858, Lon: 8.546452, Alt: 27.87m
11:10:45 [POS] Lat: 47.398857, Lon: 8.546453, Alt: 27.89m
11:10:45 [POS] Lat: 47.398857, Lon: 8.546454, Alt: 27.90m
11:10:46 [POS] Lat: 47.398857, Lon: 8.546456, Alt: 27.93m
11:10:46 [POS] Lat: 47.398856, Lon: 8.546457, Alt: 27.94m
11:10:46 [POS] Lat: 47.398856, Lon: 8.546458, Alt: 27.96m
11:10:46 [POS] Lat: 47.398855, Lon: 8.546459, Alt: 27.98m
11:10:46 [POS] Lat: 47.398855, Lon: 8.546460, Alt: 28.00m
11:10:46 [POS] Lat: 47.398854, Lon: 8.546461, Alt: 28.01m
11:10:46 [POS] Lat: 47.398854, Lon: 8.546463, Alt: 28.03m
11:10:46 [POS] Lat: 47.398853, Lon: 8.546463, Alt: 28.05m
11:10:46 [POS] Lat: 47.398853, Lon: 8.546465, Alt: 28.07m
11:10:46 [POS] Lat: 47.398852, Lon: 8.546466, Alt: 28.08m
11:10:46 [POS] Lat: 47.398852, Lon: 8.546467, Alt: 28.11m
11:10:46 [POS] Lat: 47.398852, Lon: 8.546468, Alt: 28.12m
11:10:46 [POS] Lat: 47.398851, Lon: 8.546469, Alt: 28.14m
11:10:46 [POS] Lat: 47.398851, Lon: 8.546470, Alt: 28.16m
11:10:46 [POS] Lat: 47.398850, Lon: 8.546472, Alt: 28.18m
11:10:46 [POS] Lat: 47.398850, Lon: 8.546473, Alt: 28.19m
11:10:46 [POS] Lat: 47.398849, Lon: 8.546474, Alt: 28.21m
11:10:46 [POS] Lat: 47.398849, Lon: 8.546475, Alt: 28.22m
11:10:46 [POS] Lat: 47.398848, Lon: 8.546476, Alt: 28.24m
11:10:46 [POS] Lat: 47.398848, Lon: 8.546477, Alt: 28.26m
11:10:46 [POS] Lat: 47.398847, Lon: 8.546479, Alt: 28.28m
11:10:46 [POS] Lat: 47.398847, Lon: 8.546480, Alt: 28.29m
11:10:46 [POS] Lat: 47.398847, Lon: 8.546481, Alt: 28.31m
11:10:46 [POS] Lat: 47.398846, Lon: 8.546482, Alt: 28.33m
11:10:46 [POS] Lat: 47.398846, Lon: 8.546483, Alt: 28.35m
11:10:46 [POS] Lat: 47.398845, Lon: 8.546484, Alt: 28.36m
11:10:46 [POS] Lat: 47.398845, Lon: 8.546485, Alt: 28.38m
11:10:46 [POS] Lat: 47.398844, Lon: 8.546486, Alt: 28.39m
11:10:46 [POS] Lat: 47.398844, Lon: 8.546487, Alt: 28.41m
11:10:46 [POS] Lat: 47.398844, Lon: 8.546488, Alt: 28.42m
11:10:46 [POS] Lat: 47.398843, Lon: 8.546489, Alt: 28.44m
11:10:46 [POS] Lat: 47.398843, Lon: 8.546490, Alt: 28.46m
11:10:46 [POS] Lat: 47.398842, Lon: 8.546491, Alt: 28.48m
11:10:46 [POS] Lat: 47.398842, Lon: 8.546492, Alt: 28.49m
11:10:46 [POS] Lat: 47.398842, Lon: 8.546493, Alt: 28.51m
11:10:46 [POS] Lat: 47.398841, Lon: 8.546494, Alt: 28.52m
11:10:46 [POS] Lat: 47.398841, Lon: 8.546495, Alt: 28.54m
11:10:46 [POS] Lat: 47.398841, Lon: 8.546496, Alt: 28.55m
11:10:46 [BAT] Percentage: 66, Voltage: 15.30V
11:10:46 [POS] Lat: 47.398840, Lon: 8.546497, Alt: 28.57m
11:10:46 [POS] Lat: 47.398840, Lon: 8.546498, Alt: 28.58m
11:10:46 [POS] Lat: 47.398839, Lon: 8.546499, Alt: 28.60m
11:10:46 [POS] Lat: 47.398839, Lon: 8.546500, Alt: 28.61m
11:10:46 [POS] Lat: 47.398839, Lon: 8.546501, Alt: 28.63m
11:10:46 [POS] Lat: 47.398838, Lon: 8.546502, Alt: 28.64m
11:10:46 [POS] Lat: 47.398838, Lon: 8.546503, Alt: 28.66m
11:10:46 [POS] Lat: 47.398838, Lon: 8.546504, Alt: 28.67m
11:10:46 [POS] Lat: 47.398837, Lon: 8.546505, Alt: 28.69m
11:10:46 [POS] Lat: 47.398837, Lon: 8.546505, Alt: 28.70m
11:10:46 [POS] Lat: 47.398837, Lon: 8.546506, Alt: 28.72m
11:10:46 [POS] Lat: 47.398836, Lon: 8.546507, Alt: 28.73m
11:10:47 [POS] Lat: 47.398836, Lon: 8.546508, Alt: 28.74m
11:10:47 [POS] Lat: 47.398836, Lon: 8.546509, Alt: 28.76m
11:10:47 [POS] Lat: 47.398835, Lon: 8.546510, Alt: 28.77m
11:10:47 [POS] Lat: 47.398835, Lon: 8.546510, Alt: 28.79m
11:10:47 [POS] Lat: 47.398835, Lon: 8.546511, Alt: 28.80m
11:10:47 [POS] Lat: 47.398834, Lon: 8.546512, Alt: 28.81m
11:10:47 [POS] Lat: 47.398834, Lon: 8.546513, Alt: 28.83m
11:10:47 [POS] Lat: 47.398834, Lon: 8.546514, Alt: 28.84m
11:10:47 [POS] Lat: 47.398833, Lon: 8.546515, Alt: 28.86m
11:10:47 [POS] Lat: 47.398833, Lon: 8.546515, Alt: 28.87m
11:10:47 [POS] Lat: 47.398833, Lon: 8.546516, Alt: 28.89m
11:10:47 [POS] Lat: 47.398832, Lon: 8.546517, Alt: 28.90m
11:10:47 [POS] Lat: 47.398832, Lon: 8.546518, Alt: 28.92m
11:10:47 [POS] Lat: 47.398832, Lon: 8.546518, Alt: 28.93m
11:10:47 [POS] Lat: 47.398832, Lon: 8.546519, Alt: 28.95m
11:10:47 [POS] Lat: 47.398831, Lon: 8.546520, Alt: 28.96m
11:10:47 [POS] Lat: 47.398831, Lon: 8.546521, Alt: 28.97m
11:10:47 [POS] Lat: 47.398831, Lon: 8.546521, Alt: 28.98m
11:10:47 [POS] Lat: 47.398830, Lon: 8.546522, Alt: 29.00m
11:10:47 [POS] Lat: 47.398830, Lon: 8.546523, Alt: 29.01m
11:10:47 [POS] Lat: 47.398830, Lon: 8.546524, Alt: 29.03m
11:10:47 [POS] Lat: 47.398830, Lon: 8.546524, Alt: 29.04m
11:10:47 [POS] Lat: 47.398829, Lon: 8.546525, Alt: 29.05m
11:10:47 [POS] Lat: 47.398829, Lon: 8.546526, Alt: 29.06m
11:10:47 [POS] Lat: 47.398829, Lon: 8.546526, Alt: 29.07m
11:10:47 [POS] Lat: 47.398829, Lon: 8.546527, Alt: 29.08m
11:10:47 [POS] Lat: 47.398828, Lon: 8.546528, Alt: 29.10m
11:10:47 [POS] Lat: 47.398828, Lon: 8.546528, Alt: 29.11m
11:10:47 [POS] Lat: 47.398828, Lon: 8.546529, Alt: 29.12m
11:10:47 [POS] Lat: 47.398827, Lon: 8.546530, Alt: 29.13m
11:10:47 [POS] Lat: 47.398827, Lon: 8.546530, Alt: 29.15m
11:10:47 [POS] Lat: 47.398827, Lon: 8.546531, Alt: 29.16m
11:10:47 [POS] Lat: 47.398827, Lon: 8.546532, Alt: 29.17m
11:10:47 [POS] Lat: 47.398826, Lon: 8.546532, Alt: 29.18m
11:10:47 [POS] Lat: 47.398826, Lon: 8.546533, Alt: 29.19m
11:10:47 [POS] Lat: 47.398826, Lon: 8.546533, Alt: 29.20m
11:10:47 [POS] Lat: 47.398826, Lon: 8.546534, Alt: 29.22m
11:10:47 [POS] Lat: 47.398826, Lon: 8.546535, Alt: 29.22m
11:10:47 [POS] Lat: 47.398825, Lon: 8.546535, Alt: 29.24m
11:10:47 [POS] Lat: 47.398825, Lon: 8.546536, Alt: 29.24m
11:10:47 [POS] Lat: 47.398825, Lon: 8.546537, Alt: 29.25m
11:10:47 [POS] Lat: 47.398824, Lon: 8.546537, Alt: 29.26m
11:10:47 [POS] Lat: 47.398824, Lon: 8.546538, Alt: 29.27m
11:10:47 [POS] Lat: 47.398824, Lon: 8.546538, Alt: 29.28m
11:10:47 [POS] Lat: 47.398824, Lon: 8.546539, Alt: 29.29m
11:10:47 [POS] Lat: 47.398824, Lon: 8.546540, Alt: 29.30m
11:10:47 [POS] Lat: 47.398823, Lon: 8.546540, Alt: 29.31m
11:10:47 [POS] Lat: 47.398823, Lon: 8.546541, Alt: 29.31m
11:10:47 [POS] Lat: 47.398823, Lon: 8.546541, Alt: 29.32m
11:10:48 [POS] Lat: 47.398823, Lon: 8.546542, Alt: 29.33m
11:10:48 [POS] Lat: 47.398822, Lon: 8.546543, Alt: 29.34m
11:10:48 [POS] Lat: 47.398822, Lon: 8.546543, Alt: 29.34m
11:10:48 [POS] Lat: 47.398822, Lon: 8.546544, Alt: 29.35m
11:10:48 [POS] Lat: 47.398822, Lon: 8.546544, Alt: 29.36m
11:10:48 [POS] Lat: 47.398822, Lon: 8.546545, Alt: 29.37m
11:10:48 [POS] Lat: 47.398821, Lon: 8.546545, Alt: 29.38m
11:10:48 [POS] Lat: 47.398821, Lon: 8.546546, Alt: 29.38m
11:10:48 [POS] Lat: 47.398821, Lon: 8.546546, Alt: 29.39m
11:10:48 [POS] Lat: 47.398821, Lon: 8.546547, Alt: 29.40m
11:10:48 [POS] Lat: 47.398821, Lon: 8.546547, Alt: 29.40m
11:10:48 [POS] Lat: 47.398820, Lon: 8.546548, Alt: 29.41m
11:10:48 [POS] Lat: 47.398820, Lon: 8.546548, Alt: 29.42m
11:10:48 [POS] Lat: 47.398820, Lon: 8.546549, Alt: 29.43m
11:10:48 [POS] Lat: 47.398820, Lon: 8.546549, Alt: 29.43m
11:10:48 [POS] Lat: 47.398820, Lon: 8.546550, Alt: 29.44m
11:10:48 [POS] Lat: 47.398819, Lon: 8.546550, Alt: 29.44m
11:10:48 [POS] Lat: 47.398819, Lon: 8.546551, Alt: 29.45m
11:10:48 [POS] Lat: 47.398819, Lon: 8.546551, Alt: 29.46m
11:10:48 [POS] Lat: 47.398819, Lon: 8.546552, Alt: 29.46m
11:10:48 [POS] Lat: 47.398819, Lon: 8.546552, Alt: 29.47m
11:10:48 [POS] Lat: 47.398819, Lon: 8.546553, Alt: 29.47m
11:10:48 [POS] Lat: 47.398818, Lon: 8.546553, Alt: 29.48m
11:10:48 [POS] Lat: 47.398818, Lon: 8.546554, Alt: 29.48m
11:10:48 [POS] Lat: 47.398818, Lon: 8.546554, Alt: 29.49m
11:10:48 [POS] Lat: 47.398818, Lon: 8.546555, Alt: 29.49m
11:10:48 [POS] Lat: 47.398818, Lon: 8.546555, Alt: 29.50m
11:10:48 [POS] Lat: 47.398817, Lon: 8.546556, Alt: 29.51m
11:10:48 [POS] Lat: 47.398817, Lon: 8.546556, Alt: 29.51m
11:10:48 [POS] Lat: 47.398817, Lon: 8.546556, Alt: 29.52m
11:10:48 [POS] Lat: 47.398817, Lon: 8.546557, Alt: 29.52m
11:10:48 [POS] Lat: 47.398817, Lon: 8.546557, Alt: 29.53m
11:10:48 [POS] Lat: 47.398817, Lon: 8.546558, Alt: 29.53m
11:10:48 [POS] Lat: 47.398816, Lon: 8.546558, Alt: 29.54m
11:10:48 [POS] Lat: 47.398816, Lon: 8.546558, Alt: 29.54m
11:10:48 [POS] Lat: 47.398816, Lon: 8.546559, Alt: 29.55m
11:10:48 [POS] Lat: 47.398816, Lon: 8.546559, Alt: 29.55m
11:10:48 [POS] Lat: 47.398816, Lon: 8.546560, Alt: 29.56m
11:10:48 [POS] Lat: 47.398816, Lon: 8.546560, Alt: 29.56m
11:10:48 [BAT] Percentage: 66, Voltage: 15.30V
11:10:48 [POS] Lat: 47.398816, Lon: 8.546561, Alt: 29.57m
11:10:48 [POS] Lat: 47.398815, Lon: 8.546561, Alt: 29.58m
11:10:48 [POS] Lat: 47.398815, Lon: 8.546561, Alt: 29.58m
11:10:48 [POS] Lat: 47.398815, Lon: 8.546562, Alt: 29.59m
11:10:48 [POS] Lat: 47.398815, Lon: 8.546562, Alt: 29.59m
11:10:48 [POS] Lat: 47.398815, Lon: 8.546563, Alt: 29.60m
11:10:48 [POS] Lat: 47.398815, Lon: 8.546563, Alt: 29.60m
11:10:48 [POS] Lat: 47.398815, Lon: 8.546563, Alt: 29.61m
11:10:48 [POS] Lat: 47.398814, Lon: 8.546564, Alt: 29.62m
11:10:48 [POS] Lat: 47.398814, Lon: 8.546564, Alt: 29.62m
11:10:49 [POS] Lat: 47.398814, Lon: 8.546564, Alt: 29.63m
11:10:49 [POS] Lat: 47.398814, Lon: 8.546565, Alt: 29.63m
11:10:49 [POS] Lat: 47.398814, Lon: 8.546565, Alt: 29.64m
11:10:49 [POS] Lat: 47.398814, Lon: 8.546565, Alt: 29.64m
11:10:49 [POS] Lat: 47.398814, Lon: 8.546566, Alt: 29.65m
11:10:49 [POS] Lat: 47.398814, Lon: 8.546566, Alt: 29.65m
11:10:49 [POS] Lat: 47.398813, Lon: 8.546566, Alt: 29.66m
11:10:49 [POS] Lat: 47.398813, Lon: 8.546567, Alt: 29.66m
11:10:49 [POS] Lat: 47.398813, Lon: 8.546567, Alt: 29.66m
11:10:49 [POS] Lat: 47.398813, Lon: 8.546567, Alt: 29.67m
11:10:49 [POS] Lat: 47.398813, Lon: 8.546568, Alt: 29.67m
11:10:49 [POS] Lat: 47.398813, Lon: 8.546568, Alt: 29.67m
11:10:49 [POS] Lat: 47.398813, Lon: 8.546568, Alt: 29.67m
11:10:49 [POS] Lat: 47.398813, Lon: 8.546569, Alt: 29.68m
11:10:49 [POS] Lat: 47.398812, Lon: 8.546569, Alt: 29.68m
11:10:49 [POS] Lat: 47.398812, Lon: 8.546569, Alt: 29.68m
11:10:49 [POS] Lat: 47.398812, Lon: 8.546570, Alt: 29.68m
11:10:49 [POS] Lat: 47.398812, Lon: 8.546570, Alt: 29.69m
11:10:49 [POS] Lat: 47.398812, Lon: 8.546570, Alt: 29.69m
11:10:49 [POS] Lat: 47.398812, Lon: 8.546570, Alt: 29.69m
11:10:49 [POS] Lat: 47.398812, Lon: 8.546571, Alt: 29.69m
11:10:49 [POS] Lat: 47.398812, Lon: 8.546571, Alt: 29.70m
11:10:49 [POS] Lat: 47.398812, Lon: 8.546571, Alt: 29.70m
11:10:49 [POS] Lat: 47.398812, Lon: 8.546571, Alt: 29.70m
11:10:49 [POS] Lat: 47.398812, Lon: 8.546572, Alt: 29.70m
11:10:49 [POS] Lat: 47.398811, Lon: 8.546572, Alt: 29.71m
11:10:49 [POS] Lat: 47.398811, Lon: 8.546572, Alt: 29.71m
11:10:49 [POS] Lat: 47.398811, Lon: 8.546572, Alt: 29.71m
11:10:49 [POS] Lat: 47.398811, Lon: 8.546573, Alt: 29.72m
11:10:49 [POS] Lat: 47.398811, Lon: 8.546573, Alt: 29.72m
11:10:49 [POS] Lat: 47.398811, Lon: 8.546573, Alt: 29.73m
11:10:49 [POS] Lat: 47.398811, Lon: 8.546573, Alt: 29.73m
11:10:49 [POS] Lat: 47.398811, Lon: 8.546574, Alt: 29.74m
11:10:49 [POS] Lat: 47.398811, Lon: 8.546574, Alt: 29.74m
11:10:49 [POS] Lat: 47.398811, Lon: 8.546574, Alt: 29.75m
11:10:49 [POS] Lat: 47.398811, Lon: 8.546574, Alt: 29.75m
11:10:49 [POS] Lat: 47.398810, Lon: 8.546575, Alt: 29.75m
11:10:49 [POS] Lat: 47.398810, Lon: 8.546575, Alt: 29.76m
11:10:49 [POS] Lat: 47.398810, Lon: 8.546575, Alt: 29.76m
11:10:49 [POS] Lat: 47.398810, Lon: 8.546575, Alt: 29.76m
11:10:49 [POS] Lat: 47.398810, Lon: 8.546575, Alt: 29.77m
11:10:49 [POS] Lat: 47.398810, Lon: 8.546575, Alt: 29.77m
11:10:49 [POS] Lat: 47.398810, Lon: 8.546576, Alt: 29.78m
11:10:49 [POS] Lat: 47.398810, Lon: 8.546576, Alt: 29.78m
11:10:49 [POS] Lat: 47.398810, Lon: 8.546576, Alt: 29.79m
11:10:49 [POS] Lat: 47.398810, Lon: 8.546576, Alt: 29.79m
11:10:49 [POS] Lat: 47.398810, Lon: 8.546576, Alt: 29.79m
11:10:49 [POS] Lat: 47.398810, Lon: 8.546577, Alt: 29.80m
11:10:49 [POS] Lat: 47.398810, Lon: 8.546577, Alt: 29.80m
11:10:49 [POS] Lat: 47.398809, Lon: 8.546577, Alt: 29.80m
11:10:50 [POS] Lat: 47.398809, Lon: 8.546577, Alt: 29.80m
11:10:50 [POS] Lat: 47.398809, Lon: 8.546577, Alt: 29.81m
11:10:50 [POS] Lat: 47.398809, Lon: 8.546577, Alt: 29.81m
11:10:50 [POS] Lat: 47.398809, Lon: 8.546578, Alt: 29.81m
11:10:50 [POS] Lat: 47.398809, Lon: 8.546578, Alt: 29.82m
11:10:50 [POS] Lat: 47.398809, Lon: 8.546578, Alt: 29.82m
11:10:50 [POS] Lat: 47.398809, Lon: 8.546578, Alt: 29.82m
11:10:50 [POS] Lat: 47.398809, Lon: 8.546578, Alt: 29.82m
11:10:50 [POS] Lat: 47.398809, Lon: 8.546578, Alt: 29.83m
11:10:50 [POS] Lat: 47.398809, Lon: 8.546578, Alt: 29.83m
11:10:50 [POS] Lat: 47.398809, Lon: 8.546579, Alt: 29.83m
11:10:50 [POS] Lat: 47.398809, Lon: 8.546579, Alt: 29.83m
11:10:50 [POS] Lat: 47.398809, Lon: 8.546579, Alt: 29.84m
11:10:50 [POS] Lat: 47.398809, Lon: 8.546579, Alt: 29.84m
11:10:50 [POS] Lat: 47.398808, Lon: 8.546579, Alt: 29.84m
11:10:50 [POS] Lat: 47.398808, Lon: 8.546579, Alt: 29.84m
11:10:50 [POS] Lat: 47.398808, Lon: 8.546579, Alt: 29.84m
11:10:50 [POS] Lat: 47.398808, Lon: 8.546579, Alt: 29.84m
11:10:50 [POS] Lat: 47.398808, Lon: 8.546580, Alt: 29.85m
11:10:50 [POS] Lat: 47.398808, Lon: 8.546580, Alt: 29.85m
11:10:50 [POS] Lat: 47.398808, Lon: 8.546580, Alt: 29.85m
11:10:50 [POS] Lat: 47.398808, Lon: 8.546580, Alt: 29.85m
11:10:50 [POS] Lat: 47.398808, Lon: 8.546580, Alt: 29.85m
11:10:50 [POS] Lat: 47.398808, Lon: 8.546580, Alt: 29.85m
11:10:50 [POS] Lat: 47.398808, Lon: 8.546580, Alt: 29.86m
11:10:50 [POS] Lat: 47.398808, Lon: 8.546580, Alt: 29.86m
11:10:50 [POS] Lat: 47.398808, Lon: 8.546580, Alt: 29.86m
11:10:50 [POS] Lat: 47.398807, Lon: 8.546580, Alt: 29.86m
11:10:50 [POS] Lat: 47.398807, Lon: 8.546581, Alt: 29.86m
11:10:50 [POS] Lat: 47.398807, Lon: 8.546581, Alt: 29.86m
11:10:50 [POS] Lat: 47.398807, Lon: 8.546581, Alt: 29.87m
11:10:50 [POS] Lat: 47.398807, Lon: 8.546581, Alt: 29.87m
11:10:50 [POS] Lat: 47.398807, Lon: 8.546581, Alt: 29.87m
11:10:50 [POS] Lat: 47.398807, Lon: 8.546581, Alt: 29.87m
11:10:50 [POS] Lat: 47.398807, Lon: 8.546581, Alt: 29.87m
11:10:50 [POS] Lat: 47.398807, Lon: 8.546581, Alt: 29.88m
11:10:50 [POS] Lat: 47.398807, Lon: 8.546581, Alt: 29.88m
11:10:50 [POS] Lat: 47.398807, Lon: 8.546581, Alt: 29.88m
11:10:50 [POS] Lat: 47.398807, Lon: 8.546581, Alt: 29.88m
11:10:50 [POS] Lat: 47.398807, Lon: 8.546582, Alt: 29.89m
11:10:50 [BAT] Percentage: 66, Voltage: 15.30V
11:10:50 [POS] Lat: 47.398807, Lon: 8.546582, Alt: 29.89m
11:10:50 [POS] Lat: 47.398807, Lon: 8.546582, Alt: 29.89m
11:10:50 [POS] Lat: 47.398807, Lon: 8.546582, Alt: 29.90m
11:10:50 [POS] Lat: 47.398807, Lon: 8.546582, Alt: 29.90m
11:10:50 [POS] Lat: 47.398806, Lon: 8.546582, Alt: 29.91m
11:10:50 [POS] Lat: 47.398806, Lon: 8.546582, Alt: 29.91m
11:10:50 [POS] Lat: 47.398806, Lon: 8.546582, Alt: 29.91m
11:10:50 [POS] Lat: 47.398806, Lon: 8.546582, Alt: 29.91m
11:10:50 [POS] Lat: 47.398806, Lon: 8.546582, Alt: 29.92m
11:10:51 [POS] Lat: 47.398806, Lon: 8.546582, Alt: 29.92m
11:10:51 [POS] Lat: 47.398806, Lon: 8.546582, Alt: 29.92m
11:10:51 [POS] Lat: 47.398806, Lon: 8.546582, Alt: 29.93m
11:10:51 [POS] Lat: 47.398806, Lon: 8.546582, Alt: 29.93m
11:10:51 [POS] Lat: 47.398806, Lon: 8.546582, Alt: 29.93m
11:10:51 [POS] Lat: 47.398806, Lon: 8.546582, Alt: 29.93m
11:10:51 [POS] Lat: 47.398806, Lon: 8.546582, Alt: 29.94m
11:10:51 [POS] Lat: 47.398806, Lon: 8.546582, Alt: 29.94m
11:10:51 [POS] Lat: 47.398806, Lon: 8.546583, Alt: 29.94m
11:10:51 [POS] Lat: 47.398806, Lon: 8.546583, Alt: 29.95m
11:10:51 [POS] Lat: 47.398806, Lon: 8.546583, Alt: 29.95m
11:10:51 [POS] Lat: 47.398806, Lon: 8.546583, Alt: 29.95m
11:10:51 [POS] Lat: 47.398806, Lon: 8.546583, Alt: 29.95m
11:10:51 [POS] Lat: 47.398806, Lon: 8.546583, Alt: 29.95m
11:10:51 [POS] Lat: 47.398806, Lon: 8.546583, Alt: 29.95m
11:10:51 [POS] Lat: 47.398806, Lon: 8.546583, Alt: 29.95m
11:10:51 [POS] Lat: 47.398806, Lon: 8.546583, Alt: 29.95m
11:10:51 [POS] Lat: 47.398806, Lon: 8.546583, Alt: 29.95m
11:10:51 [POS] Lat: 47.398806, Lon: 8.546583, Alt: 29.95m
11:10:51 [POS] Lat: 47.398806, Lon: 8.546583, Alt: 29.95m
11:10:51 [POS] Lat: 47.398806, Lon: 8.546584, Alt: 29.95m
11:10:51 [POS] Lat: 47.398806, Lon: 8.546584, Alt: 29.95m
11:10:51 [POS] Lat: 47.398806, Lon: 8.546584, Alt: 29.95m
11:10:51 [POS] Lat: 47.398805, Lon: 8.546584, Alt: 29.95m
11:10:51 [POS] Lat: 47.398805, Lon: 8.546584, Alt: 29.95m
11:10:51 [POS] Lat: 47.398805, Lon: 8.546584, Alt: 29.95m
11:10:51 [POS] Lat: 47.398805, Lon: 8.546584, Alt: 29.95m
11:10:51 [POS] Lat: 47.398805, Lon: 8.546584, Alt: 29.96m
11:10:51 [POS] Lat: 47.398805, Lon: 8.546584, Alt: 29.96m
11:10:51 [POS] Lat: 47.398805, Lon: 8.546584, Alt: 29.96m
11:10:51 [POS] Lat: 47.398805, Lon: 8.546584, Alt: 29.96m
11:10:51 [POS] Lat: 47.398805, Lon: 8.546584, Alt: 29.96m
11:10:51 [POS] Lat: 47.398805, Lon: 8.546584, Alt: 29.96m
11:10:51 [POS] Lat: 47.398805, Lon: 8.546585, Alt: 29.96m
11:10:51 [POS] Lat: 47.398805, Lon: 8.546585, Alt: 29.96m
11:10:51 [POS] Lat: 47.398805, Lon: 8.546585, Alt: 29.96m
11:10:51 [POS] Lat: 47.398805, Lon: 8.546585, Alt: 29.96m
11:10:51 [POS] Lat: 47.398805, Lon: 8.546585, Alt: 29.96m
11:10:51 [POS] Lat: 47.398805, Lon: 8.546585, Alt: 29.96m
11:10:51 [POS] Lat: 47.398805, Lon: 8.546585, Alt: 29.96m
11:10:51 [POS] Lat: 47.398805, Lon: 8.546585, Alt: 29.96m
11:10:51 [POS] Lat: 47.398805, Lon: 8.546585, Alt: 29.96m
11:10:51 [POS] Lat: 47.398805, Lon: 8.546585, Alt: 29.96m
11:10:51 [POS] Lat: 47.398805, Lon: 8.546585, Alt: 29.96m
11:10:51 [POS] Lat: 47.398805, Lon: 8.546585, Alt: 29.96m
11:10:51 [POS] Lat: 47.398805, Lon: 8.546585, Alt: 29.96m
11:10:51 [POS] Lat: 47.398805, Lon: 8.546586, Alt: 29.96m
11:10:51 [POS] Lat: 47.398805, Lon: 8.546586, Alt: 29.96m
11:10:51 [POS] Lat: 47.398805, Lon: 8.546586, Alt: 29.96m
11:10:51 [POS] Lat: 47.398805, Lon: 8.546586, Alt: 29.96m
11:10:52 [POS] Lat: 47.398805, Lon: 8.546586, Alt: 29.96m
11:10:52 [POS] Lat: 47.398805, Lon: 8.546586, Alt: 29.96m
11:10:52 [POS] Lat: 47.398805, Lon: 8.546586, Alt: 29.96m
11:10:52 [POS] Lat: 47.398805, Lon: 8.546586, Alt: 29.96m
11:10:52 [POS] Lat: 47.398805, Lon: 8.546586, Alt: 29.96m
11:10:52 [POS] Lat: 47.398805, Lon: 8.546586, Alt: 29.96m
11:10:52 [POS] Lat: 47.398805, Lon: 8.546586, Alt: 29.96m
11:10:52 [POS] Lat: 47.398805, Lon: 8.546586, Alt: 29.96m
11:10:52 [POS] Lat: 47.398805, Lon: 8.546587, Alt: 29.96m
11:10:52 [POS] Lat: 47.398805, Lon: 8.546587, Alt: 29.96m
11:10:52 [POS] Lat: 47.398805, Lon: 8.546587, Alt: 29.96m
11:10:52 [POS] Lat: 47.398805, Lon: 8.546587, Alt: 29.96m
11:10:52 [POS] Lat: 47.398805, Lon: 8.546587, Alt: 29.96m
11:10:52 [POS] Lat: 47.398805, Lon: 8.546587, Alt: 29.96m
11:10:52 [POS] Lat: 47.398805, Lon: 8.546587, Alt: 29.96m
11:10:52 [POS] Lat: 47.398805, Lon: 8.546587, Alt: 29.96m
11:10:52 [POS] Lat: 47.398805, Lon: 8.546587, Alt: 29.96m
11:10:52 [POS] Lat: 47.398805, Lon: 8.546587, Alt: 29.96m
11:10:52 [POS] Lat: 47.398805, Lon: 8.546587, Alt: 29.96m
11:10:52 [POS] Lat: 47.398805, Lon: 8.546587, Alt: 29.96m
11:10:52 [POS] Lat: 47.398805, Lon: 8.546587, Alt: 29.96m
11:10:52 [POS] Lat: 47.398805, Lon: 8.546587, Alt: 29.96m
11:10:52 [POS] Lat: 47.398805, Lon: 8.546587, Alt: 29.97m
11:10:52 [POS] Lat: 47.398805, Lon: 8.546587, Alt: 29.97m
11:10:52 [POS] Lat: 47.398805, Lon: 8.546587, Alt: 29.97m
11:10:52 [POS] Lat: 47.398805, Lon: 8.546587, Alt: 29.97m
11:10:52 [POS] Lat: 47.398805, Lon: 8.546587, Alt: 29.97m
11:10:52 [POS] Lat: 47.398805, Lon: 8.546587, Alt: 29.98m
11:10:52 [POS] Lat: 47.398805, Lon: 8.546587, Alt: 29.98m
11:10:52 [POS] Lat: 47.398805, Lon: 8.546587, Alt: 29.98m
11:10:52 [POS] Lat: 47.398805, Lon: 8.546587, Alt: 29.98m
11:10:52 [POS] Lat: 47.398805, Lon: 8.546587, Alt: 29.98m
11:10:52 [POS] Lat: 47.398805, Lon: 8.546587, Alt: 29.98m
11:10:52 [POS] Lat: 47.398805, Lon: 8.546587, Alt: 29.99m
11:10:52 [POS] Lat: 47.398805, Lon: 8.546587, Alt: 29.99m
11:10:52 [POS] Lat: 47.398805, Lon: 8.546587, Alt: 29.99m
11:10:52 [POS] Lat: 47.398805, Lon: 8.546587, Alt: 29.99m
11:10:52 [POS] Lat: 47.398805, Lon: 8.546587, Alt: 29.99m
11:10:52 [POS] Lat: 47.398804, Lon: 8.546587, Alt: 29.99m
11:10:52 [POS] Lat: 47.398804, Lon: 8.546587, Alt: 29.98m
11:10:52 [POS] Lat: 47.398804, Lon: 8.546588, Alt: 29.98m
11:10:52 [BAT] Percentage: 66, Voltage: 15.30V
11:10:52 [POS] Lat: 47.398804, Lon: 8.546588, Alt: 29.98m
11:10:52 [POS] Lat: 47.398804, Lon: 8.546588, Alt: 29.98m
11:10:52 [POS] Lat: 47.398804, Lon: 8.546588, Alt: 29.98m
11:10:52 [POS] Lat: 47.398804, Lon: 8.546588, Alt: 29.98m
11:10:52 [POS] Lat: 47.398804, Lon: 8.546588, Alt: 29.98m
11:10:52 [POS] Lat: 47.398804, Lon: 8.546588, Alt: 29.98m
11:10:52 [POS] Lat: 47.398805, Lon: 8.546588, Alt: 29.98m
11:10:52 [POS] Lat: 47.398805, Lon: 8.546588, Alt: 29.98m
11:10:53 [POS] Lat: 47.398805, Lon: 8.546588, Alt: 29.98m
11:10:53 [POS] Lat: 47.398805, Lon: 8.546588, Alt: 29.98m
11:10:53 [POS] Lat: 47.398805, Lon: 8.546588, Alt: 29.98m
11:10:53 [POS] Lat: 47.398805, Lon: 8.546588, Alt: 29.98m
11:10:53 [POS] Lat: 47.398805, Lon: 8.546588, Alt: 29.98m
11:10:53 [POS] Lat: 47.398805, Lon: 8.546588, Alt: 29.98m
11:10:53 [POS] Lat: 47.398805, Lon: 8.546588, Alt: 29.98m
11:10:53 [POS] Lat: 47.398805, Lon: 8.546588, Alt: 29.98m
11:10:53 [POS] Lat: 47.398805, Lon: 8.546588, Alt: 29.97m
11:10:53 [POS] Lat: 47.398805, Lon: 8.546588, Alt: 29.97m
11:10:53 [POS] Lat: 47.398805, Lon: 8.546588, Alt: 29.97m
11:10:53 [POS] Lat: 47.398805, Lon: 8.546588, Alt: 29.97m
11:10:53 [POS] Lat: 47.398805, Lon: 8.546588, Alt: 29.97m
11:10:53 [POS] Lat: 47.398805, Lon: 8.546588, Alt: 29.97m
11:10:53 [POS] Lat: 47.398805, Lon: 8.546588, Alt: 29.97m
11:10:53 [POS] Lat: 47.398805, Lon: 8.546588, Alt: 29.97m
11:10:53 [POS] Lat: 47.398805, Lon: 8.546588, Alt: 29.97m
11:10:53 [POS] Lat: 47.398805, Lon: 8.546588, Alt: 29.97m
11:10:53 [POS] Lat: 47.398805, Lon: 8.546588, Alt: 29.97m
11:10:53 [POS] Lat: 47.398805, Lon: 8.546588, Alt: 29.97m
11:10:53 [POS] Lat: 47.398805, Lon: 8.546588, Alt: 29.98m
11:10:53 [POS] Lat: 47.398805, Lon: 8.546588, Alt: 29.98m
11:10:53 [POS] Lat: 47.398805, Lon: 8.546588, Alt: 29.98m
11:10:53 [POS] Lat: 47.398805, Lon: 8.546588, Alt: 29.98m
11:10:53 [POS] Lat: 47.398805, Lon: 8.546588, Alt: 29.98m
11:10:53 [POS] Lat: 47.398805, Lon: 8.546588, Alt: 29.98m
11:10:53 [POS] Lat: 47.398805, Lon: 8.546588, Alt: 29.98m
11:10:53 [POS] Lat: 47.398805, Lon: 8.546588, Alt: 29.98m
11:10:53 [POS] Lat: 47.398805, Lon: 8.546588, Alt: 29.99m
11:10:53 [POS] Lat: 47.398805, Lon: 8.546588, Alt: 29.99m
11:10:53 [POS] Lat: 47.398805, Lon: 8.546588, Alt: 29.99m
11:10:53 [POS] Lat: 47.398805, Lon: 8.546588, Alt: 29.99m
11:10:53 [POS] Lat: 47.398805, Lon: 8.546589, Alt: 29.99m
11:10:53 [POS] Lat: 47.398805, Lon: 8.546589, Alt: 29.99m
11:10:53 [POS] Lat: 47.398805, Lon: 8.546589, Alt: 29.99m
11:10:53 [POS] Lat: 47.398805, Lon: 8.546589, Alt: 29.99m
11:10:53 [POS] Lat: 47.398805, Lon: 8.546589, Alt: 29.99m
11:10:53 [POS] Lat: 47.398805, Lon: 8.546589, Alt: 29.99m
11:10:53 [POS] Lat: 47.398805, Lon: 8.546589, Alt: 29.99m
11:10:53 [POS] Lat: 47.398805, Lon: 8.546589, Alt: 29.99m
11:10:53 [POS] Lat: 47.398805, Lon: 8.546589, Alt: 29.99m
11:10:53 [POS] Lat: 47.398805, Lon: 8.546589, Alt: 30.00m
11:10:53 [POS] Lat: 47.398805, Lon: 8.546589, Alt: 30.00m
11:10:53 [POS] Lat: 47.398805, Lon: 8.546589, Alt: 30.00m
11:10:53 [POS] Lat: 47.398805, Lon: 8.546589, Alt: 30.00m
11:10:53 [POS] Lat: 47.398805, Lon: 8.546589, Alt: 30.00m
11:10:53 [POS] Lat: 47.398805, Lon: 8.546589, Alt: 30.00m
11:10:53 [POS] Lat: 47.398805, Lon: 8.546589, Alt: 30.01m
11:10:53 [POS] Lat: 47.398805, Lon: 8.546589, Alt: 30.01m
11:10:53 [POS] Lat: 47.398805, Lon: 8.546589, Alt: 30.01m
11:10:54 [POS] Lat: 47.398805, Lon: 8.546589, Alt: 30.01m
11:10:54 [POS] Lat: 47.398805, Lon: 8.546589, Alt: 30.01m
11:10:54 [POS] Lat: 47.398804, Lon: 8.546589, Alt: 30.01m
11:10:54 [POS] Lat: 47.398804, Lon: 8.546589, Alt: 30.01m
11:10:54 [POS] Lat: 47.398804, Lon: 8.546589, Alt: 30.02m
11:10:54 [POS] Lat: 47.398804, Lon: 8.546589, Alt: 30.02m
11:10:54 [POS] Lat: 47.398804, Lon: 8.546589, Alt: 30.02m
11:10:54 [POS] Lat: 47.398804, Lon: 8.546589, Alt: 30.02m
11:10:54 [POS] Lat: 47.398804, Lon: 8.546589, Alt: 30.02m
11:10:54 [POS] Lat: 47.398804, Lon: 8.546589, Alt: 30.02m
11:10:54 [POS] Lat: 47.398804, Lon: 8.546589, Alt: 30.03m
11:10:54 [POS] Lat: 47.398804, Lon: 8.546589, Alt: 30.03m
11:10:54 [POS] Lat: 47.398804, Lon: 8.546589, Alt: 30.03m
11:10:54 [POS] Lat: 47.398804, Lon: 8.546589, Alt: 30.03m
11:10:54 [POS] Lat: 47.398804, Lon: 8.546589, Alt: 30.03m
11:10:54 [POS] Lat: 47.398804, Lon: 8.546589, Alt: 30.03m
11:10:54 [POS] Lat: 47.398804, Lon: 8.546588, Alt: 30.03m
11:10:54 [POS] Lat: 47.398804, Lon: 8.546588, Alt: 30.03m
11:10:54 [POS] Lat: 47.398804, Lon: 8.546588, Alt: 30.03m
11:10:54 [POS] Lat: 47.398804, Lon: 8.546588, Alt: 30.03m
11:10:54 [POS] Lat: 47.398804, Lon: 8.546588, Alt: 30.03m
11:10:54 [POS] Lat: 47.398804, Lon: 8.546588, Alt: 30.03m
11:10:54 [POS] Lat: 47.398804, Lon: 8.546588, Alt: 30.03m
11:10:54 [POS] Lat: 47.398804, Lon: 8.546588, Alt: 30.03m
11:10:54 [POS] Lat: 47.398804, Lon: 8.546588, Alt: 30.03m
11:10:54 [POS] Lat: 47.398804, Lon: 8.546589, Alt: 30.03m
11:10:54 [POS] Lat: 47.398804, Lon: 8.546589, Alt: 30.03m
11:10:54 [POS] Lat: 47.398804, Lon: 8.546589, Alt: 30.03m
11:10:54 [POS] Lat: 47.398804, Lon: 8.546589, Alt: 30.03m
11:10:54 [POS] Lat: 47.398804, Lon: 8.546589, Alt: 30.03m
11:10:54 [POS] Lat: 47.398804, Lon: 8.546589, Alt: 30.03m
11:10:54 [POS] Lat: 47.398804, Lon: 8.546589, Alt: 30.03m
11:10:54 [POS] Lat: 47.398804, Lon: 8.546589, Alt: 30.03m
11:10:54 [POS] Lat: 47.398804, Lon: 8.546589, Alt: 30.03m
11:10:54 [POS] Lat: 47.398804, Lon: 8.546589, Alt: 30.03m
11:10:54 [POS] Lat: 47.398804, Lon: 8.546588, Alt: 30.03m
11:10:54 [POS] Lat: 47.398804, Lon: 8.546588, Alt: 30.03m
11:10:54 [POS] Lat: 47.398804, Lon: 8.546588, Alt: 30.03m
11:10:54 [POS] Lat: 47.398804, Lon: 8.546588, Alt: 30.03m
11:10:54 [POS] Lat: 47.398804, Lon: 8.546588, Alt: 30.03m
11:10:54 [POS] Lat: 47.398804, Lon: 8.546588, Alt: 30.03m
11:10:54 [POS] Lat: 47.398804, Lon: 8.546588, Alt: 30.03m
11:10:54 [BAT] Percentage: 66, Voltage: 15.30V
11:10:54 [POS] Lat: 47.398804, Lon: 8.546588, Alt: 30.03m
11:10:54 [POS] Lat: 47.398804, Lon: 8.546588, Alt: 30.03m
11:10:54 [POS] Lat: 47.398804, Lon: 8.546588, Alt: 30.03m
11:10:54 [POS] Lat: 47.398804, Lon: 8.546588, Alt: 30.03m
11:10:54 [POS] Lat: 47.398804, Lon: 8.546588, Alt: 30.04m
11:10:54 [POS] Lat: 47.398804, Lon: 8.546588, Alt: 30.04m
11:10:54 [POS] Lat: 47.398804, Lon: 8.546588, Alt: 30.04m
11:10:55 [POS] Lat: 47.398804, Lon: 8.546588, Alt: 30.04m
11:10:55 [POS] Lat: 47.398804, Lon: 8.546588, Alt: 30.04m
11:10:55 [POS] Lat: 47.398804, Lon: 8.546588, Alt: 30.04m
11:10:55 [POS] Lat: 47.398804, Lon: 8.546588, Alt: 30.05m
11:10:55 [POS] Lat: 47.398804, Lon: 8.546588, Alt: 30.05m
11:10:55 [POS] Lat: 47.398804, Lon: 8.546588, Alt: 30.05m
11:10:55 [POS] Lat: 47.398804, Lon: 8.546588, Alt: 30.05m
11:10:55 [POS] Lat: 47.398804, Lon: 8.546588, Alt: 30.05m
11:10:55 [POS] Lat: 47.398804, Lon: 8.546588, Alt: 30.05m
11:10:55 [POS] Lat: 47.398804, Lon: 8.546588, Alt: 30.05m
11:10:55 [POS] Lat: 47.398804, Lon: 8.546588, Alt: 30.05m
11:10:55 [POS] Lat: 47.398804, Lon: 8.546588, Alt: 30.05m
11:10:55 [POS] Lat: 47.398804, Lon: 8.546588, Alt: 30.05m
11:10:55 [POS] Lat: 47.398804, Lon: 8.546588, Alt: 30.05m
11:10:55 [POS] Lat: 47.398804, Lon: 8.546588, Alt: 30.05m
11:10:55 [POS] Lat: 47.398804, Lon: 8.546588, Alt: 30.05m
11:10:55 [POS] Lat: 47.398804, Lon: 8.546588, Alt: 30.05m
11:10:55 [POS] Lat: 47.398804, Lon: 8.546588, Alt: 30.05m
11:10:55 [POS] Lat: 47.398804, Lon: 8.546588, Alt: 30.05m
11:10:55 [POS] Lat: 47.398804, Lon: 8.546588, Alt: 30.05m
11:10:55 [POS] Lat: 47.398804, Lon: 8.546588, Alt: 30.05m
11:10:55 [POS] Lat: 47.398804, Lon: 8.546588, Alt: 30.05m
11:10:55 [POS] Lat: 47.398804, Lon: 8.546588, Alt: 30.05m
11:10:55 [POS] Lat: 47.398804, Lon: 8.546588, Alt: 30.05m
11:10:55 [POS] Lat: 47.398804, Lon: 8.546588, Alt: 30.05m
11:10:55 [POS] Lat: 47.398804, Lon: 8.546588, Alt: 30.05m
11:10:55 [POS] Lat: 47.398804, Lon: 8.546588, Alt: 30.05m
11:10:55 [POS] Lat: 47.398804, Lon: 8.546588, Alt: 30.05m
11:10:55 [POS] Lat: 47.398804, Lon: 8.546588, Alt: 30.05m
11:10:55 [POS] Lat: 47.398804, Lon: 8.546588, Alt: 30.05m
11:10:55 [POS] Lat: 47.398804, Lon: 8.546588, Alt: 30.05m
11:10:55 [POS] Lat: 47.398804, Lon: 8.546588, Alt: 30.05m
11:10:55 [POS] Lat: 47.398804, Lon: 8.546588, Alt: 30.05m
11:10:55 [POS] Lat: 47.398804, Lon: 8.546588, Alt: 30.05m
11:10:55 [POS] Lat: 47.398804, Lon: 8.546588, Alt: 30.05m
11:10:55 [PROG] Waypoint 4 of 4
11:10:55 [POS] Lat: 47.398804, Lon: 8.546588, Alt: 30.05m
11:10:55 [PROG] Returning to launch
11:10:55 [POS] Lat: 47.398804, Lon: 8.546588, Alt: 30.05m
11:10:55 [POS] Lat: 47.398804, Lon: 8.546588, Alt: 30.05m
11:10:55 [POS] Lat: 47.398804, Lon: 8.546588, Alt: 30.05m
11:10:55 [POS] Lat: 47.398804, Lon: 8.546588, Alt: 30.05m
11:10:55 [POS] Lat: 47.398804, Lon: 8.546588, Alt: 30.04m
11:10:55 [POS] Lat: 47.398804, Lon: 8.546588, Alt: 30.04m
11:10:55 [POS] Lat: 47.398804, Lon: 8.546588, Alt: 30.04m
11:10:55 [POS] Lat: 47.398804, Lon: 8.546588, Alt: 30.04m
11:10:55 [POS] Lat: 47.398804, Lon: 8.546588, Alt: 30.04m
11:10:55 [POS] Lat: 47.398804, Lon: 8.546588, Alt: 30.04m
11:10:55 [POS] Lat: 47.398804, Lon: 8.546588, Alt: 30.04m
11:10:55 [POS] Lat: 47.398804, Lon: 8.546588, Alt: 30.05m
11:10:55 [POS] Lat: 47.398804, Lon: 8.546588, Alt: 30.05m
11:10:55 [POS] Lat: 47.398804, Lon: 8.546588, Alt: 30.05m
11:10:56 [POS] Lat: 47.398804, Lon: 8.546588, Alt: 30.05m
11:10:56 [POS] Lat: 47.398804, Lon: 8.546588, Alt: 30.05m
11:10:56 [POS] Lat: 47.398804, Lon: 8.546588, Alt: 30.05m
11:10:56 [POS] Lat: 47.398804, Lon: 8.546588, Alt: 30.05m
11:10:56 [POS] Lat: 47.398804, Lon: 8.546588, Alt: 30.05m
11:10:56 [POS] Lat: 47.398804, Lon: 8.546588, Alt: 30.05m
11:10:56 [POS] Lat: 47.398804, Lon: 8.546588, Alt: 30.05m
11:10:56 [POS] Lat: 47.398804, Lon: 8.546588, Alt: 30.05m
11:10:56 [POS] Lat: 47.398804, Lon: 8.546588, Alt: 30.05m
11:10:56 [POS] Lat: 47.398804, Lon: 8.546588, Alt: 30.05m
11:10:56 [POS] Lat: 47.398804, Lon: 8.546588, Alt: 30.05m
11:10:56 [POS] Lat: 47.398804, Lon: 8.546588, Alt: 30.05m
11:10:56 [POS] Lat: 47.398804, Lon: 8.546588, Alt: 30.05m
11:10:56 [POS] Lat: 47.398804, Lon: 8.546588, Alt: 30.05m
11:10:56 [POS] Lat: 47.398804, Lon: 8.546588, Alt: 30.05m
11:10:56 [POS] Lat: 47.398804, Lon: 8.546588, Alt: 30.05m
11:10:56 [POS] Lat: 47.398804, Lon: 8.546588, Alt: 30.05m
11:10:56 [POS] Lat: 47.398804, Lon: 8.546588, Alt: 30.04m
11:10:56 [POS] Lat: 47.398804, Lon: 8.546588, Alt: 30.04m
11:10:56 [POS] Lat: 47.398803, Lon: 8.546588, Alt: 30.04m
11:10:56 [POS] Lat: 47.398803, Lon: 8.546588, Alt: 30.04m
11:10:56 [POS] Lat: 47.398803, Lon: 8.546588, Alt: 30.04m
11:10:56 [POS] Lat: 47.398803, Lon: 8.546588, Alt: 30.04m
11:10:56 [POS] Lat: 47.398803, Lon: 8.546587, Alt: 30.04m
11:10:56 [POS] Lat: 47.398803, Lon: 8.546587, Alt: 30.04m
11:10:56 [POS] Lat: 47.398803, Lon: 8.546587, Alt: 30.04m
11:10:56 [POS] Lat: 47.398803, Lon: 8.546587, Alt: 30.04m
11:10:56 [POS] Lat: 47.398803, Lon: 8.546587, Alt: 30.04m
11:10:56 [POS] Lat: 47.398803, Lon: 8.546587, Alt: 30.04m
11:10:56 [POS] Lat: 47.398802, Lon: 8.546587, Alt: 30.04m
11:10:56 [POS] Lat: 47.398802, Lon: 8.546587, Alt: 30.04m
11:10:56 [POS] Lat: 47.398802, Lon: 8.546587, Alt: 30.04m
11:10:56 [POS] Lat: 47.398802, Lon: 8.546586, Alt: 30.04m
11:10:56 [POS] Lat: 47.398801, Lon: 8.546586, Alt: 30.04m
11:10:56 [POS] Lat: 47.398801, Lon: 8.546586, Alt: 30.04m
11:10:56 [POS] Lat: 47.398801, Lon: 8.546586, Alt: 30.04m
11:10:56 [POS] Lat: 47.398801, Lon: 8.546586, Alt: 30.04m
11:10:56 [POS] Lat: 47.398801, Lon: 8.546585, Alt: 30.04m
11:10:56 [POS] Lat: 47.398800, Lon: 8.546585, Alt: 30.04m
11:10:56 [POS] Lat: 47.398800, Lon: 8.546585, Alt: 30.04m
11:10:56 [POS] Lat: 47.398800, Lon: 8.546585, Alt: 30.04m
11:10:56 [POS] Lat: 47.398799, Lon: 8.546585, Alt: 30.04m
11:10:56 [POS] Lat: 47.398799, Lon: 8.546584, Alt: 30.04m
11:10:56 [BAT] Percentage: 66, Voltage: 15.30V
11:10:56 [POS] Lat: 47.398799, Lon: 8.546584, Alt: 30.05m
11:10:56 [POS] Lat: 47.398798, Lon: 8.546584, Alt: 30.05m
11:10:56 [POS] Lat: 47.398798, Lon: 8.546584, Alt: 30.05m
11:10:56 [POS] Lat: 47.398798, Lon: 8.546583, Alt: 30.05m
11:10:56 [POS] Lat: 47.398797, Lon: 8.546583, Alt: 30.05m
11:10:56 [POS] Lat: 47.398797, Lon: 8.546583, Alt: 30.06m
11:10:57 [POS] Lat: 47.398796, Lon: 8.546583, Alt: 30.06m
11:10:57 [POS] Lat: 47.398796, Lon: 8.546582, Alt: 30.06m
11:10:57 [POS] Lat: 47.398795, Lon: 8.546582, Alt: 30.06m
11:10:57 [POS] Lat: 47.398795, Lon: 8.546582, Alt: 30.06m
11:10:57 [POS] Lat: 47.398795, Lon: 8.546582, Alt: 30.07m
11:10:57 [POS] Lat: 47.398794, Lon: 8.546581, Alt: 30.07m
11:10:57 [POS] Lat: 47.398794, Lon: 8.546581, Alt: 30.07m
11:10:57 [POS] Lat: 47.398793, Lon: 8.546581, Alt: 30.07m
11:10:57 [POS] Lat: 47.398793, Lon: 8.546580, Alt: 30.07m
11:10:57 [POS] Lat: 47.398792, Lon: 8.546580, Alt: 30.07m
11:10:57 [POS] Lat: 47.398792, Lon: 8.546580, Alt: 30.07m
11:10:57 [POS] Lat: 47.398791, Lon: 8.546580, Alt: 30.07m
11:10:57 [POS] Lat: 47.398790, Lon: 8.546579, Alt: 30.08m
11:10:57 [POS] Lat: 47.398790, Lon: 8.546579, Alt: 30.08m
11:10:57 [POS] Lat: 47.398789, Lon: 8.546579, Alt: 30.08m
11:10:57 [POS] Lat: 47.398789, Lon: 8.546578, Alt: 30.08m
11:10:57 [POS] Lat: 47.398788, Lon: 8.546578, Alt: 30.08m
11:10:57 [POS] Lat: 47.398788, Lon: 8.546578, Alt: 30.08m
11:10:57 [POS] Lat: 47.398787, Lon: 8.546577, Alt: 30.09m
11:10:57 [POS] Lat: 47.398786, Lon: 8.546577, Alt: 30.09m
11:10:57 [POS] Lat: 47.398786, Lon: 8.546577, Alt: 30.09m
11:10:57 [POS] Lat: 47.398785, Lon: 8.546577, Alt: 30.09m
11:10:57 [POS] Lat: 47.398784, Lon: 8.546576, Alt: 30.09m
11:10:57 [POS] Lat: 47.398784, Lon: 8.546576, Alt: 30.09m
11:10:57 [POS] Lat: 47.398783, Lon: 8.546576, Alt: 30.10m
11:10:57 [POS] Lat: 47.398782, Lon: 8.546575, Alt: 30.10m
11:10:57 [POS] Lat: 47.398782, Lon: 8.546575, Alt: 30.10m
11:10:57 [POS] Lat: 47.398781, Lon: 8.546575, Alt: 30.10m
11:10:57 [POS] Lat: 47.398780, Lon: 8.546574, Alt: 30.10m
11:10:57 [POS] Lat: 47.398780, Lon: 8.546574, Alt: 30.10m
11:10:57 [POS] Lat: 47.398779, Lon: 8.546574, Alt: 30.10m
11:10:57 [POS] Lat: 47.398778, Lon: 8.546573, Alt: 30.10m
11:10:57 [POS] Lat: 47.398777, Lon: 8.546573, Alt: 30.10m
11:10:57 [POS] Lat: 47.398777, Lon: 8.546573, Alt: 30.10m
11:10:57 [POS] Lat: 47.398776, Lon: 8.546572, Alt: 30.10m
11:10:57 [POS] Lat: 47.398775, Lon: 8.546572, Alt: 30.10m
11:10:57 [POS] Lat: 47.398774, Lon: 8.546572, Alt: 30.10m
11:10:57 [POS] Lat: 47.398774, Lon: 8.546571, Alt: 30.10m
11:10:57 [POS] Lat: 47.398773, Lon: 8.546571, Alt: 30.10m
11:10:57 [POS] Lat: 47.398772, Lon: 8.546571, Alt: 30.09m
11:10:57 [POS] Lat: 47.398771, Lon: 8.546570, Alt: 30.09m
11:10:57 [POS] Lat: 47.398770, Lon: 8.546570, Alt: 30.09m
11:10:57 [POS] Lat: 47.398770, Lon: 8.546570, Alt: 30.09m
11:10:57 [POS] Lat: 47.398769, Lon: 8.546569, Alt: 30.09m
11:10:57 [POS] Lat: 47.398768, Lon: 8.546569, Alt: 30.09m
11:10:57 [POS] Lat: 47.398767, Lon: 8.546569, Alt: 30.09m
11:10:57 [POS] Lat: 47.398766, Lon: 8.546568, Alt: 30.08m
11:10:57 [POS] Lat: 47.398765, Lon: 8.546568, Alt: 30.08m
11:10:57 [POS] Lat: 47.398764, Lon: 8.546567, Alt: 30.08m
11:10:57 [POS] Lat: 47.398764, Lon: 8.546567, Alt: 30.08m
11:10:58 [POS] Lat: 47.398763, Lon: 8.546567, Alt: 30.08m
11:10:58 [POS] Lat: 47.398762, Lon: 8.546566, Alt: 30.08m
11:10:58 [POS] Lat: 47.398761, Lon: 8.546566, Alt: 30.07m
11:10:58 [POS] Lat: 47.398760, Lon: 8.546566, Alt: 30.07m
11:10:58 [POS] Lat: 47.398759, Lon: 8.546565, Alt: 30.07m
11:10:58 [POS] Lat: 47.398759, Lon: 8.546565, Alt: 30.07m
11:10:58 [POS] Lat: 47.398758, Lon: 8.546564, Alt: 30.07m
11:10:58 [POS] Lat: 47.398757, Lon: 8.546564, Alt: 30.07m
11:10:58 [POS] Lat: 47.398756, Lon: 8.546564, Alt: 30.07m
11:10:58 [POS] Lat: 47.398755, Lon: 8.546563, Alt: 30.07m
11:10:58 [POS] Lat: 47.398754, Lon: 8.546563, Alt: 30.07m
11:10:58 [POS] Lat: 47.398754, Lon: 8.546563, Alt: 30.07m
11:10:58 [POS] Lat: 47.398753, Lon: 8.546562, Alt: 30.06m
11:10:58 [POS] Lat: 47.398752, Lon: 8.546562, Alt: 30.06m
11:10:58 [POS] Lat: 47.398751, Lon: 8.546561, Alt: 30.06m
11:10:58 [POS] Lat: 47.398750, Lon: 8.546561, Alt: 30.06m
11:10:58 [POS] Lat: 47.398749, Lon: 8.546560, Alt: 30.06m
11:10:58 [POS] Lat: 47.398748, Lon: 8.546560, Alt: 30.06m
11:10:58 [POS] Lat: 47.398747, Lon: 8.546559, Alt: 30.06m
11:10:58 [POS] Lat: 47.398747, Lon: 8.546559, Alt: 30.06m
11:10:58 [POS] Lat: 47.398746, Lon: 8.546558, Alt: 30.05m
11:10:58 [POS] Lat: 47.398745, Lon: 8.546558, Alt: 30.05m
11:10:58 [POS] Lat: 47.398744, Lon: 8.546558, Alt: 30.05m
11:10:58 [POS] Lat: 47.398743, Lon: 8.546557, Alt: 30.05m
11:10:58 [POS] Lat: 47.398742, Lon: 8.546557, Alt: 30.05m
11:10:58 [POS] Lat: 47.398742, Lon: 8.546556, Alt: 30.04m
11:10:58 [POS] Lat: 47.398741, Lon: 8.546556, Alt: 30.04m
11:10:58 [POS] Lat: 47.398740, Lon: 8.546555, Alt: 30.04m
11:10:58 [POS] Lat: 47.398739, Lon: 8.546555, Alt: 30.04m
11:10:58 [POS] Lat: 47.398739, Lon: 8.546554, Alt: 30.04m
11:10:58 [POS] Lat: 47.398737, Lon: 8.546554, Alt: 30.04m
11:10:58 [POS] Lat: 47.398737, Lon: 8.546553, Alt: 30.03m
11:10:58 [POS] Lat: 47.398736, Lon: 8.546553, Alt: 30.03m
11:10:58 [POS] Lat: 47.398735, Lon: 8.546553, Alt: 30.03m
11:10:58 [POS] Lat: 47.398734, Lon: 8.546552, Alt: 30.03m
11:10:58 [POS] Lat: 47.398734, Lon: 8.546552, Alt: 30.03m
11:10:58 [POS] Lat: 47.398733, Lon: 8.546551, Alt: 30.03m
11:10:58 [POS] Lat: 47.398732, Lon: 8.546551, Alt: 30.03m
11:10:58 [POS] Lat: 47.398731, Lon: 8.546550, Alt: 30.03m
11:10:58 [POS] Lat: 47.398730, Lon: 8.546550, Alt: 30.03m
11:10:58 [POS] Lat: 47.398729, Lon: 8.546549, Alt: 30.03m
11:10:58 [POS] Lat: 47.398729, Lon: 8.546549, Alt: 30.03m
11:10:58 [POS] Lat: 47.398728, Lon: 8.546549, Alt: 30.03m
11:10:58 [POS] Lat: 47.398727, Lon: 8.546548, Alt: 30.03m
11:10:58 [BAT] Percentage: 66, Voltage: 15.30V
11:10:58 [POS] Lat: 47.398726, Lon: 8.546548, Alt: 30.03m
11:10:58 [POS] Lat: 47.398725, Lon: 8.546547, Alt: 30.03m
11:10:58 [POS] Lat: 47.398725, Lon: 8.546547, Alt: 30.03m
11:10:58 [POS] Lat: 47.398724, Lon: 8.546547, Alt: 30.03m
11:10:58 [POS] Lat: 47.398723, Lon: 8.546546, Alt: 30.03m
11:10:59 [POS] Lat: 47.398722, Lon: 8.546546, Alt: 30.03m
11:10:59 [POS] Lat: 47.398721, Lon: 8.546545, Alt: 30.03m
11:10:59 [POS] Lat: 47.398721, Lon: 8.546545, Alt: 30.03m
11:10:59 [POS] Lat: 47.398720, Lon: 8.546544, Alt: 30.03m
11:10:59 [POS] Lat: 47.398719, Lon: 8.546544, Alt: 30.03m
11:10:59 [POS] Lat: 47.398718, Lon: 8.546544, Alt: 30.03m
11:10:59 [POS] Lat: 47.398717, Lon: 8.546543, Alt: 30.03m
11:10:59 [POS] Lat: 47.398717, Lon: 8.546543, Alt: 30.03m
11:10:59 [POS] Lat: 47.398716, Lon: 8.546542, Alt: 30.03m
11:10:59 [POS] Lat: 47.398715, Lon: 8.546542, Alt: 30.03m
11:10:59 [POS] Lat: 47.398714, Lon: 8.546542, Alt: 30.03m
11:10:59 [POS] Lat: 47.398713, Lon: 8.546541, Alt: 30.04m
11:10:59 [POS] Lat: 47.398713, Lon: 8.546541, Alt: 30.04m
11:10:59 [POS] Lat: 47.398712, Lon: 8.546540, Alt: 30.04m
11:10:59 [POS] Lat: 47.398711, Lon: 8.546540, Alt: 30.04m
11:10:59 [POS] Lat: 47.398710, Lon: 8.546539, Alt: 30.04m
11:10:59 [POS] Lat: 47.398709, Lon: 8.546539, Alt: 30.04m
11:10:59 [POS] Lat: 47.398708, Lon: 8.546539, Alt: 30.03m
11:10:59 [POS] Lat: 47.398708, Lon: 8.546538, Alt: 30.03m
11:10:59 [POS] Lat: 47.398707, Lon: 8.546538, Alt: 30.03m
11:10:59 [POS] Lat: 47.398706, Lon: 8.546537, Alt: 30.03m
11:10:59 [POS] Lat: 47.398705, Lon: 8.546537, Alt: 30.03m
11:10:59 [POS] Lat: 47.398705, Lon: 8.546537, Alt: 30.03m
11:10:59 [POS] Lat: 47.398704, Lon: 8.546536, Alt: 30.03m
11:10:59 [POS] Lat: 47.398703, Lon: 8.546536, Alt: 30.02m
11:10:59 [POS] Lat: 47.398702, Lon: 8.546535, Alt: 30.02m
11:10:59 [POS] Lat: 47.398701, Lon: 8.546535, Alt: 30.02m
11:10:59 [POS] Lat: 47.398700, Lon: 8.546534, Alt: 30.02m
11:10:59 [POS] Lat: 47.398700, Lon: 8.546534, Alt: 30.02m
11:10:59 [POS] Lat: 47.398699, Lon: 8.546533, Alt: 30.02m
11:10:59 [POS] Lat: 47.398698, Lon: 8.546533, Alt: 30.02m
11:10:59 [POS] Lat: 47.398697, Lon: 8.546532, Alt: 30.02m
11:10:59 [POS] Lat: 47.398697, Lon: 8.546532, Alt: 30.01m
11:10:59 [POS] Lat: 47.398696, Lon: 8.546532, Alt: 30.01m
11:10:59 [POS] Lat: 47.398695, Lon: 8.546531, Alt: 30.01m
11:10:59 [POS] Lat: 47.398694, Lon: 8.546531, Alt: 30.01m
11:10:59 [POS] Lat: 47.398693, Lon: 8.546530, Alt: 30.01m
11:10:59 [POS] Lat: 47.398692, Lon: 8.546530, Alt: 30.01m
11:10:59 [POS] Lat: 47.398692, Lon: 8.546530, Alt: 30.01m
11:10:59 [POS] Lat: 47.398691, Lon: 8.546529, Alt: 30.01m
11:10:59 [POS] Lat: 47.398690, Lon: 8.546529, Alt: 30.01m
11:10:59 [POS] Lat: 47.398689, Lon: 8.546528, Alt: 30.01m
11:10:59 [POS] Lat: 47.398688, Lon: 8.546528, Alt: 30.01m
11:10:59 [POS] Lat: 47.398688, Lon: 8.546527, Alt: 30.01m
11:10:59 [POS] Lat: 47.398687, Lon: 8.546527, Alt: 30.01m
11:10:59 [POS] Lat: 47.398686, Lon: 8.546526, Alt: 30.01m
11:10:59 [POS] Lat: 47.398685, Lon: 8.546526, Alt: 30.01m
11:10:59 [POS] Lat: 47.398684, Lon: 8.546526, Alt: 30.01m
11:10:59 [POS] Lat: 47.398684, Lon: 8.546525, Alt: 30.01m
11:10:59 [POS] Lat: 47.398683, Lon: 8.546525, Alt: 30.01m
11:11:00 [POS] Lat: 47.398682, Lon: 8.546525, Alt: 30.01m
11:11:00 [POS] Lat: 47.398681, Lon: 8.546524, Alt: 30.00m
11:11:00 [POS] Lat: 47.398680, Lon: 8.546524, Alt: 30.00m
11:11:00 [POS] Lat: 47.398679, Lon: 8.546523, Alt: 30.00m
11:11:00 [POS] Lat: 47.398679, Lon: 8.546523, Alt: 30.00m
11:11:00 [POS] Lat: 47.398678, Lon: 8.546522, Alt: 30.00m
11:11:00 [POS] Lat: 47.398677, Lon: 8.546522, Alt: 30.00m
11:11:00 [POS] Lat: 47.398676, Lon: 8.546521, Alt: 30.00m
11:11:00 [POS] Lat: 47.398675, Lon: 8.546521, Alt: 30.00m
11:11:00 [POS] Lat: 47.398674, Lon: 8.546521, Alt: 30.00m
11:11:00 [POS] Lat: 47.398674, Lon: 8.546520, Alt: 29.99m
11:11:00 [POS] Lat: 47.398673, Lon: 8.546520, Alt: 29.99m
11:11:00 [POS] Lat: 47.398672, Lon: 8.546519, Alt: 29.99m
11:11:00 [POS] Lat: 47.398671, Lon: 8.546519, Alt: 29.99m
11:11:00 [POS] Lat: 47.398670, Lon: 8.546519, Alt: 29.99m
11:11:00 [POS] Lat: 47.398669, Lon: 8.546518, Alt: 29.99m
11:11:00 [POS] Lat: 47.398669, Lon: 8.546518, Alt: 29.99m
11:11:00 [POS] Lat: 47.398668, Lon: 8.546517, Alt: 29.99m
11:11:00 [POS] Lat: 47.398667, Lon: 8.546517, Alt: 29.99m
11:11:00 [POS] Lat: 47.398666, Lon: 8.546516, Alt: 29.99m
11:11:00 [POS] Lat: 47.398665, Lon: 8.546516, Alt: 29.99m
11:11:00 [POS] Lat: 47.398664, Lon: 8.546516, Alt: 29.99m
11:11:00 [POS] Lat: 47.398664, Lon: 8.546515, Alt: 29.99m
11:11:00 [POS] Lat: 47.398663, Lon: 8.546515, Alt: 29.99m
11:11:00 [POS] Lat: 47.398662, Lon: 8.546514, Alt: 29.99m
11:11:00 [POS] Lat: 47.398661, Lon: 8.546514, Alt: 29.99m
11:11:00 [POS] Lat: 47.398660, Lon: 8.546513, Alt: 29.99m
11:11:00 [POS] Lat: 47.398659, Lon: 8.546513, Alt: 29.99m
11:11:00 [POS] Lat: 47.398659, Lon: 8.546513, Alt: 30.00m
11:11:00 [POS] Lat: 47.398658, Lon: 8.546512, Alt: 30.00m
11:11:00 [POS] Lat: 47.398657, Lon: 8.546512, Alt: 30.00m
11:11:00 [POS] Lat: 47.398656, Lon: 8.546511, Alt: 30.00m
11:11:00 [POS] Lat: 47.398655, Lon: 8.546511, Alt: 30.00m
11:11:00 [POS] Lat: 47.398654, Lon: 8.546510, Alt: 30.00m
11:11:00 [POS] Lat: 47.398654, Lon: 8.546510, Alt: 30.00m
11:11:00 [POS] Lat: 47.398653, Lon: 8.546510, Alt: 30.00m
11:11:00 [POS] Lat: 47.398652, Lon: 8.546509, Alt: 30.00m
11:11:00 [POS] Lat: 47.398651, Lon: 8.546509, Alt: 30.00m
11:11:00 [POS] Lat: 47.398650, Lon: 8.546508, Alt: 30.01m
11:11:00 [POS] Lat: 47.398649, Lon: 8.546508, Alt: 30.01m
11:11:00 [POS] Lat: 47.398649, Lon: 8.546507, Alt: 30.01m
11:11:00 [POS] Lat: 47.398648, Lon: 8.546507, Alt: 30.01m
11:11:00 [POS] Lat: 47.398647, Lon: 8.546507, Alt: 30.01m
11:11:00 [POS] Lat: 47.398646, Lon: 8.546506, Alt: 30.01m
11:11:00 [POS] Lat: 47.398645, Lon: 8.546506, Alt: 30.01m
11:11:00 [BAT] Percentage: 66, Voltage: 15.30V
11:11:00 [POS] Lat: 47.398644, Lon: 8.546505, Alt: 30.01m
11:11:00 [POS] Lat: 47.398644, Lon: 8.546505, Alt: 30.01m
11:11:00 [POS] Lat: 47.398643, Lon: 8.546504, Alt: 30.01m
11:11:00 [POS] Lat: 47.398642, Lon: 8.546504, Alt: 30.01m
11:11:01 [POS] Lat: 47.398641, Lon: 8.546503, Alt: 30.01m
11:11:01 [POS] Lat: 47.398640, Lon: 8.546503, Alt: 30.01m
11:11:01 [POS] Lat: 47.398639, Lon: 8.546502, Alt: 30.02m
11:11:01 [POS] Lat: 47.398639, Lon: 8.546502, Alt: 30.02m
11:11:01 [POS] Lat: 47.398638, Lon: 8.546501, Alt: 30.02m
11:11:01 [POS] Lat: 47.398637, Lon: 8.546501, Alt: 30.02m
11:11:01 [POS] Lat: 47.398636, Lon: 8.546501, Alt: 30.02m
11:11:01 [POS] Lat: 47.398635, Lon: 8.546500, Alt: 30.02m
11:11:01 [POS] Lat: 47.398634, Lon: 8.546500, Alt: 30.02m
11:11:01 [POS] Lat: 47.398634, Lon: 8.546499, Alt: 30.02m
11:11:01 [POS] Lat: 47.398633, Lon: 8.546499, Alt: 30.02m
11:11:01 [POS] Lat: 47.398632, Lon: 8.546499, Alt: 30.02m
11:11:01 [POS] Lat: 47.398631, Lon: 8.546498, Alt: 30.02m
11:11:01 [POS] Lat: 47.398630, Lon: 8.546498, Alt: 30.02m
11:11:01 [POS] Lat: 47.398629, Lon: 8.546497, Alt: 30.02m
11:11:01 [POS] Lat: 47.398629, Lon: 8.546497, Alt: 30.03m
11:11:01 [POS] Lat: 47.398627, Lon: 8.546496, Alt: 30.03m
11:11:01 [POS] Lat: 47.398627, Lon: 8.546496, Alt: 30.03m
11:11:01 [POS] Lat: 47.398626, Lon: 8.546495, Alt: 30.03m
11:11:01 [POS] Lat: 47.398625, Lon: 8.546495, Alt: 30.03m
11:11:01 [POS] Lat: 47.398624, Lon: 8.546495, Alt: 30.03m
11:11:01 [POS] Lat: 47.398623, Lon: 8.546494, Alt: 30.03m
11:11:01 [POS] Lat: 47.398622, Lon: 8.546494, Alt: 30.03m
11:11:01 [POS] Lat: 47.398622, Lon: 8.546493, Alt: 30.03m
11:11:01 [POS] Lat: 47.398621, Lon: 8.546493, Alt: 30.03m
11:11:01 [POS] Lat: 47.398620, Lon: 8.546492, Alt: 30.03m
11:11:01 [POS] Lat: 47.398619, Lon: 8.546492, Alt: 30.03m
11:11:01 [POS] Lat: 47.398618, Lon: 8.546492, Alt: 30.03m
11:11:01 [POS] Lat: 47.398617, Lon: 8.546491, Alt: 30.04m
11:11:01 [POS] Lat: 47.398617, Lon: 8.546491, Alt: 30.04m
11:11:01 [POS] Lat: 47.398616, Lon: 8.546490, Alt: 30.04m
11:11:01 [POS] Lat: 47.398615, Lon: 8.546490, Alt: 30.04m
11:11:01 [POS] Lat: 47.398614, Lon: 8.546489, Alt: 30.04m
11:11:01 [POS] Lat: 47.398613, Lon: 8.546489, Alt: 30.04m
11:11:01 [POS] Lat: 47.398612, Lon: 8.546488, Alt: 30.05m
11:11:01 [POS] Lat: 47.398612, Lon: 8.546488, Alt: 30.05m
11:11:01 [POS] Lat: 47.398611, Lon: 8.546487, Alt: 30.05m
11:11:01 [POS] Lat: 47.398610, Lon: 8.546487, Alt: 30.05m
11:11:01 [POS] Lat: 47.398609, Lon: 8.546487, Alt: 30.05m
11:11:01 [POS] Lat: 47.398608, Lon: 8.546486, Alt: 30.05m
11:11:01 [POS] Lat: 47.398607, Lon: 8.546486, Alt: 30.05m
11:11:01 [POS] Lat: 47.398606, Lon: 8.546485, Alt: 30.05m
11:11:01 [POS] Lat: 47.398605, Lon: 8.546485, Alt: 30.05m
11:11:01 [POS] Lat: 47.398605, Lon: 8.546485, Alt: 30.05m
11:11:01 [POS] Lat: 47.398604, Lon: 8.546484, Alt: 30.06m
11:11:01 [POS] Lat: 47.398603, Lon: 8.546484, Alt: 30.06m
11:11:01 [POS] Lat: 47.398602, Lon: 8.546483, Alt: 30.06m
11:11:01 [POS] Lat: 47.398601, Lon: 8.546483, Alt: 30.06m
11:11:01 [POS] Lat: 47.398600, Lon: 8.546482, Alt: 30.06m
11:11:01 [POS] Lat: 47.398600, Lon: 8.546482, Alt: 30.06m
11:11:02 [POS] Lat: 47.398598, Lon: 8.546481, Alt: 30.06m
11:11:02 [POS] Lat: 47.398598, Lon: 8.546481, Alt: 30.06m
11:11:02 [POS] Lat: 47.398597, Lon: 8.546480, Alt: 30.07m
11:11:02 [POS] Lat: 47.398596, Lon: 8.546480, Alt: 30.07m
11:11:02 [POS] Lat: 47.398595, Lon: 8.546480, Alt: 30.07m
11:11:02 [POS] Lat: 47.398594, Lon: 8.546479, Alt: 30.07m
11:11:02 [POS] Lat: 47.398593, Lon: 8.546479, Alt: 30.07m
11:11:02 [POS] Lat: 47.398593, Lon: 8.546478, Alt: 30.07m
11:11:02 [POS] Lat: 47.398592, Lon: 8.546478, Alt: 30.08m
11:11:02 [POS] Lat: 47.398591, Lon: 8.546478, Alt: 30.07m
11:11:02 [POS] Lat: 47.398590, Lon: 8.546477, Alt: 30.07m
11:11:02 [POS] Lat: 47.398589, Lon: 8.546477, Alt: 30.07m
11:11:02 [POS] Lat: 47.398588, Lon: 8.546476, Alt: 30.07m
11:11:02 [POS] Lat: 47.398588, Lon: 8.546476, Alt: 30.07m
11:11:02 [POS] Lat: 47.398587, Lon: 8.546475, Alt: 30.07m
11:11:02 [POS] Lat: 47.398586, Lon: 8.546475, Alt: 30.07m
11:11:02 [POS] Lat: 47.398585, Lon: 8.546475, Alt: 30.07m
11:11:02 [POS] Lat: 47.398584, Lon: 8.546474, Alt: 30.07m
11:11:02 [POS] Lat: 47.398583, Lon: 8.546474, Alt: 30.07m
11:11:02 [POS] Lat: 47.398582, Lon: 8.546473, Alt: 30.07m
11:11:02 [POS] Lat: 47.398581, Lon: 8.546473, Alt: 30.07m
11:11:02 [POS] Lat: 47.398581, Lon: 8.546473, Alt: 30.07m
11:11:02 [POS] Lat: 47.398580, Lon: 8.546472, Alt: 30.07m
11:11:02 [POS] Lat: 47.398579, Lon: 8.546472, Alt: 30.07m
11:11:02 [POS] Lat: 47.398578, Lon: 8.546471, Alt: 30.06m
11:11:02 [POS] Lat: 47.398577, Lon: 8.546471, Alt: 30.06m
11:11:02 [POS] Lat: 47.398576, Lon: 8.546470, Alt: 30.06m
11:11:02 [POS] Lat: 47.398576, Lon: 8.546470, Alt: 30.06m
11:11:02 [POS] Lat: 47.398575, Lon: 8.546470, Alt: 30.07m
11:11:02 [POS] Lat: 47.398574, Lon: 8.546469, Alt: 30.07m
11:11:02 [POS] Lat: 47.398573, Lon: 8.546469, Alt: 30.07m
11:11:02 [POS] Lat: 47.398572, Lon: 8.546468, Alt: 30.07m
11:11:02 [POS] Lat: 47.398571, Lon: 8.546468, Alt: 30.07m
11:11:02 [POS] Lat: 47.398571, Lon: 8.546468, Alt: 30.07m
11:11:02 [POS] Lat: 47.398570, Lon: 8.546467, Alt: 30.07m
11:11:02 [POS] Lat: 47.398569, Lon: 8.546467, Alt: 30.07m
11:11:02 [POS] Lat: 47.398568, Lon: 8.546466, Alt: 30.07m
11:11:02 [POS] Lat: 47.398567, Lon: 8.546466, Alt: 30.07m
11:11:02 [POS] Lat: 47.398566, Lon: 8.546465, Alt: 30.07m
11:11:02 [POS] Lat: 47.398566, Lon: 8.546465, Alt: 30.07m
11:11:02 [POS] Lat: 47.398565, Lon: 8.546465, Alt: 30.07m
11:11:02 [POS] Lat: 47.398564, Lon: 8.546464, Alt: 30.07m
11:11:02 [POS] Lat: 47.398563, Lon: 8.546464, Alt: 30.07m
11:11:02 [POS] Lat: 47.398562, Lon: 8.546463, Alt: 30.07m
11:11:02 [POS] Lat: 47.398561, Lon: 8.546463, Alt: 30.07m
11:11:02 [POS] Lat: 47.398560, Lon: 8.546463, Alt: 30.07m
11:11:02 [BAT] Percentage: 66, Voltage: 15.30V
11:11:02 [POS] Lat: 47.398559, Lon: 8.546462, Alt: 30.07m
11:11:02 [POS] Lat: 47.398559, Lon: 8.546462, Alt: 30.07m
11:11:02 [POS] Lat: 47.398558, Lon: 8.546461, Alt: 30.07m
11:11:03 [POS] Lat: 47.398557, Lon: 8.546461, Alt: 30.07m
11:11:03 [POS] Lat: 47.398556, Lon: 8.546460, Alt: 30.07m
11:11:03 [POS] Lat: 47.398555, Lon: 8.546460, Alt: 30.07m
11:11:03 [POS] Lat: 47.398554, Lon: 8.546459, Alt: 30.07m
11:11:03 [POS] Lat: 47.398554, Lon: 8.546459, Alt: 30.07m
11:11:03 [POS] Lat: 47.398553, Lon: 8.546459, Alt: 30.07m
11:11:03 [POS] Lat: 47.398552, Lon: 8.546458, Alt: 30.07m
11:11:03 [POS] Lat: 47.398551, Lon: 8.546458, Alt: 30.07m
11:11:03 [POS] Lat: 47.398550, Lon: 8.546457, Alt: 30.07m
11:11:03 [POS] Lat: 47.398549, Lon: 8.546457, Alt: 30.06m
11:11:03 [POS] Lat: 47.398549, Lon: 8.546457, Alt: 30.06m
11:11:03 [POS] Lat: 47.398548, Lon: 8.546456, Alt: 30.06m
11:11:03 [POS] Lat: 47.398547, Lon: 8.546456, Alt: 30.06m
11:11:03 [POS] Lat: 47.398546, Lon: 8.546455, Alt: 30.06m
11:11:03 [POS] Lat: 47.398545, Lon: 8.546455, Alt: 30.06m
11:11:03 [POS] Lat: 47.398544, Lon: 8.546454, Alt: 30.06m
11:11:03 [POS] Lat: 47.398543, Lon: 8.546454, Alt: 30.06m
11:11:03 [POS] Lat: 47.398542, Lon: 8.546454, Alt: 30.06m
11:11:03 [POS] Lat: 47.398542, Lon: 8.546453, Alt: 30.06m
11:11:03 [POS] Lat: 47.398541, Lon: 8.546453, Alt: 30.06m
11:11:03 [POS] Lat: 47.398540, Lon: 8.546452, Alt: 30.06m
11:11:03 [POS] Lat: 47.398539, Lon: 8.546452, Alt: 30.06m
11:11:03 [POS] Lat: 47.398538, Lon: 8.546451, Alt: 30.07m
11:11:03 [POS] Lat: 47.398537, Lon: 8.546451, Alt: 30.07m
11:11:03 [POS] Lat: 47.398536, Lon: 8.546451, Alt: 30.07m
11:11:03 [POS] Lat: 47.398535, Lon: 8.546450, Alt: 30.07m
11:11:03 [POS] Lat: 47.398535, Lon: 8.546450, Alt: 30.07m
11:11:03 [POS] Lat: 47.398534, Lon: 8.546449, Alt: 30.07m
11:11:03 [POS] Lat: 47.398533, Lon: 8.546449, Alt: 30.07m
11:11:03 [POS] Lat: 47.398532, Lon: 8.546448, Alt: 30.07m
11:11:03 [POS] Lat: 47.398531, Lon: 8.546448, Alt: 30.07m
11:11:03 [POS] Lat: 47.398530, Lon: 8.546448, Alt: 30.07m
11:11:03 [POS] Lat: 47.398529, Lon: 8.546447, Alt: 30.07m
11:11:03 [POS] Lat: 47.398528, Lon: 8.546447, Alt: 30.07m
11:11:03 [POS] Lat: 47.398528, Lon: 8.546447, Alt: 30.07m
11:11:03 [POS] Lat: 47.398527, Lon: 8.546446, Alt: 30.07m
11:11:03 [POS] Lat: 47.398526, Lon: 8.546446, Alt: 30.08m
11:11:03 [POS] Lat: 47.398525, Lon: 8.546445, Alt: 30.08m
11:11:03 [POS] Lat: 47.398524, Lon: 8.546445, Alt: 30.08m
11:11:03 [POS] Lat: 47.398523, Lon: 8.546444, Alt: 30.08m
11:11:03 [POS] Lat: 47.398523, Lon: 8.546444, Alt: 30.08m
11:11:03 [POS] Lat: 47.398522, Lon: 8.546444, Alt: 30.08m
11:11:03 [POS] Lat: 47.398521, Lon: 8.546443, Alt: 30.07m
11:11:03 [POS] Lat: 47.398520, Lon: 8.546443, Alt: 30.07m
11:11:03 [POS] Lat: 47.398519, Lon: 8.546442, Alt: 30.07m
11:11:03 [POS] Lat: 47.398518, Lon: 8.546442, Alt: 30.07m
11:11:03 [POS] Lat: 47.398517, Lon: 8.546442, Alt: 30.07m
11:11:03 [POS] Lat: 47.398516, Lon: 8.546441, Alt: 30.07m
11:11:03 [POS] Lat: 47.398516, Lon: 8.546441, Alt: 30.07m
11:11:03 [POS] Lat: 47.398515, Lon: 8.546440, Alt: 30.07m
11:11:04 [POS] Lat: 47.398514, Lon: 8.546440, Alt: 30.07m
11:11:04 [POS] Lat: 47.398513, Lon: 8.546439, Alt: 30.07m
11:11:04 [POS] Lat: 47.398512, Lon: 8.546439, Alt: 30.07m
11:11:04 [POS] Lat: 47.398511, Lon: 8.546438, Alt: 30.06m
11:11:04 [POS] Lat: 47.398511, Lon: 8.546438, Alt: 30.06m
11:11:04 [POS] Lat: 47.398510, Lon: 8.546438, Alt: 30.06m
11:11:04 [POS] Lat: 47.398509, Lon: 8.546437, Alt: 30.06m
11:11:04 [POS] Lat: 47.398508, Lon: 8.546437, Alt: 30.06m
11:11:04 [POS] Lat: 47.398507, Lon: 8.546437, Alt: 30.06m
11:11:04 [POS] Lat: 47.398506, Lon: 8.546436, Alt: 30.06m
11:11:04 [POS] Lat: 47.398505, Lon: 8.546436, Alt: 30.07m
11:11:04 [POS] Lat: 47.398505, Lon: 8.546435, Alt: 30.07m
11:11:04 [POS] Lat: 47.398504, Lon: 8.546435, Alt: 30.07m
11:11:04 [POS] Lat: 47.398503, Lon: 8.546434, Alt: 30.07m
11:11:04 [POS] Lat: 47.398502, Lon: 8.546434, Alt: 30.07m
11:11:04 [POS] Lat: 47.398501, Lon: 8.546433, Alt: 30.07m
11:11:04 [POS] Lat: 47.398500, Lon: 8.546433, Alt: 30.07m
11:11:04 [POS] Lat: 47.398499, Lon: 8.546432, Alt: 30.07m
11:11:04 [POS] Lat: 47.398499, Lon: 8.546432, Alt: 30.07m
11:11:04 [POS] Lat: 47.398498, Lon: 8.546432, Alt: 30.08m
11:11:04 [POS] Lat: 47.398497, Lon: 8.546431, Alt: 30.08m
11:11:04 [POS] Lat: 47.398496, Lon: 8.546431, Alt: 30.08m
11:11:04 [POS] Lat: 47.398495, Lon: 8.546430, Alt: 30.08m
11:11:04 [POS] Lat: 47.398494, Lon: 8.546430, Alt: 30.08m
11:11:04 [POS] Lat: 47.398494, Lon: 8.546430, Alt: 30.08m
11:11:04 [POS] Lat: 47.398493, Lon: 8.546429, Alt: 30.08m
11:11:04 [POS] Lat: 47.398492, Lon: 8.546429, Alt: 30.08m
11:11:04 [POS] Lat: 47.398491, Lon: 8.546428, Alt: 30.08m
11:11:04 [POS] Lat: 47.398490, Lon: 8.546428, Alt: 30.08m
11:11:04 [POS] Lat: 47.398489, Lon: 8.546427, Alt: 30.08m
11:11:04 [POS] Lat: 47.398488, Lon: 8.546427, Alt: 30.08m
11:11:04 [POS] Lat: 47.398487, Lon: 8.546426, Alt: 30.08m
11:11:04 [POS] Lat: 47.398487, Lon: 8.546426, Alt: 30.08m
11:11:04 [POS] Lat: 47.398486, Lon: 8.546425, Alt: 30.08m
11:11:04 [POS] Lat: 47.398485, Lon: 8.546425, Alt: 30.08m
11:11:04 [POS] Lat: 47.398484, Lon: 8.546425, Alt: 30.08m
11:11:04 [POS] Lat: 47.398483, Lon: 8.546424, Alt: 30.07m
11:11:04 [POS] Lat: 47.398482, Lon: 8.546424, Alt: 30.07m
11:11:04 [POS] Lat: 47.398482, Lon: 8.546423, Alt: 30.07m
11:11:04 [POS] Lat: 47.398481, Lon: 8.546423, Alt: 30.07m
11:11:04 [POS] Lat: 47.398480, Lon: 8.546423, Alt: 30.07m
11:11:04 [POS] Lat: 47.398479, Lon: 8.546422, Alt: 30.07m
11:11:04 [POS] Lat: 47.398478, Lon: 8.546422, Alt: 30.07m
11:11:04 [POS] Lat: 47.398477, Lon: 8.546421, Alt: 30.07m
11:11:04 [POS] Lat: 47.398477, Lon: 8.546421, Alt: 30.06m
11:11:04 [POS] Lat: 47.398476, Lon: 8.546420, Alt: 30.06m
11:11:04 [POS] Lat: 47.398475, Lon: 8.546420, Alt: 30.06m
11:11:04 [BAT] Percentage: 66, Voltage: 15.30V
11:11:04 [POS] Lat: 47.398474, Lon: 8.546419, Alt: 30.06m
11:11:04 [POS] Lat: 47.398473, Lon: 8.546419, Alt: 30.06m
11:11:05 [POS] Lat: 47.398472, Lon: 8.546418, Alt: 30.06m
11:11:05 [POS] Lat: 47.398472, Lon: 8.546418, Alt: 30.06m
11:11:05 [POS] Lat: 47.398471, Lon: 8.546418, Alt: 30.06m
11:11:05 [POS] Lat: 47.398470, Lon: 8.546417, Alt: 30.06m
11:11:05 [POS] Lat: 47.398469, Lon: 8.546417, Alt: 30.06m
11:11:05 [POS] Lat: 47.398468, Lon: 8.546416, Alt: 30.06m
11:11:05 [POS] Lat: 47.398467, Lon: 8.546416, Alt: 30.06m
11:11:05 [POS] Lat: 47.398467, Lon: 8.546416, Alt: 30.06m
11:11:05 [POS] Lat: 47.398466, Lon: 8.546415, Alt: 30.06m
11:11:05 [POS] Lat: 47.398465, Lon: 8.546415, Alt: 30.06m
11:11:05 [POS] Lat: 47.398464, Lon: 8.546414, Alt: 30.06m
11:11:05 [POS] Lat: 47.398463, Lon: 8.546414, Alt: 30.06m
11:11:05 [POS] Lat: 47.398462, Lon: 8.546413, Alt: 30.06m
11:11:05 [POS] Lat: 47.398461, Lon: 8.546413, Alt: 30.06m
11:11:05 [POS] Lat: 47.398460, Lon: 8.546412, Alt: 30.06m
11:11:05 [POS] Lat: 47.398460, Lon: 8.546412, Alt: 30.06m
11:11:05 [POS] Lat: 47.398459, Lon: 8.546412, Alt: 30.06m
11:11:05 [POS] Lat: 47.398458, Lon: 8.546411, Alt: 30.06m
11:11:05 [POS] Lat: 47.398457, Lon: 8.546411, Alt: 30.05m
11:11:05 [POS] Lat: 47.398456, Lon: 8.546410, Alt: 30.05m
11:11:05 [POS] Lat: 47.398455, Lon: 8.546410, Alt: 30.05m
11:11:05 [POS] Lat: 47.398455, Lon: 8.546410, Alt: 30.05m
11:11:05 [POS] Lat: 47.398454, Lon: 8.546409, Alt: 30.05m
11:11:05 [POS] Lat: 47.398453, Lon: 8.546409, Alt: 30.05m
11:11:05 [POS] Lat: 47.398452, Lon: 8.546408, Alt: 30.05m
11:11:05 [POS] Lat: 47.398451, Lon: 8.546408, Alt: 30.05m
11:11:05 [POS] Lat: 47.398450, Lon: 8.546407, Alt: 30.05m
11:11:05 [POS] Lat: 47.398449, Lon: 8.546407, Alt: 30.05m
11:11:05 [POS] Lat: 47.398448, Lon: 8.546406, Alt: 30.05m
11:11:05 [POS] Lat: 47.398448, Lon: 8.546406, Alt: 30.05m
11:11:05 [POS] Lat: 47.398447, Lon: 8.546406, Alt: 30.05m
11:11:05 [POS] Lat: 47.398446, Lon: 8.546405, Alt: 30.05m
11:11:05 [POS] Lat: 47.398445, Lon: 8.546405, Alt: 30.05m
11:11:05 [POS] Lat: 47.398444, Lon: 8.546404, Alt: 30.05m
11:11:05 [POS] Lat: 47.398443, Lon: 8.546404, Alt: 30.05m
11:11:05 [POS] Lat: 47.398442, Lon: 8.546404, Alt: 30.06m
11:11:05 [POS] Lat: 47.398441, Lon: 8.546403, Alt: 30.06m
11:11:05 [POS] Lat: 47.398441, Lon: 8.546403, Alt: 30.06m
11:11:05 [POS] Lat: 47.398440, Lon: 8.546402, Alt: 30.06m
11:11:05 [POS] Lat: 47.398439, Lon: 8.546402, Alt: 30.06m
11:11:05 [POS] Lat: 47.398438, Lon: 8.546401, Alt: 30.06m
11:11:05 [POS] Lat: 47.398437, Lon: 8.546401, Alt: 30.06m
11:11:05 [POS] Lat: 47.398436, Lon: 8.546401, Alt: 30.06m
11:11:05 [POS] Lat: 47.398436, Lon: 8.546400, Alt: 30.06m
11:11:05 [POS] Lat: 47.398435, Lon: 8.546400, Alt: 30.06m
11:11:05 [POS] Lat: 47.398434, Lon: 8.546399, Alt: 30.06m
11:11:05 [POS] Lat: 47.398433, Lon: 8.546399, Alt: 30.06m
11:11:05 [POS] Lat: 47.398432, Lon: 8.546399, Alt: 30.06m
11:11:05 [POS] Lat: 47.398431, Lon: 8.546398, Alt: 30.06m
11:11:05 [POS] Lat: 47.398430, Lon: 8.546398, Alt: 30.06m
11:11:06 [POS] Lat: 47.398429, Lon: 8.546397, Alt: 30.07m
11:11:06 [POS] Lat: 47.398429, Lon: 8.546397, Alt: 30.07m
11:11:06 [POS] Lat: 47.398428, Lon: 8.546396, Alt: 30.07m
11:11:06 [POS] Lat: 47.398427, Lon: 8.546396, Alt: 30.07m
11:11:06 [POS] Lat: 47.398426, Lon: 8.546395, Alt: 30.07m
11:11:06 [POS] Lat: 47.398425, Lon: 8.546395, Alt: 30.07m
11:11:06 [POS] Lat: 47.398424, Lon: 8.546395, Alt: 30.07m
11:11:06 [POS] Lat: 47.398424, Lon: 8.546394, Alt: 30.07m
11:11:06 [POS] Lat: 47.398423, Lon: 8.546394, Alt: 30.07m
11:11:06 [POS] Lat: 47.398422, Lon: 8.546393, Alt: 30.07m
11:11:06 [POS] Lat: 47.398421, Lon: 8.546393, Alt: 30.07m
11:11:06 [POS] Lat: 47.398420, Lon: 8.546392, Alt: 30.07m
11:11:06 [POS] Lat: 47.398419, Lon: 8.546392, Alt: 30.07m
11:11:06 [POS] Lat: 47.398418, Lon: 8.546392, Alt: 30.07m
11:11:06 [POS] Lat: 47.398418, Lon: 8.546391, Alt: 30.07m
11:11:06 [POS] Lat: 47.398417, Lon: 8.546391, Alt: 30.07m
11:11:06 [POS] Lat: 47.398416, Lon: 8.546390, Alt: 30.07m
11:11:06 [POS] Lat: 47.398415, Lon: 8.546390, Alt: 30.07m
11:11:06 [POS] Lat: 47.398414, Lon: 8.546389, Alt: 30.07m
11:11:06 [POS] Lat: 47.398413, Lon: 8.546389, Alt: 30.07m
11:11:06 [POS] Lat: 47.398412, Lon: 8.546388, Alt: 30.07m
11:11:06 [POS] Lat: 47.398412, Lon: 8.546388, Alt: 30.07m
11:11:06 [POS] Lat: 47.398411, Lon: 8.546387, Alt: 30.07m
11:11:06 [POS] Lat: 47.398410, Lon: 8.546387, Alt: 30.07m
11:11:06 [POS] Lat: 47.398409, Lon: 8.546387, Alt: 30.07m
11:11:06 [POS] Lat: 47.398408, Lon: 8.546386, Alt: 30.07m
11:11:06 [POS] Lat: 47.398407, Lon: 8.546386, Alt: 30.07m
11:11:06 [POS] Lat: 47.398407, Lon: 8.546385, Alt: 30.07m
11:11:06 [POS] Lat: 47.398405, Lon: 8.546385, Alt: 30.07m
11:11:06 [POS] Lat: 47.398405, Lon: 8.546385, Alt: 30.07m
11:11:06 [POS] Lat: 47.398404, Lon: 8.546384, Alt: 30.07m
11:11:06 [POS] Lat: 47.398403, Lon: 8.546384, Alt: 30.07m
11:11:06 [POS] Lat: 47.398402, Lon: 8.546383, Alt: 30.07m
11:11:06 [POS] Lat: 47.398401, Lon: 8.546383, Alt: 30.07m
11:11:06 [POS] Lat: 47.398400, Lon: 8.546382, Alt: 30.07m
11:11:06 [POS] Lat: 47.398400, Lon: 8.546382, Alt: 30.07m
11:11:06 [POS] Lat: 47.398399, Lon: 8.546382, Alt: 30.06m
11:11:06 [POS] Lat: 47.398398, Lon: 8.546381, Alt: 30.06m
11:11:06 [POS] Lat: 47.398397, Lon: 8.546381, Alt: 30.06m
11:11:06 [POS] Lat: 47.398396, Lon: 8.546380, Alt: 30.06m
11:11:06 [POS] Lat: 47.398395, Lon: 8.546380, Alt: 30.06m
11:11:06 [POS] Lat: 47.398394, Lon: 8.546380, Alt: 30.06m
11:11:06 [POS] Lat: 47.398393, Lon: 8.546379, Alt: 30.06m
11:11:06 [POS] Lat: 47.398393, Lon: 8.546379, Alt: 30.06m
11:11:06 [POS] Lat: 47.398392, Lon: 8.546378, Alt: 30.06m
11:11:06 [POS] Lat: 47.398391, Lon: 8.546378, Alt: 30.06m
11:11:06 [POS] Lat: 47.398390, Lon: 8.546378, Alt: 30.06m
11:11:06 [POS] Lat: 47.398390, Lon: 8.546377, Alt: 30.06m
11:11:06 [BAT] Percentage: 66, Voltage: 15.30V
11:11:06 [POS] Lat: 47.398388, Lon: 8.546377, Alt: 30.06m
11:11:07 [POS] Lat: 47.398388, Lon: 8.546376, Alt: 30.06m
11:11:07 [POS] Lat: 47.398387, Lon: 8.546376, Alt: 30.06m
11:11:07 [POS] Lat: 47.398386, Lon: 8.546376, Alt: 30.06m
11:11:07 [POS] Lat: 47.398385, Lon: 8.546375, Alt: 30.06m
11:11:07 [POS] Lat: 47.398384, Lon: 8.546375, Alt: 30.06m
11:11:07 [POS] Lat: 47.398383, Lon: 8.546374, Alt: 30.06m
11:11:07 [POS] Lat: 47.398383, Lon: 8.546374, Alt: 30.06m
11:11:07 [POS] Lat: 47.398382, Lon: 8.546374, Alt: 30.06m
11:11:07 [POS] Lat: 47.398381, Lon: 8.546373, Alt: 30.06m
11:11:07 [POS] Lat: 47.398380, Lon: 8.546373, Alt: 30.06m
11:11:07 [POS] Lat: 47.398379, Lon: 8.546373, Alt: 30.06m
11:11:07 [POS] Lat: 47.398378, Lon: 8.546372, Alt: 30.06m
11:11:07 [POS] Lat: 47.398378, Lon: 8.546372, Alt: 30.06m
11:11:07 [POS] Lat: 47.398377, Lon: 8.546371, Alt: 30.07m
11:11:07 [POS] Lat: 47.398376, Lon: 8.546371, Alt: 30.07m
11:11:07 [POS] Lat: 47.398375, Lon: 8.546370, Alt: 30.07m
11:11:07 [POS] Lat: 47.398374, Lon: 8.546370, Alt: 30.07m
11:11:07 [POS] Lat: 47.398373, Lon: 8.546369, Alt: 30.07m
11:11:07 [POS] Lat: 47.398373, Lon: 8.546369, Alt: 30.07m
11:11:07 [POS] Lat: 47.398372, Lon: 8.546369, Alt: 30.07m
11:11:07 [POS] Lat: 47.398371, Lon: 8.546368, Alt: 30.07m
11:11:07 [POS] Lat: 47.398370, Lon: 8.546368, Alt: 30.07m
11:11:07 [POS] Lat: 47.398370, Lon: 8.546368, Alt: 30.07m
11:11:07 [POS] Lat: 47.398368, Lon: 8.546367, Alt: 30.07m
11:11:07 [POS] Lat: 47.398368, Lon: 8.546367, Alt: 30.07m
11:11:07 [POS] Lat: 47.398367, Lon: 8.546366, Alt: 30.06m
11:11:07 [POS] Lat: 47.398366, Lon: 8.546366, Alt: 30.06m
11:11:07 [POS] Lat: 47.398365, Lon: 8.546365, Alt: 30.06m
11:11:07 [POS] Lat: 47.398364, Lon: 8.546365, Alt: 30.06m
11:11:07 [POS] Lat: 47.398363, Lon: 8.546364, Alt: 30.06m
11:11:07 [POS] Lat: 47.398363, Lon: 8.546364, Alt: 30.06m
11:11:07 [POS] Lat: 47.398362, Lon: 8.546364, Alt: 30.05m
11:11:07 [POS] Lat: 47.398361, Lon: 8.546363, Alt: 30.05m
11:11:07 [POS] Lat: 47.398360, Lon: 8.546363, Alt: 30.05m
11:11:07 [POS] Lat: 47.398359, Lon: 8.546362, Alt: 30.05m
11:11:07 [POS] Lat: 47.398359, Lon: 8.546362, Alt: 30.05m
11:11:07 [POS] Lat: 47.398358, Lon: 8.546361, Alt: 30.05m
11:11:07 [POS] Lat: 47.398357, Lon: 8.546361, Alt: 30.05m
11:11:07 [POS] Lat: 47.398356, Lon: 8.546361, Alt: 30.05m
11:11:07 [POS] Lat: 47.398355, Lon: 8.546360, Alt: 30.05m
11:11:07 [POS] Lat: 47.398355, Lon: 8.546360, Alt: 30.05m
11:11:07 [POS] Lat: 47.398354, Lon: 8.546359, Alt: 30.05m
11:11:07 [POS] Lat: 47.398353, Lon: 8.546359, Alt: 30.05m
11:11:07 [POS] Lat: 47.398352, Lon: 8.546358, Alt: 30.05m
11:11:07 [POS] Lat: 47.398351, Lon: 8.546358, Alt: 30.05m
11:11:07 [POS] Lat: 47.398350, Lon: 8.546358, Alt: 30.05m
11:11:07 [POS] Lat: 47.398349, Lon: 8.546357, Alt: 30.05m
11:11:07 [POS] Lat: 47.398348, Lon: 8.546357, Alt: 30.05m
11:11:07 [POS] Lat: 47.398348, Lon: 8.546356, Alt: 30.05m
11:11:07 [POS] Lat: 47.398347, Lon: 8.546356, Alt: 30.05m
11:11:08 [POS] Lat: 47.398346, Lon: 8.546355, Alt: 30.05m
11:11:08 [POS] Lat: 47.398345, Lon: 8.546355, Alt: 30.05m
11:11:08 [POS] Lat: 47.398344, Lon: 8.546355, Alt: 30.05m
11:11:08 [POS] Lat: 47.398343, Lon: 8.546354, Alt: 30.05m
11:11:08 [POS] Lat: 47.398343, Lon: 8.546354, Alt: 30.05m
11:11:08 [POS] Lat: 47.398342, Lon: 8.546353, Alt: 30.05m
11:11:08 [POS] Lat: 47.398341, Lon: 8.546353, Alt: 30.05m
11:11:08 [POS] Lat: 47.398340, Lon: 8.546352, Alt: 30.05m
11:11:08 [POS] Lat: 47.398339, Lon: 8.546352, Alt: 30.04m
11:11:08 [POS] Lat: 47.398338, Lon: 8.546352, Alt: 30.04m
11:11:08 [POS] Lat: 47.398338, Lon: 8.546351, Alt: 30.04m
11:11:08 [POS] Lat: 47.398337, Lon: 8.546351, Alt: 30.04m
11:11:08 [POS] Lat: 47.398336, Lon: 8.546350, Alt: 30.04m
11:11:08 [POS] Lat: 47.398335, Lon: 8.546350, Alt: 30.04m
11:11:08 [POS] Lat: 47.398334, Lon: 8.546349, Alt: 30.04m
11:11:08 [POS] Lat: 47.398333, Lon: 8.546349, Alt: 30.03m
11:11:08 [POS] Lat: 47.398332, Lon: 8.546349, Alt: 30.03m
11:11:08 [POS] Lat: 47.398331, Lon: 8.546348, Alt: 30.03m
11:11:08 [POS] Lat: 47.398331, Lon: 8.546348, Alt: 30.03m
11:11:08 [POS] Lat: 47.398330, Lon: 8.546347, Alt: 30.03m
11:11:08 [POS] Lat: 47.398329, Lon: 8.546347, Alt: 30.03m
11:11:08 [POS] Lat: 47.398328, Lon: 8.546346, Alt: 30.02m
11:11:08 [POS] Lat: 47.398327, Lon: 8.546346, Alt: 30.02m
11:11:08 [POS] Lat: 47.398326, Lon: 8.546345, Alt: 30.02m
11:11:08 [POS] Lat: 47.398326, Lon: 8.546345, Alt: 30.02m
11:11:08 [POS] Lat: 47.398325, Lon: 8.546345, Alt: 30.02m
11:11:08 [POS] Lat: 47.398324, Lon: 8.546344, Alt: 30.02m
11:11:08 [POS] Lat: 47.398323, Lon: 8.546344, Alt: 30.01m
11:11:08 [POS] Lat: 47.398322, Lon: 8.546343, Alt: 30.01m
11:11:08 [POS] Lat: 47.398321, Lon: 8.546343, Alt: 30.01m
11:11:08 [POS] Lat: 47.398321, Lon: 8.546343, Alt: 30.01m
11:11:08 [POS] Lat: 47.398320, Lon: 8.546342, Alt: 30.01m
11:11:08 [POS] Lat: 47.398319, Lon: 8.546342, Alt: 30.01m
11:11:08 [POS] Lat: 47.398318, Lon: 8.546341, Alt: 30.01m
11:11:08 [POS] Lat: 47.398317, Lon: 8.546341, Alt: 30.01m
11:11:08 [POS] Lat: 47.398316, Lon: 8.546340, Alt: 30.01m
11:11:08 [POS] Lat: 47.398315, Lon: 8.546340, Alt: 30.00m
11:11:08 [POS] Lat: 47.398314, Lon: 8.546340, Alt: 30.00m
11:11:08 [POS] Lat: 47.398314, Lon: 8.546339, Alt: 30.00m
11:11:08 [POS] Lat: 47.398313, Lon: 8.546339, Alt: 30.00m
11:11:08 [POS] Lat: 47.398312, Lon: 8.546338, Alt: 30.00m
11:11:08 [POS] Lat: 47.398311, Lon: 8.546338, Alt: 30.00m
11:11:08 [POS] Lat: 47.398310, Lon: 8.546338, Alt: 30.00m
11:11:08 [POS] Lat: 47.398309, Lon: 8.546337, Alt: 30.00m
11:11:08 [POS] Lat: 47.398308, Lon: 8.546337, Alt: 30.00m
11:11:08 [POS] Lat: 47.398308, Lon: 8.546336, Alt: 30.00m
11:11:08 [POS] Lat: 47.398307, Lon: 8.546336, Alt: 30.00m
11:11:08 [POS] Lat: 47.398306, Lon: 8.546335, Alt: 30.00m
11:11:08 [POS] Lat: 47.398305, Lon: 8.546335, Alt: 30.00m
11:11:08 [BAT] Percentage: 66, Voltage: 15.30V
11:11:09 [POS] Lat: 47.398304, Lon: 8.546335, Alt: 30.00m
11:11:09 [POS] Lat: 47.398303, Lon: 8.546334, Alt: 30.01m
11:11:09 [POS] Lat: 47.398302, Lon: 8.546334, Alt: 30.01m
11:11:09 [POS] Lat: 47.398302, Lon: 8.546333, Alt: 30.01m
11:11:09 [POS] Lat: 47.398301, Lon: 8.546333, Alt: 30.01m
11:11:09 [POS] Lat: 47.398300, Lon: 8.546333, Alt: 30.01m
11:11:09 [POS] Lat: 47.398299, Lon: 8.546332, Alt: 30.01m
11:11:09 [POS] Lat: 47.398298, Lon: 8.546332, Alt: 30.01m
11:11:09 [POS] Lat: 47.398297, Lon: 8.546331, Alt: 30.02m
11:11:09 [POS] Lat: 47.398297, Lon: 8.546331, Alt: 30.02m
11:11:09 [POS] Lat: 47.398295, Lon: 8.546330, Alt: 30.02m
11:11:09 [POS] Lat: 47.398295, Lon: 8.546330, Alt: 30.02m
11:11:09 [POS] Lat: 47.398294, Lon: 8.546329, Alt: 30.02m
11:11:09 [POS] Lat: 47.398293, Lon: 8.546329, Alt: 30.02m
11:11:09 [POS] Lat: 47.398292, Lon: 8.546329, Alt: 30.02m
11:11:09 [POS] Lat: 47.398291, Lon: 8.546328, Alt: 30.02m
11:11:09 [POS] Lat: 47.398290, Lon: 8.546328, Alt: 30.03m
11:11:09 [POS] Lat: 47.398290, Lon: 8.546327, Alt: 30.03m
11:11:09 [POS] Lat: 47.398289, Lon: 8.546327, Alt: 30.03m
11:11:09 [POS] Lat: 47.398288, Lon: 8.546326, Alt: 30.03m
11:11:09 [POS] Lat: 47.398287, Lon: 8.546326, Alt: 30.03m
11:11:09 [POS] Lat: 47.398286, Lon: 8.546326, Alt: 30.04m
11:11:09 [POS] Lat: 47.398285, Lon: 8.546325, Alt: 30.04m
11:11:09 [POS] Lat: 47.398284, Lon: 8.546325, Alt: 30.04m
11:11:09 [POS] Lat: 47.398283, Lon: 8.546324, Alt: 30.04m
11:11:09 [POS] Lat: 47.398283, Lon: 8.546324, Alt: 30.04m
11:11:09 [POS] Lat: 47.398282, Lon: 8.546323, Alt: 30.04m
11:11:09 [POS] Lat: 47.398281, Lon: 8.546323, Alt: 30.05m
11:11:09 [POS] Lat: 47.398280, Lon: 8.546322, Alt: 30.05m
11:11:09 [POS] Lat: 47.398279, Lon: 8.546322, Alt: 30.05m
11:11:09 [POS] Lat: 47.398278, Lon: 8.546321, Alt: 30.05m
11:11:09 [POS] Lat: 47.398278, Lon: 8.546321, Alt: 30.05m
11:11:09 [POS] Lat: 47.398277, Lon: 8.546321, Alt: 30.05m
11:11:09 [POS] Lat: 47.398276, Lon: 8.546320, Alt: 30.05m
11:11:09 [POS] Lat: 47.398275, Lon: 8.546320, Alt: 30.05m
11:11:09 [POS] Lat: 47.398274, Lon: 8.546319, Alt: 30.05m
11:11:09 [POS] Lat: 47.398273, Lon: 8.546319, Alt: 30.06m
11:11:09 [POS] Lat: 47.398273, Lon: 8.546318, Alt: 30.06m
11:11:09 [POS] Lat: 47.398272, Lon: 8.546318, Alt: 30.06m
11:11:09 [POS] Lat: 47.398271, Lon: 8.546318, Alt: 30.06m
11:11:09 [POS] Lat: 47.398270, Lon: 8.546317, Alt: 30.06m
11:11:09 [POS] Lat: 47.398269, Lon: 8.546317, Alt: 30.06m
11:11:09 [POS] Lat: 47.398268, Lon: 8.546316, Alt: 30.06m
11:11:09 [POS] Lat: 47.398267, Lon: 8.546316, Alt: 30.06m
11:11:09 [POS] Lat: 47.398266, Lon: 8.546315, Alt: 30.05m
11:11:09 [POS] Lat: 47.398266, Lon: 8.546315, Alt: 30.05m
11:11:09 [POS] Lat: 47.398265, Lon: 8.546314, Alt: 30.05m
11:11:09 [POS] Lat: 47.398264, Lon: 8.546314, Alt: 30.05m
11:11:09 [POS] Lat: 47.398263, Lon: 8.546313, Alt: 30.05m
11:11:09 [POS] Lat: 47.398262, Lon: 8.546313, Alt: 30.05m
11:11:10 [POS] Lat: 47.398261, Lon: 8.546312, Alt: 30.05m
11:11:10 [POS] Lat: 47.398261, Lon: 8.546312, Alt: 30.05m
11:11:10 [POS] Lat: 47.398260, Lon: 8.546312, Alt: 30.05m
11:11:10 [POS] Lat: 47.398259, Lon: 8.546311, Alt: 30.05m
11:11:10 [POS] Lat: 47.398258, Lon: 8.546311, Alt: 30.05m
11:11:10 [POS] Lat: 47.398257, Lon: 8.546310, Alt: 30.05m
11:11:10 [POS] Lat: 47.398256, Lon: 8.546310, Alt: 30.05m
11:11:10 [POS] Lat: 47.398256, Lon: 8.546309, Alt: 30.05m
11:11:10 [POS] Lat: 47.398255, Lon: 8.546309, Alt: 30.05m
11:11:10 [POS] Lat: 47.398254, Lon: 8.546309, Alt: 30.05m
11:11:10 [POS] Lat: 47.398253, Lon: 8.546308, Alt: 30.05m
11:11:10 [POS] Lat: 47.398252, Lon: 8.546308, Alt: 30.05m
11:11:10 [POS] Lat: 47.398251, Lon: 8.546307, Alt: 30.05m
11:11:10 [POS] Lat: 47.398250, Lon: 8.546307, Alt: 30.05m
11:11:10 [POS] Lat: 47.398249, Lon: 8.546306, Alt: 30.05m
11:11:10 [POS] Lat: 47.398249, Lon: 8.546306, Alt: 30.05m
11:11:10 [POS] Lat: 47.398248, Lon: 8.546305, Alt: 30.05m
11:11:10 [POS] Lat: 47.398247, Lon: 8.546305, Alt: 30.05m
11:11:10 [POS] Lat: 47.398246, Lon: 8.546304, Alt: 30.05m
11:11:10 [POS] Lat: 47.398245, Lon: 8.546304, Alt: 30.05m
11:11:10 [POS] Lat: 47.398244, Lon: 8.546304, Alt: 30.05m
11:11:10 [POS] Lat: 47.398244, Lon: 8.546303, Alt: 30.05m
11:11:10 [POS] Lat: 47.398243, Lon: 8.546303, Alt: 30.05m
11:11:10 [POS] Lat: 47.398242, Lon: 8.546302, Alt: 30.05m
11:11:10 [POS] Lat: 47.398241, Lon: 8.546302, Alt: 30.05m
11:11:10 [POS] Lat: 47.398240, Lon: 8.546302, Alt: 30.05m
11:11:10 [POS] Lat: 47.398239, Lon: 8.546301, Alt: 30.05m
11:11:10 [POS] Lat: 47.398239, Lon: 8.546301, Alt: 30.05m
11:11:10 [POS] Lat: 47.398238, Lon: 8.546300, Alt: 30.06m
11:11:10 [POS] Lat: 47.398237, Lon: 8.546300, Alt: 30.06m
11:11:10 [POS] Lat: 47.398236, Lon: 8.546299, Alt: 30.06m
11:11:10 [POS] Lat: 47.398235, Lon: 8.546299, Alt: 30.06m
11:11:10 [POS] Lat: 47.398234, Lon: 8.546298, Alt: 30.06m
11:11:10 [POS] Lat: 47.398233, Lon: 8.546298, Alt: 30.06m
11:11:10 [POS] Lat: 47.398232, Lon: 8.546298, Alt: 30.06m
11:11:10 [POS] Lat: 47.398232, Lon: 8.546297, Alt: 30.06m
11:11:10 [POS] Lat: 47.398231, Lon: 8.546297, Alt: 30.07m
11:11:10 [POS] Lat: 47.398230, Lon: 8.546296, Alt: 30.07m
11:11:10 [POS] Lat: 47.398229, Lon: 8.546296, Alt: 30.07m
11:11:10 [POS] Lat: 47.398228, Lon: 8.546295, Alt: 30.07m
11:11:10 [POS] Lat: 47.398227, Lon: 8.546295, Alt: 30.07m
11:11:10 [POS] Lat: 47.398227, Lon: 8.546295, Alt: 30.07m
11:11:10 [POS] Lat: 47.398226, Lon: 8.546294, Alt: 30.07m
11:11:10 [POS] Lat: 47.398225, Lon: 8.546294, Alt: 30.07m
11:11:10 [POS] Lat: 47.398224, Lon: 8.546293, Alt: 30.07m
11:11:10 [POS] Lat: 47.398223, Lon: 8.546293, Alt: 30.07m
11:11:10 [POS] Lat: 47.398222, Lon: 8.546292, Alt: 30.07m
11:11:10 [POS] Lat: 47.398222, Lon: 8.546292, Alt: 30.07m
11:11:10 [POS] Lat: 47.398221, Lon: 8.546292, Alt: 30.07m
11:11:11 [POS] Lat: 47.398220, Lon: 8.546291, Alt: 30.07m
11:11:11 [BAT] Percentage: 66, Voltage: 15.30V
11:11:11 [POS] Lat: 47.398219, Lon: 8.546291, Alt: 30.07m
11:11:11 [POS] Lat: 47.398218, Lon: 8.546290, Alt: 30.07m
11:11:11 [POS] Lat: 47.398217, Lon: 8.546290, Alt: 30.07m
11:11:11 [POS] Lat: 47.398217, Lon: 8.546290, Alt: 30.07m
11:11:11 [POS] Lat: 47.398216, Lon: 8.546289, Alt: 30.07m
11:11:11 [POS] Lat: 47.398215, Lon: 8.546289, Alt: 30.07m
11:11:11 [POS] Lat: 47.398214, Lon: 8.546288, Alt: 30.07m
11:11:11 [POS] Lat: 47.398213, Lon: 8.546288, Alt: 30.08m
11:11:11 [POS] Lat: 47.398212, Lon: 8.546287, Alt: 30.08m
11:11:11 [POS] Lat: 47.398212, Lon: 8.546287, Alt: 30.08m
11:11:11 [POS] Lat: 47.398211, Lon: 8.546286, Alt: 30.08m
11:11:11 [POS] Lat: 47.398210, Lon: 8.546286, Alt: 30.08m
11:11:11 [POS] Lat: 47.398209, Lon: 8.546286, Alt: 30.08m
11:11:11 [POS] Lat: 47.398208, Lon: 8.546285, Alt: 30.08m
11:11:11 [POS] Lat: 47.398207, Lon: 8.546285, Alt: 30.08m
11:11:11 [POS] Lat: 47.398207, Lon: 8.546284, Alt: 30.08m
11:11:11 [POS] Lat: 47.398206, Lon: 8.546284, Alt: 30.08m
11:11:11 [POS] Lat: 47.398205, Lon: 8.546283, Alt: 30.08m
11:11:11 [POS] Lat: 47.398204, Lon: 8.546283, Alt: 30.08m
11:11:11 [POS] Lat: 47.398204, Lon: 8.546283, Alt: 30.08m
11:11:11 [POS] Lat: 47.398202, Lon: 8.546282, Alt: 30.08m
11:11:11 [POS] Lat: 47.398202, Lon: 8.546282, Alt: 30.08m
11:11:11 [POS] Lat: 47.398201, Lon: 8.546281, Alt: 30.08m
11:11:11 [POS] Lat: 47.398200, Lon: 8.546281, Alt: 30.08m
11:11:11 [POS] Lat: 47.398199, Lon: 8.546280, Alt: 30.08m
11:11:11 [POS] Lat: 47.398198, Lon: 8.546280, Alt: 30.08m
11:11:11 [POS] Lat: 47.398197, Lon: 8.546279, Alt: 30.08m
11:11:11 [POS] Lat: 47.398197, Lon: 8.546279, Alt: 30.08m
11:11:11 [POS] Lat: 47.398196, Lon: 8.546278, Alt: 30.08m
11:11:11 [POS] Lat: 47.398195, Lon: 8.546278, Alt: 30.08m
11:11:11 [POS] Lat: 47.398194, Lon: 8.546278, Alt: 30.08m
11:11:11 [POS] Lat: 47.398193, Lon: 8.546277, Alt: 30.09m
11:11:11 [POS] Lat: 47.398193, Lon: 8.546277, Alt: 30.09m
11:11:11 [POS] Lat: 47.398192, Lon: 8.546276, Alt: 30.09m
11:11:11 [POS] Lat: 47.398191, Lon: 8.546276, Alt: 30.09m
11:11:11 [POS] Lat: 47.398190, Lon: 8.546275, Alt: 30.09m
11:11:11 [POS] Lat: 47.398189, Lon: 8.546275, Alt: 30.09m
11:11:11 [POS] Lat: 47.398188, Lon: 8.546274, Alt: 30.09m
11:11:11 [POS] Lat: 47.398187, Lon: 8.546274, Alt: 30.09m
11:11:11 [POS] Lat: 47.398187, Lon: 8.546274, Alt: 30.09m
11:11:11 [POS] Lat: 47.398186, Lon: 8.546273, Alt: 30.09m
11:11:11 [POS] Lat: 47.398185, Lon: 8.546273, Alt: 30.09m
11:11:11 [POS] Lat: 47.398184, Lon: 8.546272, Alt: 30.09m
11:11:11 [POS] Lat: 47.398183, Lon: 8.546272, Alt: 30.09m
11:11:11 [POS] Lat: 47.398182, Lon: 8.546271, Alt: 30.09m
11:11:11 [POS] Lat: 47.398182, Lon: 8.546271, Alt: 30.09m
11:11:11 [POS] Lat: 47.398181, Lon: 8.546271, Alt: 30.09m
11:11:11 [POS] Lat: 47.398180, Lon: 8.546270, Alt: 30.09m
11:11:11 [POS] Lat: 47.398179, Lon: 8.546270, Alt: 30.09m
11:11:12 [POS] Lat: 47.398178, Lon: 8.546269, Alt: 30.09m
11:11:12 [POS] Lat: 47.398177, Lon: 8.546269, Alt: 30.09m
11:11:12 [POS] Lat: 47.398177, Lon: 8.546268, Alt: 30.09m
11:11:12 [POS] Lat: 47.398176, Lon: 8.546268, Alt: 30.09m
11:11:12 [POS] Lat: 47.398175, Lon: 8.546267, Alt: 30.09m
11:11:12 [POS] Lat: 47.398174, Lon: 8.546267, Alt: 30.09m
11:11:12 [POS] Lat: 47.398173, Lon: 8.546267, Alt: 30.09m
11:11:12 [POS] Lat: 47.398172, Lon: 8.546266, Alt: 30.09m
11:11:12 [POS] Lat: 47.398172, Lon: 8.546266, Alt: 30.09m
11:11:12 [POS] Lat: 47.398171, Lon: 8.546265, Alt: 30.08m
11:11:12 [POS] Lat: 47.398170, Lon: 8.546265, Alt: 30.08m
11:11:12 [POS] Lat: 47.398169, Lon: 8.546264, Alt: 30.08m
11:11:12 [POS] Lat: 47.398168, Lon: 8.546264, Alt: 30.08m
11:11:12 [POS] Lat: 47.398167, Lon: 8.546264, Alt: 30.08m
11:11:12 [POS] Lat: 47.398167, Lon: 8.546263, Alt: 30.07m
11:11:12 [POS] Lat: 47.398166, Lon: 8.546263, Alt: 30.07m
11:11:12 [POS] Lat: 47.398165, Lon: 8.546262, Alt: 30.07m
11:11:12 [POS] Lat: 47.398164, Lon: 8.546262, Alt: 30.07m
11:11:12 [POS] Lat: 47.398163, Lon: 8.546261, Alt: 30.07m
11:11:12 [POS] Lat: 47.398162, Lon: 8.546261, Alt: 30.07m
11:11:12 [POS] Lat: 47.398162, Lon: 8.546261, Alt: 30.07m
11:11:12 [POS] Lat: 47.398160, Lon: 8.546260, Alt: 30.06m
11:11:12 [POS] Lat: 47.398160, Lon: 8.546260, Alt: 30.06m
11:11:12 [POS] Lat: 47.398159, Lon: 8.546259, Alt: 30.06m
11:11:12 [POS] Lat: 47.398158, Lon: 8.546259, Alt: 30.06m
11:11:12 [POS] Lat: 47.398157, Lon: 8.546258, Alt: 30.06m
11:11:12 [POS] Lat: 47.398156, Lon: 8.546258, Alt: 30.06m
11:11:12 [POS] Lat: 47.398155, Lon: 8.546257, Alt: 30.06m
11:11:12 [POS] Lat: 47.398155, Lon: 8.546257, Alt: 30.06m
11:11:12 [POS] Lat: 47.398154, Lon: 8.546257, Alt: 30.06m
11:11:12 [POS] Lat: 47.398153, Lon: 8.546256, Alt: 30.06m
11:11:12 [POS] Lat: 47.398152, Lon: 8.546256, Alt: 30.06m
11:11:12 [POS] Lat: 47.398151, Lon: 8.546255, Alt: 30.06m
11:11:12 [POS] Lat: 47.398150, Lon: 8.546255, Alt: 30.06m
11:11:12 [POS] Lat: 47.398150, Lon: 8.546255, Alt: 30.06m
11:11:12 [POS] Lat: 47.398149, Lon: 8.546254, Alt: 30.06m
11:11:12 [POS] Lat: 47.398148, Lon: 8.546254, Alt: 30.06m
11:11:12 [POS] Lat: 47.398147, Lon: 8.546253, Alt: 30.06m
11:11:12 [POS] Lat: 47.398146, Lon: 8.546253, Alt: 30.06m
11:11:12 [POS] Lat: 47.398145, Lon: 8.546252, Alt: 30.06m
11:11:12 [POS] Lat: 47.398144, Lon: 8.546252, Alt: 30.06m
11:11:12 [POS] Lat: 47.398143, Lon: 8.546252, Alt: 30.06m
11:11:12 [POS] Lat: 47.398143, Lon: 8.546251, Alt: 30.06m
11:11:12 [POS] Lat: 47.398142, Lon: 8.546251, Alt: 30.06m
11:11:12 [POS] Lat: 47.398141, Lon: 8.546250, Alt: 30.06m
11:11:12 [POS] Lat: 47.398140, Lon: 8.546250, Alt: 30.05m
11:11:12 [POS] Lat: 47.398139, Lon: 8.546249, Alt: 30.05m
11:11:12 [POS] Lat: 47.398138, Lon: 8.546249, Alt: 30.05m
11:11:12 [POS] Lat: 47.398137, Lon: 8.546248, Alt: 30.05m
11:11:13 [POS] Lat: 47.398136, Lon: 8.546248, Alt: 30.05m
11:11:13 [POS] Lat: 47.398136, Lon: 8.546248, Alt: 30.05m
11:11:13 [BAT] Percentage: 66, Voltage: 15.30V
11:11:13 [POS] Lat: 47.398135, Lon: 8.546247, Alt: 30.05m
11:11:13 [POS] Lat: 47.398134, Lon: 8.546247, Alt: 30.05m
11:11:13 [POS] Lat: 47.398133, Lon: 8.546246, Alt: 30.04m
11:11:13 [POS] Lat: 47.398132, Lon: 8.546246, Alt: 30.04m
11:11:13 [POS] Lat: 47.398131, Lon: 8.546245, Alt: 30.04m
11:11:13 [POS] Lat: 47.398131, Lon: 8.546245, Alt: 30.04m
11:11:13 [POS] Lat: 47.398129, Lon: 8.546244, Alt: 30.04m
11:11:13 [POS] Lat: 47.398129, Lon: 8.546244, Alt: 30.04m
11:11:13 [POS] Lat: 47.398128, Lon: 8.546243, Alt: 30.04m
11:11:13 [POS] Lat: 47.398127, Lon: 8.546243, Alt: 30.04m
11:11:13 [POS] Lat: 47.398126, Lon: 8.546243, Alt: 30.03m
11:11:13 [POS] Lat: 47.398125, Lon: 8.546242, Alt: 30.03m
11:11:13 [POS] Lat: 47.398124, Lon: 8.546242, Alt: 30.03m
11:11:13 [POS] Lat: 47.398124, Lon: 8.546241, Alt: 30.03m
11:11:13 [POS] Lat: 47.398123, Lon: 8.546241, Alt: 30.03m
11:11:13 [POS] Lat: 47.398122, Lon: 8.546241, Alt: 30.03m
11:11:13 [POS] Lat: 47.398121, Lon: 8.546240, Alt: 30.03m
11:11:13 [POS] Lat: 47.398120, Lon: 8.546240, Alt: 30.03m
11:11:13 [POS] Lat: 47.398119, Lon: 8.546239, Alt: 30.03m
11:11:13 [POS] Lat: 47.398119, Lon: 8.546239, Alt: 30.03m
11:11:13 [POS] Lat: 47.398118, Lon: 8.546238, Alt: 30.03m
11:11:13 [POS] Lat: 47.398117, Lon: 8.546238, Alt: 30.03m
11:11:13 [POS] Lat: 47.398116, Lon: 8.546237, Alt: 30.03m
11:11:13 [POS] Lat: 47.398115, Lon: 8.546237, Alt: 30.03m
11:11:13 [POS] Lat: 47.398114, Lon: 8.546237, Alt: 30.03m
11:11:13 [POS] Lat: 47.398114, Lon: 8.546236, Alt: 30.03m
11:11:13 [POS] Lat: 47.398112, Lon: 8.546236, Alt: 30.04m
11:11:13 [POS] Lat: 47.398112, Lon: 8.546235, Alt: 30.04m
11:11:13 [POS] Lat: 47.398111, Lon: 8.546235, Alt: 30.04m
11:11:13 [POS] Lat: 47.398110, Lon: 8.546234, Alt: 30.04m
11:11:13 [POS] Lat: 47.398109, Lon: 8.546234, Alt: 30.04m
11:11:13 [POS] Lat: 47.398108, Lon: 8.546234, Alt: 30.04m
11:11:13 [POS] Lat: 47.398107, Lon: 8.546233, Alt: 30.04m
11:11:13 [POS] Lat: 47.398107, Lon: 8.546233, Alt: 30.04m
11:11:13 [POS] Lat: 47.398106, Lon: 8.546232, Alt: 30.04m
11:11:13 [POS] Lat: 47.398105, Lon: 8.546232, Alt: 30.04m
11:11:13 [POS] Lat: 47.398104, Lon: 8.546231, Alt: 30.04m
11:11:13 [POS] Lat: 47.398103, Lon: 8.546231, Alt: 30.04m
11:11:13 [POS] Lat: 47.398102, Lon: 8.546231, Alt: 30.04m
11:11:13 [POS] Lat: 47.398102, Lon: 8.546230, Alt: 30.04m
11:11:13 [POS] Lat: 47.398101, Lon: 8.546230, Alt: 30.04m
11:11:13 [POS] Lat: 47.398100, Lon: 8.546229, Alt: 30.04m
11:11:13 [POS] Lat: 47.398099, Lon: 8.546229, Alt: 30.04m
11:11:13 [POS] Lat: 47.398098, Lon: 8.546229, Alt: 30.04m
11:11:13 [POS] Lat: 47.398097, Lon: 8.546228, Alt: 30.04m
11:11:13 [POS] Lat: 47.398097, Lon: 8.546228, Alt: 30.04m
11:11:13 [POS] Lat: 47.398096, Lon: 8.546227, Alt: 30.04m
11:11:13 [POS] Lat: 47.398095, Lon: 8.546227, Alt: 30.04m
11:11:14 [POS] Lat: 47.398094, Lon: 8.546226, Alt: 30.04m
11:11:14 [POS] Lat: 47.398093, Lon: 8.546226, Alt: 30.04m
11:11:14 [POS] Lat: 47.398092, Lon: 8.546226, Alt: 30.04m
11:11:14 [POS] Lat: 47.398092, Lon: 8.546225, Alt: 30.04m
11:11:14 [POS] Lat: 47.398091, Lon: 8.546225, Alt: 30.03m
11:11:14 [POS] Lat: 47.398090, Lon: 8.546224, Alt: 30.03m
11:11:14 [POS] Lat: 47.398089, Lon: 8.546224, Alt: 30.03m
11:11:14 [POS] Lat: 47.398088, Lon: 8.546223, Alt: 30.03m
11:11:14 [POS] Lat: 47.398087, Lon: 8.546223, Alt: 30.03m
11:11:14 [POS] Lat: 47.398087, Lon: 8.546223, Alt: 30.03m
11:11:14 [POS] Lat: 47.398086, Lon: 8.546222, Alt: 30.03m
11:11:14 [POS] Lat: 47.398085, Lon: 8.546222, Alt: 30.03m
11:11:14 [POS] Lat: 47.398084, Lon: 8.546221, Alt: 30.03m
11:11:14 [POS] Lat: 47.398083, Lon: 8.546221, Alt: 30.03m
11:11:14 [POS] Lat: 47.398082, Lon: 8.546220, Alt: 30.03m
11:11:14 [POS] Lat: 47.398082, Lon: 8.546220, Alt: 30.03m
11:11:14 [POS] Lat: 47.398081, Lon: 8.546220, Alt: 30.03m
11:11:14 [POS] Lat: 47.398080, Lon: 8.546219, Alt: 30.03m
11:11:14 [POS] Lat: 47.398079, Lon: 8.546219, Alt: 30.03m
11:11:14 [POS] Lat: 47.398078, Lon: 8.546218, Alt: 30.04m
11:11:14 [POS] Lat: 47.398077, Lon: 8.546218, Alt: 30.04m
11:11:14 [POS] Lat: 47.398077, Lon: 8.546217, Alt: 30.04m
11:11:14 [POS] Lat: 47.398075, Lon: 8.546217, Alt: 30.04m
11:11:14 [POS] Lat: 47.398075, Lon: 8.546217, Alt: 30.04m
11:11:14 [POS] Lat: 47.398074, Lon: 8.546216, Alt: 30.04m
11:11:14 [POS] Lat: 47.398073, Lon: 8.546216, Alt: 30.04m
11:11:14 [POS] Lat: 47.398072, Lon: 8.546215, Alt: 30.04m
11:11:14 [POS] Lat: 47.398072, Lon: 8.546215, Alt: 30.04m
11:11:14 [POS] Lat: 47.398070, Lon: 8.546214, Alt: 30.04m
11:11:14 [POS] Lat: 47.398070, Lon: 8.546214, Alt: 30.04m
11:11:14 [POS] Lat: 47.398069, Lon: 8.546214, Alt: 30.04m
11:11:14 [POS] Lat: 47.398068, Lon: 8.546213, Alt: 30.04m
11:11:14 [POS] Lat: 47.398067, Lon: 8.546213, Alt: 30.04m
11:11:14 [POS] Lat: 47.398066, Lon: 8.546212, Alt: 30.04m
11:11:14 [POS] Lat: 47.398065, Lon: 8.546212, Alt: 30.04m
11:11:14 [POS] Lat: 47.398065, Lon: 8.546212, Alt: 30.04m
11:11:14 [POS] Lat: 47.398064, Lon: 8.546211, Alt: 30.04m
11:11:14 [POS] Lat: 47.398063, Lon: 8.546211, Alt: 30.04m
11:11:14 [POS] Lat: 47.398062, Lon: 8.546210, Alt: 30.04m
11:11:14 [POS] Lat: 47.398061, Lon: 8.546210, Alt: 30.04m
11:11:14 [POS] Lat: 47.398060, Lon: 8.546209, Alt: 30.04m
11:11:14 [POS] Lat: 47.398060, Lon: 8.546209, Alt: 30.04m
11:11:14 [POS] Lat: 47.398059, Lon: 8.546208, Alt: 30.04m
11:11:14 [POS] Lat: 47.398058, Lon: 8.546208, Alt: 30.03m
11:11:14 [POS] Lat: 47.398057, Lon: 8.546208, Alt: 30.03m
11:11:14 [POS] Lat: 47.398056, Lon: 8.546207, Alt: 30.03m
11:11:14 [POS] Lat: 47.398055, Lon: 8.546207, Alt: 30.03m
11:11:14 [POS] Lat: 47.398055, Lon: 8.546206, Alt: 30.03m
11:11:14 [POS] Lat: 47.398053, Lon: 8.546206, Alt: 30.04m
11:11:15 [POS] Lat: 47.398053, Lon: 8.546206, Alt: 30.04m
11:11:15 [POS] Lat: 47.398052, Lon: 8.546205, Alt: 30.04m
11:11:15 [POS] Lat: 47.398051, Lon: 8.546205, Alt: 30.04m
11:11:15 [BAT] Percentage: 66, Voltage: 15.30V
11:11:15 [POS] Lat: 47.398050, Lon: 8.546204, Alt: 30.04m
11:11:15 [POS] Lat: 47.398050, Lon: 8.546204, Alt: 30.04m
11:11:15 [POS] Lat: 47.398049, Lon: 8.546203, Alt: 30.04m
11:11:15 [POS] Lat: 47.398048, Lon: 8.546203, Alt: 30.04m
11:11:15 [POS] Lat: 47.398047, Lon: 8.546202, Alt: 30.04m
11:11:15 [POS] Lat: 47.398046, Lon: 8.546202, Alt: 30.04m
11:11:15 [POS] Lat: 47.398045, Lon: 8.546202, Alt: 30.04m
11:11:15 [POS] Lat: 47.398045, Lon: 8.546201, Alt: 30.04m
11:11:15 [POS] Lat: 47.398044, Lon: 8.546201, Alt: 30.05m
11:11:15 [POS] Lat: 47.398043, Lon: 8.546200, Alt: 30.05m
11:11:15 [POS] Lat: 47.398042, Lon: 8.546200, Alt: 30.05m
11:11:15 [POS] Lat: 47.398042, Lon: 8.546200, Alt: 30.05m
11:11:15 [POS] Lat: 47.398041, Lon: 8.546199, Alt: 30.05m
11:11:15 [POS] Lat: 47.398040, Lon: 8.546199, Alt: 30.05m
11:11:15 [POS] Lat: 47.398039, Lon: 8.546198, Alt: 30.06m
11:11:15 [POS] Lat: 47.398039, Lon: 8.546198, Alt: 30.06m
11:11:15 [POS] Lat: 47.398038, Lon: 8.546197, Alt: 30.06m
11:11:15 [POS] Lat: 47.398037, Lon: 8.546197, Alt: 30.06m
11:11:15 [POS] Lat: 47.398036, Lon: 8.546197, Alt: 30.06m
11:11:15 [POS] Lat: 47.398036, Lon: 8.546196, Alt: 30.07m
11:11:15 [POS] Lat: 47.398035, Lon: 8.546196, Alt: 30.07m
11:11:15 [POS] Lat: 47.398034, Lon: 8.546195, Alt: 30.07m
11:11:15 [POS] Lat: 47.398033, Lon: 8.546195, Alt: 30.07m
11:11:15 [POS] Lat: 47.398033, Lon: 8.546195, Alt: 30.07m
11:11:15 [POS] Lat: 47.398032, Lon: 8.546194, Alt: 30.08m
11:11:15 [POS] Lat: 47.398032, Lon: 8.546194, Alt: 30.08m
11:11:15 [POS] Lat: 47.398031, Lon: 8.546193, Alt: 30.08m
11:11:15 [POS] Lat: 47.398030, Lon: 8.546193, Alt: 30.08m
11:11:15 [POS] Lat: 47.398029, Lon: 8.546193, Alt: 30.08m
11:11:15 [POS] Lat: 47.398029, Lon: 8.546192, Alt: 30.08m
11:11:15 [POS] Lat: 47.398028, Lon: 8.546192, Alt: 30.08m
11:11:15 [POS] Lat: 47.398028, Lon: 8.546192, Alt: 30.08m
11:11:15 [POS] Lat: 47.398027, Lon: 8.546191, Alt: 30.08m
11:11:15 [POS] Lat: 47.398027, Lon: 8.546191, Alt: 30.08m
11:11:15 [POS] Lat: 47.398026, Lon: 8.546190, Alt: 30.08m
11:11:15 [POS] Lat: 47.398025, Lon: 8.546190, Alt: 30.08m
11:11:15 [POS] Lat: 47.398025, Lon: 8.546190, Alt: 30.08m
11:11:15 [POS] Lat: 47.398024, Lon: 8.546190, Alt: 30.08m
11:11:15 [POS] Lat: 47.398024, Lon: 8.546189, Alt: 30.08m
11:11:15 [POS] Lat: 47.398023, Lon: 8.546189, Alt: 30.08m
11:11:15 [POS] Lat: 47.398022, Lon: 8.546188, Alt: 30.07m
11:11:15 [POS] Lat: 47.398022, Lon: 8.546188, Alt: 30.07m
11:11:15 [POS] Lat: 47.398021, Lon: 8.546188, Alt: 30.07m
11:11:15 [POS] Lat: 47.398021, Lon: 8.546188, Alt: 30.07m
11:11:15 [POS] Lat: 47.398020, Lon: 8.546187, Alt: 30.07m
11:11:15 [POS] Lat: 47.398020, Lon: 8.546187, Alt: 30.07m
11:11:16 [POS] Lat: 47.398019, Lon: 8.546187, Alt: 30.07m
11:11:16 [POS] Lat: 47.398018, Lon: 8.546186, Alt: 30.07m
11:11:16 [POS] Lat: 47.398018, Lon: 8.546186, Alt: 30.07m
11:11:16 [POS] Lat: 47.398017, Lon: 8.546186, Alt: 30.07m
11:11:16 [POS] Lat: 47.398017, Lon: 8.546185, Alt: 30.07m
11:11:16 [POS] Lat: 47.398016, Lon: 8.546185, Alt: 30.07m
11:11:16 [POS] Lat: 47.398016, Lon: 8.546185, Alt: 30.07m
11:11:16 [POS] Lat: 47.398015, Lon: 8.546185, Alt: 30.07m
11:11:16 [POS] Lat: 47.398015, Lon: 8.546184, Alt: 30.07m
11:11:16 [POS] Lat: 47.398014, Lon: 8.546184, Alt: 30.07m
11:11:16 [POS] Lat: 47.398014, Lon: 8.546184, Alt: 30.07m
11:11:16 [POS] Lat: 47.398013, Lon: 8.546184, Alt: 30.07m
11:11:16 [POS] Lat: 47.398013, Lon: 8.546183, Alt: 30.07m
11:11:16 [POS] Lat: 47.398012, Lon: 8.546183, Alt: 30.07m
11:11:16 [POS] Lat: 47.398012, Lon: 8.546183, Alt: 30.07m
11:11:16 [POS] Lat: 47.398011, Lon: 8.546183, Alt: 30.07m
11:11:16 [POS] Lat: 47.398011, Lon: 8.546183, Alt: 30.07m
11:11:16 [POS] Lat: 47.398011, Lon: 8.546182, Alt: 30.07m
11:11:16 [POS] Lat: 47.398010, Lon: 8.546182, Alt: 30.07m
11:11:16 [POS] Lat: 47.398010, Lon: 8.546182, Alt: 30.07m
11:11:16 [POS] Lat: 47.398009, Lon: 8.546182, Alt: 30.08m
11:11:16 [POS] Lat: 47.398009, Lon: 8.546181, Alt: 30.08m
11:11:16 [POS] Lat: 47.398008, Lon: 8.546181, Alt: 30.08m
11:11:16 [POS] Lat: 47.398008, Lon: 8.546181, Alt: 30.08m
11:11:16 [POS] Lat: 47.398007, Lon: 8.546181, Alt: 30.08m
11:11:16 [POS] Lat: 47.398007, Lon: 8.546181, Alt: 30.09m
11:11:16 [POS] Lat: 47.398007, Lon: 8.546180, Alt: 30.09m
11:11:16 [POS] Lat: 47.398006, Lon: 8.546180, Alt: 30.09m
11:11:16 [POS] Lat: 47.398006, Lon: 8.546180, Alt: 30.09m
11:11:16 [POS] Lat: 47.398005, Lon: 8.546180, Alt: 30.09m
11:11:16 [POS] Lat: 47.398005, Lon: 8.546180, Alt: 30.10m
11:11:16 [POS] Lat: 47.398004, Lon: 8.546179, Alt: 30.10m
11:11:16 [POS] Lat: 47.398004, Lon: 8.546179, Alt: 30.10m
11:11:16 [POS] Lat: 47.398004, Lon: 8.546179, Alt: 30.10m
11:11:16 [POS] Lat: 47.398003, Lon: 8.546179, Alt: 30.10m
11:11:16 [POS] Lat: 47.398003, Lon: 8.546179, Alt: 30.10m
11:11:16 [POS] Lat: 47.398002, Lon: 8.546178, Alt: 30.11m
11:11:16 [POS] Lat: 47.398002, Lon: 8.546178, Alt: 30.11m
11:11:16 [POS] Lat: 47.398002, Lon: 8.546178, Alt: 30.11m
11:11:16 [POS] Lat: 47.398001, Lon: 8.546178, Alt: 30.11m
11:11:16 [POS] Lat: 47.398001, Lon: 8.546178, Alt: 30.11m
11:11:16 [POS] Lat: 47.398001, Lon: 8.546178, Alt: 30.11m
11:11:16 [POS] Lat: 47.398000, Lon: 8.546177, Alt: 30.11m
11:11:16 [POS] Lat: 47.398000, Lon: 8.546177, Alt: 30.11m
11:11:16 [POS] Lat: 47.397999, Lon: 8.546177, Alt: 30.11m
11:11:16 [POS] Lat: 47.397999, Lon: 8.546177, Alt: 30.12m
11:11:16 [POS] Lat: 47.397999, Lon: 8.546177, Alt: 30.12m
11:11:16 [POS] Lat: 47.397998, Lon: 8.546176, Alt: 30.12m
11:11:16 [POS] Lat: 47.397998, Lon: 8.546176, Alt: 30.12m
11:11:16 [POS] Lat: 47.397998, Lon: 8.546176, Alt: 30.12m
11:11:17 [POS] Lat: 47.397997, Lon: 8.546176, Alt: 30.12m
11:11:17 [POS] Lat: 47.397997, Lon: 8.546176, Alt: 30.12m
11:11:17 [POS] Lat: 47.397997, Lon: 8.546176, Alt: 30.11m
11:11:17 [POS] Lat: 47.397996, Lon: 8.546175, Alt: 30.11m
11:11:17 [BAT] Percentage: 66, Voltage: 15.30V
11:11:17 [POS] Lat: 47.397996, Lon: 8.546175, Alt: 30.11m
11:11:17 [POS] Lat: 47.397996, Lon: 8.546175, Alt: 30.11m
11:11:17 [POS] Lat: 47.397995, Lon: 8.546175, Alt: 30.11m
11:11:17 [POS] Lat: 47.397995, Lon: 8.546175, Alt: 30.11m
11:11:17 [POS] Lat: 47.397995, Lon: 8.546175, Alt: 30.11m
11:11:17 [POS] Lat: 47.397994, Lon: 8.546174, Alt: 30.11m
11:11:17 [POS] Lat: 47.397994, Lon: 8.546174, Alt: 30.11m
11:11:17 [POS] Lat: 47.397994, Lon: 8.546174, Alt: 30.11m
11:11:17 [POS] Lat: 47.397993, Lon: 8.546174, Alt: 30.11m
11:11:17 [POS] Lat: 47.397993, Lon: 8.546174, Alt: 30.11m
11:11:17 [POS] Lat: 47.397993, Lon: 8.546174, Alt: 30.10m
11:11:17 [POS] Lat: 47.397993, Lon: 8.546174, Alt: 30.10m
11:11:17 [POS] Lat: 47.397992, Lon: 8.546173, Alt: 30.10m
11:11:17 [POS] Lat: 47.397992, Lon: 8.546173, Alt: 30.10m
11:11:17 [POS] Lat: 47.397992, Lon: 8.546173, Alt: 30.10m
11:11:17 [POS] Lat: 47.397992, Lon: 8.546173, Alt: 30.10m
11:11:17 [POS] Lat: 47.397991, Lon: 8.546173, Alt: 30.10m
11:11:17 [POS] Lat: 47.397991, Lon: 8.546173, Alt: 30.10m
11:11:17 [POS] Lat: 47.397991, Lon: 8.546173, Alt: 30.10m
11:11:17 [POS] Lat: 47.397990, Lon: 8.546172, Alt: 30.10m
11:11:17 [POS] Lat: 47.397990, Lon: 8.546172, Alt: 30.10m
11:11:17 [POS] Lat: 47.397990, Lon: 8.546172, Alt: 30.11m
11:11:17 [POS] Lat: 47.397990, Lon: 8.546172, Alt: 30.11m
11:11:17 [POS] Lat: 47.397989, Lon: 8.546172, Alt: 30.11m
11:11:17 [POS] Lat: 47.397989, Lon: 8.546172, Alt: 30.11m
11:11:17 [POS] Lat: 47.397989, Lon: 8.546171, Alt: 30.11m
11:11:17 [POS] Lat: 47.397988, Lon: 8.546171, Alt: 30.11m
11:11:17 [POS] Lat: 47.397988, Lon: 8.546171, Alt: 30.11m
11:11:17 [POS] Lat: 47.397988, Lon: 8.546171, Alt: 30.11m
11:11:17 [POS] Lat: 47.397988, Lon: 8.546171, Alt: 30.11m
11:11:17 [POS] Lat: 47.397987, Lon: 8.546171, Alt: 30.11m
11:11:17 [POS] Lat: 47.397987, Lon: 8.546171, Alt: 30.11m
11:11:17 [POS] Lat: 47.397987, Lon: 8.546170, Alt: 30.11m
11:11:17 [POS] Lat: 47.397987, Lon: 8.546170, Alt: 30.11m
11:11:17 [POS] Lat: 47.397986, Lon: 8.546170, Alt: 30.11m
11:11:17 [POS] Lat: 47.397986, Lon: 8.546170, Alt: 30.11m
11:11:17 [POS] Lat: 47.397986, Lon: 8.546170, Alt: 30.11m
11:11:17 [POS] Lat: 47.397986, Lon: 8.546170, Alt: 30.11m
11:11:17 [POS] Lat: 47.397985, Lon: 8.546169, Alt: 30.11m
11:11:17 [POS] Lat: 47.397985, Lon: 8.546169, Alt: 30.12m
11:11:17 [POS] Lat: 47.397985, Lon: 8.546169, Alt: 30.12m
11:11:17 [POS] Lat: 47.397985, Lon: 8.546169, Alt: 30.12m
11:11:17 [POS] Lat: 47.397985, Lon: 8.546169, Alt: 30.12m
11:11:17 [POS] Lat: 47.397984, Lon: 8.546169, Alt: 30.12m
11:11:17 [POS] Lat: 47.397984, Lon: 8.546169, Alt: 30.12m
11:11:18 [POS] Lat: 47.397984, Lon: 8.546169, Alt: 30.12m
11:11:18 [POS] Lat: 47.397984, Lon: 8.546168, Alt: 30.12m
11:11:18 [POS] Lat: 47.397983, Lon: 8.546168, Alt: 30.12m
11:11:18 [POS] Lat: 47.397983, Lon: 8.546168, Alt: 30.12m
11:11:18 [POS] Lat: 47.397983, Lon: 8.546168, Alt: 30.12m
11:11:18 [POS] Lat: 47.397983, Lon: 8.546168, Alt: 30.12m
11:11:18 [POS] Lat: 47.397983, Lon: 8.546168, Alt: 30.12m
11:11:18 [POS] Lat: 47.397982, Lon: 8.546168, Alt: 30.12m
11:11:18 [POS] Lat: 47.397982, Lon: 8.546168, Alt: 30.11m
11:11:18 [POS] Lat: 47.397982, Lon: 8.546168, Alt: 30.11m
11:11:18 [POS] Lat: 47.397982, Lon: 8.546167, Alt: 30.11m
11:11:18 [POS] Lat: 47.397982, Lon: 8.546167, Alt: 30.10m
11:11:18 [POS] Lat: 47.397982, Lon: 8.546167, Alt: 30.09m
11:11:18 [POS] Lat: 47.397982, Lon: 8.546167, Alt: 30.08m
11:11:18 [POS] Lat: 47.397981, Lon: 8.546167, Alt: 30.07m
11:11:18 [POS] Lat: 47.397981, Lon: 8.546167, Alt: 30.06m
11:11:18 [POS] Lat: 47.397981, Lon: 8.546167, Alt: 30.05m
11:11:18 [POS] Lat: 47.397981, Lon: 8.546167, Alt: 30.03m
11:11:18 [POS] Lat: 47.397981, Lon: 8.546167, Alt: 30.02m
11:11:18 [POS] Lat: 47.397981, Lon: 8.546167, Alt: 30.00m
11:11:18 [POS] Lat: 47.397980, Lon: 8.546167, Alt: 29.98m
11:11:18 [POS] Lat: 47.397980, Lon: 8.546167, Alt: 29.96m
11:11:18 [POS] Lat: 47.397980, Lon: 8.546167, Alt: 29.95m
11:11:18 [POS] Lat: 47.397980, Lon: 8.546167, Alt: 29.92m
11:11:18 [POS] Lat: 47.397980, Lon: 8.546167, Alt: 29.90m
11:11:18 [POS] Lat: 47.397980, Lon: 8.546166, Alt: 29.88m
11:11:18 [POS] Lat: 47.397980, Lon: 8.546166, Alt: 29.86m
11:11:18 [POS] Lat: 47.397980, Lon: 8.546166, Alt: 29.83m
11:11:18 [POS] Lat: 47.397980, Lon: 8.546166, Alt: 29.81m
11:11:18 [POS] Lat: 47.397980, Lon: 8.546166, Alt: 29.77m
11:11:18 [POS] Lat: 47.397979, Lon: 8.546166, Alt: 29.75m
11:11:18 [POS] Lat: 47.397979, Lon: 8.546166, Alt: 29.72m
11:11:18 [POS] Lat: 47.397979, Lon: 8.546166, Alt: 29.69m
11:11:18 [POS] Lat: 47.397979, Lon: 8.546166, Alt: 29.66m
11:11:18 [POS] Lat: 47.397979, Lon: 8.546166, Alt: 29.63m
11:11:18 [POS] Lat: 47.397979, Lon: 8.546166, Alt: 29.60m
11:11:18 [POS] Lat: 47.397979, Lon: 8.546166, Alt: 29.57m
11:11:18 [POS] Lat: 47.397979, Lon: 8.546166, Alt: 29.53m
11:11:18 [POS] Lat: 47.397979, Lon: 8.546166, Alt: 29.51m
11:11:18 [POS] Lat: 47.397979, Lon: 8.546166, Alt: 29.47m
11:11:18 [POS] Lat: 47.397979, Lon: 8.546166, Alt: 29.45m
11:11:18 [POS] Lat: 47.397979, Lon: 8.546166, Alt: 29.41m
11:11:18 [POS] Lat: 47.397979, Lon: 8.546166, Alt: 29.38m
11:11:18 [POS] Lat: 47.397979, Lon: 8.546166, Alt: 29.34m
11:11:18 [POS] Lat: 47.397979, Lon: 8.546166, Alt: 29.32m
11:11:18 [POS] Lat: 47.397979, Lon: 8.546166, Alt: 29.28m
11:11:18 [POS] Lat: 47.397979, Lon: 8.546166, Alt: 29.25m
11:11:18 [POS] Lat: 47.397979, Lon: 8.546166, Alt: 29.21m
11:11:18 [POS] Lat: 47.397979, Lon: 8.546166, Alt: 29.19m
11:11:18 [POS] Lat: 47.397979, Lon: 8.546166, Alt: 29.15m
11:11:19 [POS] Lat: 47.397979, Lon: 8.546166, Alt: 29.13m
11:11:19 [POS] Lat: 47.397979, Lon: 8.546166, Alt: 29.09m
11:11:19 [POS] Lat: 47.397979, Lon: 8.546166, Alt: 29.07m
11:11:19 [POS] Lat: 47.397979, Lon: 8.546166, Alt: 29.03m
11:11:19 [POS] Lat: 47.397979, Lon: 8.546166, Alt: 29.01m
11:11:19 [BAT] Percentage: 67, Voltage: 15.30V
11:11:19 [POS] Lat: 47.397979, Lon: 8.546166, Alt: 28.97m
11:11:19 [POS] Lat: 47.397979, Lon: 8.546166, Alt: 28.95m
11:11:19 [POS] Lat: 47.397979, Lon: 8.546166, Alt: 28.91m
11:11:19 [POS] Lat: 47.397979, Lon: 8.546166, Alt: 28.89m
11:11:19 [POS] Lat: 47.397979, Lon: 8.546166, Alt: 28.85m
11:11:19 [POS] Lat: 47.397979, Lon: 8.546165, Alt: 28.83m
11:11:19 [POS] Lat: 47.397979, Lon: 8.546165, Alt: 28.80m
11:11:19 [POS] Lat: 47.397979, Lon: 8.546165, Alt: 28.77m
11:11:19 [POS] Lat: 47.397979, Lon: 8.546165, Alt: 28.74m
11:11:19 [POS] Lat: 47.397979, Lon: 8.546165, Alt: 28.72m
11:11:19 [POS] Lat: 47.397979, Lon: 8.546165, Alt: 28.68m
11:11:19 [POS] Lat: 47.397979, Lon: 8.546165, Alt: 28.66m
11:11:19 [POS] Lat: 47.397979, Lon: 8.546165, Alt: 28.62m
11:11:19 [POS] Lat: 47.397979, Lon: 8.546165, Alt: 28.60m
11:11:19 [POS] Lat: 47.397979, Lon: 8.546165, Alt: 28.57m
11:11:19 [POS] Lat: 47.397979, Lon: 8.546165, Alt: 28.55m
11:11:19 [POS] Lat: 47.397979, Lon: 8.546165, Alt: 28.51m
11:11:19 [POS] Lat: 47.397979, Lon: 8.546165, Alt: 28.49m
11:11:19 [POS] Lat: 47.397979, Lon: 8.546165, Alt: 28.46m
11:11:19 [POS] Lat: 47.397979, Lon: 8.546165, Alt: 28.44m
11:11:19 [POS] Lat: 47.397979, Lon: 8.546165, Alt: 28.40m
11:11:19 [POS] Lat: 47.397979, Lon: 8.546165, Alt: 28.38m
11:11:19 [POS] Lat: 47.397979, Lon: 8.546165, Alt: 28.35m
11:11:19 [POS] Lat: 47.397979, Lon: 8.546165, Alt: 28.32m
11:11:19 [POS] Lat: 47.397979, Lon: 8.546165, Alt: 28.29m
11:11:19 [POS] Lat: 47.397979, Lon: 8.546165, Alt: 28.27m
11:11:19 [POS] Lat: 47.397979, Lon: 8.546165, Alt: 28.23m
11:11:19 [POS] Lat: 47.397979, Lon: 8.546165, Alt: 28.21m
11:11:19 [POS] Lat: 47.397979, Lon: 8.546165, Alt: 28.18m
11:11:19 [POS] Lat: 47.397979, Lon: 8.546165, Alt: 28.16m
11:11:19 [POS] Lat: 47.397979, Lon: 8.546165, Alt: 28.12m
11:11:19 [POS] Lat: 47.397979, Lon: 8.546165, Alt: 28.10m
11:11:19 [POS] Lat: 47.397979, Lon: 8.546165, Alt: 28.07m
11:11:19 [POS] Lat: 47.397979, Lon: 8.546166, Alt: 28.04m
11:11:19 [POS] Lat: 47.397979, Lon: 8.546166, Alt: 28.01m
11:11:19 [POS] Lat: 47.397979, Lon: 8.546166, Alt: 27.99m
11:11:19 [POS] Lat: 47.397979, Lon: 8.546166, Alt: 27.95m
11:11:19 [POS] Lat: 47.397979, Lon: 8.546166, Alt: 27.93m
11:11:19 [POS] Lat: 47.397979, Lon: 8.546166, Alt: 27.90m
11:11:19 [POS] Lat: 47.397979, Lon: 8.546166, Alt: 27.88m
11:11:19 [POS] Lat: 47.397979, Lon: 8.546166, Alt: 27.84m
11:11:19 [POS] Lat: 47.397979, Lon: 8.546166, Alt: 27.82m
11:11:19 [POS] Lat: 47.397979, Lon: 8.546166, Alt: 27.79m
11:11:19 [POS] Lat: 47.397979, Lon: 8.546166, Alt: 27.76m
11:11:20 [POS] Lat: 47.397979, Lon: 8.546166, Alt: 27.73m
11:11:20 [POS] Lat: 47.397979, Lon: 8.546166, Alt: 27.71m
11:11:20 [POS] Lat: 47.397979, Lon: 8.546166, Alt: 27.68m
11:11:20 [POS] Lat: 47.397979, Lon: 8.546166, Alt: 27.66m
11:11:20 [POS] Lat: 47.397979, Lon: 8.546166, Alt: 27.63m
11:11:20 [POS] Lat: 47.397979, Lon: 8.546166, Alt: 27.60m
11:11:20 [POS] Lat: 47.397979, Lon: 8.546166, Alt: 27.57m
11:11:20 [POS] Lat: 47.397979, Lon: 8.546166, Alt: 27.55m
11:11:20 [POS] Lat: 47.397979, Lon: 8.546166, Alt: 27.52m
11:11:20 [POS] Lat: 47.397979, Lon: 8.546166, Alt: 27.50m
11:11:20 [POS] Lat: 47.397979, Lon: 8.546166, Alt: 27.46m
11:11:20 [POS] Lat: 47.397979, Lon: 8.546166, Alt: 27.44m
11:11:20 [POS] Lat: 47.397979, Lon: 8.546166, Alt: 27.41m
11:11:20 [POS] Lat: 47.397979, Lon: 8.546166, Alt: 27.39m
11:11:20 [POS] Lat: 47.397979, Lon: 8.546166, Alt: 27.35m
11:11:20 [POS] Lat: 47.397979, Lon: 8.546166, Alt: 27.33m
11:11:20 [POS] Lat: 47.397979, Lon: 8.546166, Alt: 27.30m
11:11:20 [POS] Lat: 47.397979, Lon: 8.546166, Alt: 27.27m
11:11:20 [POS] Lat: 47.397978, Lon: 8.546166, Alt: 27.24m
11:11:20 [POS] Lat: 47.397978, Lon: 8.546166, Alt: 27.22m
11:11:20 [POS] Lat: 47.397978, Lon: 8.546166, Alt: 27.18m
11:11:20 [POS] Lat: 47.397978, Lon: 8.546166, Alt: 27.16m
11:11:20 [POS] Lat: 47.397978, Lon: 8.546166, Alt: 27.12m
11:11:20 [POS] Lat: 47.397978, Lon: 8.546166, Alt: 27.10m
11:11:20 [POS] Lat: 47.397978, Lon: 8.546166, Alt: 27.07m
11:11:20 [POS] Lat: 47.397978, Lon: 8.546166, Alt: 27.04m
11:11:20 [POS] Lat: 47.397978, Lon: 8.546166, Alt: 27.01m
11:11:20 [POS] Lat: 47.397978, Lon: 8.546166, Alt: 26.99m
11:11:20 [POS] Lat: 47.397978, Lon: 8.546166, Alt: 26.95m
11:11:20 [POS] Lat: 47.397978, Lon: 8.546167, Alt: 26.93m
11:11:20 [POS] Lat: 47.397978, Lon: 8.546167, Alt: 26.90m
11:11:20 [POS] Lat: 47.397978, Lon: 8.546167, Alt: 26.87m
11:11:20 [POS] Lat: 47.397978, Lon: 8.546167, Alt: 26.84m
11:11:20 [POS] Lat: 47.397978, Lon: 8.546167, Alt: 26.81m
11:11:20 [POS] Lat: 47.397978, Lon: 8.546167, Alt: 26.77m
11:11:20 [POS] Lat: 47.397978, Lon: 8.546167, Alt: 26.75m
11:11:20 [POS] Lat: 47.397978, Lon: 8.546167, Alt: 26.71m
11:11:20 [POS] Lat: 47.397978, Lon: 8.546167, Alt: 26.69m
11:11:20 [POS] Lat: 47.397978, Lon: 8.546167, Alt: 26.65m
11:11:20 [POS] Lat: 47.397978, Lon: 8.546167, Alt: 26.63m
11:11:20 [POS] Lat: 47.397978, Lon: 8.546167, Alt: 26.59m
11:11:20 [POS] Lat: 47.397978, Lon: 8.546167, Alt: 26.56m
11:11:20 [POS] Lat: 47.397978, Lon: 8.546167, Alt: 26.53m
11:11:20 [POS] Lat: 47.397978, Lon: 8.546167, Alt: 26.50m
11:11:20 [POS] Lat: 47.397978, Lon: 8.546167, Alt: 26.47m
11:11:20 [POS] Lat: 47.397978, Lon: 8.546167, Alt: 26.44m
11:11:20 [POS] Lat: 47.397978, Lon: 8.546167, Alt: 26.41m
11:11:20 [POS] Lat: 47.397978, Lon: 8.546167, Alt: 26.38m
11:11:20 [POS] Lat: 47.397978, Lon: 8.546167, Alt: 26.34m
11:11:20 [POS] Lat: 47.397978, Lon: 8.546167, Alt: 26.32m
11:11:21 [POS] Lat: 47.397978, Lon: 8.546167, Alt: 26.29m
11:11:21 [POS] Lat: 47.397978, Lon: 8.546167, Alt: 26.26m
11:11:21 [POS] Lat: 47.397978, Lon: 8.546167, Alt: 26.23m
11:11:21 [POS] Lat: 47.397978, Lon: 8.546167, Alt: 26.21m
11:11:21 [POS] Lat: 47.397978, Lon: 8.546167, Alt: 26.17m
11:11:21 [POS] Lat: 47.397978, Lon: 8.546167, Alt: 26.15m
11:11:21 [BAT] Percentage: 66, Voltage: 15.30V
11:11:21 [POS] Lat: 47.397978, Lon: 8.546167, Alt: 26.11m
11:11:21 [POS] Lat: 47.397978, Lon: 8.546167, Alt: 26.09m
11:11:21 [POS] Lat: 47.397978, Lon: 8.546167, Alt: 26.05m
11:11:21 [POS] Lat: 47.397978, Lon: 8.546167, Alt: 26.03m
11:11:21 [POS] Lat: 47.397978, Lon: 8.546167, Alt: 25.99m
11:11:21 [POS] Lat: 47.397978, Lon: 8.546167, Alt: 25.97m
11:11:21 [POS] Lat: 47.397978, Lon: 8.546167, Alt: 25.93m
11:11:21 [POS] Lat: 47.397978, Lon: 8.546168, Alt: 25.91m
11:11:21 [POS] Lat: 47.397978, Lon: 8.546168, Alt: 25.87m
11:11:21 [POS] Lat: 47.397978, Lon: 8.546168, Alt: 25.85m
11:11:21 [POS] Lat: 47.397978, Lon: 8.546168, Alt: 25.81m
11:11:21 [POS] Lat: 47.397978, Lon: 8.546168, Alt: 25.79m
11:11:21 [POS] Lat: 47.397978, Lon: 8.546168, Alt: 25.75m
11:11:21 [POS] Lat: 47.397978, Lon: 8.546168, Alt: 25.72m
11:11:21 [POS] Lat: 47.397978, Lon: 8.546168, Alt: 25.69m
11:11:21 [POS] Lat: 47.397978, Lon: 8.546168, Alt: 25.66m
11:11:21 [POS] Lat: 47.397978, Lon: 8.546168, Alt: 25.62m
11:11:21 [POS] Lat: 47.397978, Lon: 8.546168, Alt: 25.60m
11:11:21 [POS] Lat: 47.397978, Lon: 8.546168, Alt: 25.56m
11:11:21 [POS] Lat: 47.397978, Lon: 8.546168, Alt: 25.54m
11:11:21 [POS] Lat: 47.397978, Lon: 8.546168, Alt: 25.50m
11:11:21 [POS] Lat: 47.397978, Lon: 8.546168, Alt: 25.47m
11:11:21 [POS] Lat: 47.397978, Lon: 8.546168, Alt: 25.44m
11:11:21 [POS] Lat: 47.397978, Lon: 8.546168, Alt: 25.41m
11:11:21 [POS] Lat: 47.397978, Lon: 8.546168, Alt: 25.38m
11:11:21 [POS] Lat: 47.397978, Lon: 8.546168, Alt: 25.35m
11:11:21 [POS] Lat: 47.397978, Lon: 8.546168, Alt: 25.31m
11:11:21 [POS] Lat: 47.397978, Lon: 8.546168, Alt: 25.29m
11:11:21 [POS] Lat: 47.397978, Lon: 8.546168, Alt: 25.25m
11:11:21 [POS] Lat: 47.397978, Lon: 8.546168, Alt: 25.23m
11:11:21 [POS] Lat: 47.397978, Lon: 8.546168, Alt: 25.19m
11:11:21 [POS] Lat: 47.397978, Lon: 8.546168, Alt: 25.17m
11:11:21 [POS] Lat: 47.397978, Lon: 8.546168, Alt: 25.13m
11:11:21 [POS] Lat: 47.397978, Lon: 8.546168, Alt: 25.11m
11:11:21 [POS] Lat: 47.397978, Lon: 8.546168, Alt: 25.07m
11:11:21 [POS] Lat: 47.397978, Lon: 8.546168, Alt: 25.04m
11:11:21 [POS] Lat: 47.397978, Lon: 8.546168, Alt: 25.01m
11:11:21 [POS] Lat: 47.397978, Lon: 8.546168, Alt: 24.98m
11:11:21 [POS] Lat: 47.397978, Lon: 8.546168, Alt: 24.95m
11:11:21 [POS] Lat: 47.397978, Lon: 8.546168, Alt: 24.92m
11:11:21 [POS] Lat: 47.397978, Lon: 8.546168, Alt: 24.88m
11:11:21 [POS] Lat: 47.397978, Lon: 8.546168, Alt: 24.86m
11:11:21 [POS] Lat: 47.397978, Lon: 8.546168, Alt: 24.82m
11:11:22 [POS] Lat: 47.397978, Lon: 8.546168, Alt: 24.80m
11:11:22 [POS] Lat: 47.397978, Lon: 8.546168, Alt: 24.76m
11:11:22 [POS] Lat: 47.397978, Lon: 8.546168, Alt: 24.74m
11:11:22 [POS] Lat: 47.397978, Lon: 8.546168, Alt: 24.70m
11:11:22 [POS] Lat: 47.397979, Lon: 8.546169, Alt: 24.68m
11:11:22 [POS] Lat: 47.397979, Lon: 8.546169, Alt: 24.64m
11:11:22 [POS] Lat: 47.397979, Lon: 8.546169, Alt: 24.61m
11:11:22 [POS] Lat: 47.397979, Lon: 8.546169, Alt: 24.58m
11:11:22 [POS] Lat: 47.397979, Lon: 8.546169, Alt: 24.55m
11:11:22 [POS] Lat: 47.397979, Lon: 8.546169, Alt: 24.52m
11:11:22 [POS] Lat: 47.397979, Lon: 8.546169, Alt: 24.50m
11:11:22 [POS] Lat: 47.397979, Lon: 8.546169, Alt: 24.46m
11:11:22 [POS] Lat: 47.397979, Lon: 8.546169, Alt: 24.44m
11:11:22 [POS] Lat: 47.397979, Lon: 8.546169, Alt: 24.40m
11:11:22 [POS] Lat: 47.397979, Lon: 8.546169, Alt: 24.38m
11:11:22 [POS] Lat: 47.397979, Lon: 8.546169, Alt: 24.34m
11:11:22 [POS] Lat: 47.397979, Lon: 8.546169, Alt: 24.32m
11:11:22 [POS] Lat: 47.397979, Lon: 8.546169, Alt: 24.28m
11:11:22 [POS] Lat: 47.397979, Lon: 8.546169, Alt: 24.26m
11:11:22 [POS] Lat: 47.397979, Lon: 8.546169, Alt: 24.22m
11:11:22 [POS] Lat: 47.397979, Lon: 8.546169, Alt: 24.20m
11:11:22 [POS] Lat: 47.397979, Lon: 8.546169, Alt: 24.16m
11:11:22 [POS] Lat: 47.397979, Lon: 8.546169, Alt: 24.14m
11:11:22 [POS] Lat: 47.397979, Lon: 8.546169, Alt: 24.10m
11:11:22 [POS] Lat: 47.397979, Lon: 8.546169, Alt: 24.08m
11:11:22 [POS] Lat: 47.397979, Lon: 8.546169, Alt: 24.04m
11:11:22 [POS] Lat: 47.397979, Lon: 8.546169, Alt: 24.02m
11:11:22 [POS] Lat: 47.397979, Lon: 8.546169, Alt: 23.98m
11:11:22 [POS] Lat: 47.397979, Lon: 8.546169, Alt: 23.96m
11:11:22 [POS] Lat: 47.397979, Lon: 8.546169, Alt: 23.93m
11:11:22 [POS] Lat: 47.397979, Lon: 8.546169, Alt: 23.90m
11:11:22 [POS] Lat: 47.397979, Lon: 8.546169, Alt: 23.87m
11:11:22 [POS] Lat: 47.397979, Lon: 8.546169, Alt: 23.85m
11:11:22 [POS] Lat: 47.397979, Lon: 8.546169, Alt: 23.81m
11:11:22 [POS] Lat: 47.397979, Lon: 8.546169, Alt: 23.79m
11:11:22 [POS] Lat: 47.397979, Lon: 8.546169, Alt: 23.76m
11:11:22 [POS] Lat: 47.397979, Lon: 8.546169, Alt: 23.74m
11:11:22 [POS] Lat: 47.397979, Lon: 8.546169, Alt: 23.70m
11:11:22 [POS] Lat: 47.397979, Lon: 8.546169, Alt: 23.68m
11:11:22 [POS] Lat: 47.397979, Lon: 8.546169, Alt: 23.65m
11:11:22 [POS] Lat: 47.397979, Lon: 8.546169, Alt: 23.63m
11:11:22 [POS] Lat: 47.397979, Lon: 8.546169, Alt: 23.59m
11:11:22 [POS] Lat: 47.397979, Lon: 8.546169, Alt: 23.57m
11:11:22 [POS] Lat: 47.397979, Lon: 8.546169, Alt: 23.54m
11:11:22 [POS] Lat: 47.397979, Lon: 8.546168, Alt: 23.52m
11:11:22 [POS] Lat: 47.397979, Lon: 8.546168, Alt: 23.49m
11:11:22 [POS] Lat: 47.397979, Lon: 8.546168, Alt: 23.47m
11:11:22 [POS] Lat: 47.397979, Lon: 8.546168, Alt: 23.43m
11:11:22 [POS] Lat: 47.397979, Lon: 8.546168, Alt: 23.41m
11:11:22 [POS] Lat: 47.397979, Lon: 8.546168, Alt: 23.38m
11:11:23 [POS] Lat: 47.397979, Lon: 8.546168, Alt: 23.36m
11:11:23 [POS] Lat: 47.397979, Lon: 8.546168, Alt: 23.32m
11:11:23 [POS] Lat: 47.397979, Lon: 8.546168, Alt: 23.30m
11:11:23 [POS] Lat: 47.397979, Lon: 8.546168, Alt: 23.27m
11:11:23 [POS] Lat: 47.397979, Lon: 8.546168, Alt: 23.25m
11:11:23 [POS] Lat: 47.397979, Lon: 8.546168, Alt: 23.21m
11:11:23 [POS] Lat: 47.397979, Lon: 8.546168, Alt: 23.19m
11:11:23 [BAT] Percentage: 66, Voltage: 15.30V
11:11:23 [POS] Lat: 47.397979, Lon: 8.546168, Alt: 23.16m
11:11:23 [POS] Lat: 47.397979, Lon: 8.546168, Alt: 23.14m
11:11:23 [POS] Lat: 47.397979, Lon: 8.546168, Alt: 23.10m
11:11:23 [POS] Lat: 47.397979, Lon: 8.546168, Alt: 23.08m
11:11:23 [POS] Lat: 47.397979, Lon: 8.546168, Alt: 23.05m
11:11:23 [POS] Lat: 47.397979, Lon: 8.546168, Alt: 23.03m
11:11:23 [POS] Lat: 47.397979, Lon: 8.546168, Alt: 22.99m
11:11:23 [POS] Lat: 47.397979, Lon: 8.546168, Alt: 22.97m
11:11:23 [POS] Lat: 47.397979, Lon: 8.546168, Alt: 22.94m
11:11:23 [POS] Lat: 47.397979, Lon: 8.546168, Alt: 22.92m
11:11:23 [POS] Lat: 47.397979, Lon: 8.546168, Alt: 22.89m
11:11:23 [POS] Lat: 47.397979, Lon: 8.546168, Alt: 22.87m
11:11:23 [POS] Lat: 47.397979, Lon: 8.546168, Alt: 22.84m
11:11:23 [POS] Lat: 47.397979, Lon: 8.546168, Alt: 22.82m
11:11:23 [POS] Lat: 47.397979, Lon: 8.546168, Alt: 22.79m
11:11:23 [POS] Lat: 47.397979, Lon: 8.546168, Alt: 22.76m
11:11:23 [POS] Lat: 47.397978, Lon: 8.546168, Alt: 22.73m
11:11:23 [POS] Lat: 47.397978, Lon: 8.546168, Alt: 22.71m
11:11:23 [POS] Lat: 47.397978, Lon: 8.546168, Alt: 22.68m
11:11:23 [POS] Lat: 47.397978, Lon: 8.546168, Alt: 22.66m
11:11:23 [POS] Lat: 47.397978, Lon: 8.546168, Alt: 22.63m
11:11:23 [POS] Lat: 47.397978, Lon: 8.546168, Alt: 22.61m
11:11:23 [POS] Lat: 47.397978, Lon: 8.546168, Alt: 22.58m
11:11:23 [POS] Lat: 47.397978, Lon: 8.546168, Alt: 22.55m
11:11:23 [POS] Lat: 47.397978, Lon: 8.546168, Alt: 22.52m
11:11:23 [POS] Lat: 47.397978, Lon: 8.546168, Alt: 22.50m
11:11:23 [POS] Lat: 47.397978, Lon: 8.546167, Alt: 22.47m
11:11:23 [POS] Lat: 47.397978, Lon: 8.546167, Alt: 22.45m
11:11:23 [POS] Lat: 47.397978, Lon: 8.546167, Alt: 22.42m
11:11:23 [POS] Lat: 47.397978, Lon: 8.546167, Alt: 22.39m
11:11:23 [POS] Lat: 47.397978, Lon: 8.546167, Alt: 22.36m
11:11:23 [POS] Lat: 47.397978, Lon: 8.546167, Alt: 22.34m
11:11:23 [POS] Lat: 47.397978, Lon: 8.546167, Alt: 22.31m
11:11:23 [POS] Lat: 47.397978, Lon: 8.546167, Alt: 22.29m
11:11:23 [POS] Lat: 47.397978, Lon: 8.546167, Alt: 22.26m
11:11:23 [POS] Lat: 47.397978, Lon: 8.546167, Alt: 22.24m
11:11:23 [POS] Lat: 47.397978, Lon: 8.546167, Alt: 22.21m
11:11:23 [POS] Lat: 47.397978, Lon: 8.546167, Alt: 22.19m
11:11:23 [POS] Lat: 47.397978, Lon: 8.546167, Alt: 22.16m
11:11:23 [POS] Lat: 47.397978, Lon: 8.546167, Alt: 22.13m
11:11:23 [POS] Lat: 47.397978, Lon: 8.546167, Alt: 22.10m
11:11:23 [POS] Lat: 47.397978, Lon: 8.546167, Alt: 22.08m
11:11:24 [POS] Lat: 47.397978, Lon: 8.546167, Alt: 22.05m
11:11:24 [POS] Lat: 47.397978, Lon: 8.546167, Alt: 22.03m
11:11:24 [POS] Lat: 47.397978, Lon: 8.546167, Alt: 21.99m
11:11:24 [POS] Lat: 47.397978, Lon: 8.546167, Alt: 21.97m
11:11:24 [POS] Lat: 47.397978, Lon: 8.546167, Alt: 21.94m
11:11:24 [POS] Lat: 47.397978, Lon: 8.546167, Alt: 21.92m
11:11:24 [POS] Lat: 47.397978, Lon: 8.546167, Alt: 21.88m
11:11:24 [POS] Lat: 47.397978, Lon: 8.546167, Alt: 21.86m
11:11:24 [POS] Lat: 47.397978, Lon: 8.546167, Alt: 21.83m
11:11:24 [POS] Lat: 47.397978, Lon: 8.546167, Alt: 21.81m
11:11:24 [POS] Lat: 47.397978, Lon: 8.546167, Alt: 21.77m
11:11:24 [POS] Lat: 47.397978, Lon: 8.546167, Alt: 21.75m
11:11:24 [POS] Lat: 47.397978, Lon: 8.546167, Alt: 21.72m
11:11:24 [POS] Lat: 47.397978, Lon: 8.546167, Alt: 21.70m
11:11:24 [POS] Lat: 47.397978, Lon: 8.546167, Alt: 21.66m
11:11:24 [POS] Lat: 47.397978, Lon: 8.546167, Alt: 21.64m
11:11:24 [POS] Lat: 47.397978, Lon: 8.546167, Alt: 21.61m
11:11:24 [POS] Lat: 47.397978, Lon: 8.546167, Alt: 21.59m
11:11:24 [POS] Lat: 47.397978, Lon: 8.546167, Alt: 21.55m
11:11:24 [POS] Lat: 47.397978, Lon: 8.546167, Alt: 21.53m
11:11:24 [POS] Lat: 47.397978, Lon: 8.546167, Alt: 21.50m
11:11:24 [POS] Lat: 47.397978, Lon: 8.546167, Alt: 21.47m
11:11:24 [POS] Lat: 47.397978, Lon: 8.546167, Alt: 21.44m
11:11:24 [POS] Lat: 47.397978, Lon: 8.546167, Alt: 21.42m
11:11:24 [POS] Lat: 47.397977, Lon: 8.546167, Alt: 21.38m
11:11:24 [POS] Lat: 47.397977, Lon: 8.546167, Alt: 21.36m
11:11:24 [POS] Lat: 47.397977, Lon: 8.546167, Alt: 21.33m
11:11:24 [POS] Lat: 47.397977, Lon: 8.546167, Alt: 21.31m
11:11:24 [POS] Lat: 47.397977, Lon: 8.546167, Alt: 21.27m
11:11:24 [POS] Lat: 47.397977, Lon: 8.546167, Alt: 21.25m
11:11:24 [POS] Lat: 47.397977, Lon: 8.546167, Alt: 21.22m
11:11:24 [POS] Lat: 47.397977, Lon: 8.546167, Alt: 21.19m
11:11:24 [POS] Lat: 47.397977, Lon: 8.546167, Alt: 21.16m
11:11:24 [POS] Lat: 47.397977, Lon: 8.546167, Alt: 21.14m
11:11:24 [POS] Lat: 47.397977, Lon: 8.546167, Alt: 21.10m
11:11:24 [POS] Lat: 47.397977, Lon: 8.546167, Alt: 21.08m
11:11:24 [POS] Lat: 47.397977, Lon: 8.546167, Alt: 21.04m
11:11:24 [POS] Lat: 47.397977, Lon: 8.546167, Alt: 21.02m
11:11:24 [POS] Lat: 47.397977, Lon: 8.546167, Alt: 20.98m
11:11:24 [POS] Lat: 47.397977, Lon: 8.546167, Alt: 20.96m
11:11:24 [POS] Lat: 47.397977, Lon: 8.546167, Alt: 20.93m
11:11:24 [POS] Lat: 47.397977, Lon: 8.546167, Alt: 20.91m
11:11:24 [POS] Lat: 47.397977, Lon: 8.546167, Alt: 20.87m
11:11:24 [POS] Lat: 47.397977, Lon: 8.546167, Alt: 20.85m
11:11:24 [POS] Lat: 47.397977, Lon: 8.546167, Alt: 20.82m
11:11:24 [POS] Lat: 47.397977, Lon: 8.546167, Alt: 20.80m
11:11:24 [POS] Lat: 47.397977, Lon: 8.546167, Alt: 20.76m
11:11:24 [POS] Lat: 47.397977, Lon: 8.546167, Alt: 20.74m
11:11:24 [POS] Lat: 47.397977, Lon: 8.546167, Alt: 20.71m
11:11:24 [POS] Lat: 47.397977, Lon: 8.546167, Alt: 20.69m
11:11:25 [POS] Lat: 47.397977, Lon: 8.546167, Alt: 20.65m
11:11:25 [POS] Lat: 47.397977, Lon: 8.546167, Alt: 20.63m
11:11:25 [POS] Lat: 47.397977, Lon: 8.546167, Alt: 20.60m
11:11:25 [POS] Lat: 47.397977, Lon: 8.546167, Alt: 20.57m
11:11:25 [POS] Lat: 47.397977, Lon: 8.546167, Alt: 20.54m
11:11:25 [POS] Lat: 47.397977, Lon: 8.546167, Alt: 20.52m
11:11:25 [POS] Lat: 47.397977, Lon: 8.546167, Alt: 20.48m
11:11:25 [POS] Lat: 47.397977, Lon: 8.546167, Alt: 20.46m
11:11:25 [BAT] Percentage: 66, Voltage: 15.30V
11:11:25 [POS] Lat: 47.397977, Lon: 8.546167, Alt: 20.42m
11:11:25 [POS] Lat: 47.397977, Lon: 8.546167, Alt: 20.40m
11:11:25 [POS] Lat: 47.397977, Lon: 8.546167, Alt: 20.37m
11:11:25 [POS] Lat: 47.397977, Lon: 8.546167, Alt: 20.35m
11:11:25 [POS] Lat: 47.397977, Lon: 8.546167, Alt: 20.31m
11:11:25 [POS] Lat: 47.397977, Lon: 8.546167, Alt: 20.29m
11:11:25 [POS] Lat: 47.397977, Lon: 8.546167, Alt: 20.26m
11:11:25 [POS] Lat: 47.397977, Lon: 8.546167, Alt: 20.23m
11:11:25 [POS] Lat: 47.397977, Lon: 8.546167, Alt: 20.20m
11:11:25 [POS] Lat: 47.397977, Lon: 8.546167, Alt: 20.18m
11:11:25 [POS] Lat: 47.397977, Lon: 8.546167, Alt: 20.15m
11:11:25 [POS] Lat: 47.397977, Lon: 8.546167, Alt: 20.12m
11:11:25 [POS] Lat: 47.397977, Lon: 8.546167, Alt: 20.09m
11:11:25 [POS] Lat: 47.397977, Lon: 8.546167, Alt: 20.07m
11:11:25 [POS] Lat: 47.397977, Lon: 8.546167, Alt: 20.04m
11:11:25 [POS] Lat: 47.397977, Lon: 8.546167, Alt: 20.02m
11:11:25 [POS] Lat: 47.397977, Lon: 8.546167, Alt: 19.98m
11:11:25 [POS] Lat: 47.397977, Lon: 8.546167, Alt: 19.96m
11:11:25 [POS] Lat: 47.397977, Lon: 8.546167, Alt: 19.93m
11:11:25 [POS] Lat: 47.397977, Lon: 8.546167, Alt: 19.90m
11:11:25 [POS] Lat: 47.397977, Lon: 8.546167, Alt: 19.87m
11:11:25 [POS] Lat: 47.397977, Lon: 8.546167, Alt: 19.85m
11:11:25 [POS] Lat: 47.397977, Lon: 8.546167, Alt: 19.82m
11:11:25 [POS] Lat: 47.397977, Lon: 8.546167, Alt: 19.79m
11:11:25 [POS] Lat: 47.397977, Lon: 8.546167, Alt: 19.76m
11:11:25 [POS] Lat: 47.397977, Lon: 8.546167, Alt: 19.74m
11:11:25 [POS] Lat: 47.397977, Lon: 8.546167, Alt: 19.70m
11:11:25 [POS] Lat: 47.397977, Lon: 8.546167, Alt: 19.68m
11:11:25 [POS] Lat: 47.397977, Lon: 8.546167, Alt: 19.65m
11:11:25 [POS] Lat: 47.397977, Lon: 8.546167, Alt: 19.63m
11:11:25 [POS] Lat: 47.397977, Lon: 8.546166, Alt: 19.59m
11:11:25 [POS] Lat: 47.397977, Lon: 8.546166, Alt: 19.57m
11:11:25 [POS] Lat: 47.397977, Lon: 8.546166, Alt: 19.54m
11:11:25 [POS] Lat: 47.397977, Lon: 8.546166, Alt: 19.52m
11:11:25 [POS] Lat: 47.397977, Lon: 8.546166, Alt: 19.48m
11:11:25 [POS] Lat: 47.397977, Lon: 8.546166, Alt: 19.46m
11:11:25 [POS] Lat: 47.397977, Lon: 8.546166, Alt: 19.43m
11:11:25 [POS] Lat: 47.397977, Lon: 8.546166, Alt: 19.41m
11:11:25 [POS] Lat: 47.397977, Lon: 8.546166, Alt: 19.37m
11:11:25 [POS] Lat: 47.397977, Lon: 8.546166, Alt: 19.35m
11:11:25 [POS] Lat: 47.397977, Lon: 8.546166, Alt: 19.32m
11:11:25 [POS] Lat: 47.397977, Lon: 8.546166, Alt: 19.30m
11:11:26 [POS] Lat: 47.397977, Lon: 8.546166, Alt: 19.27m
11:11:26 [POS] Lat: 47.397977, Lon: 8.546166, Alt: 19.25m
11:11:26 [POS] Lat: 47.397977, Lon: 8.546166, Alt: 19.21m
11:11:26 [POS] Lat: 47.397977, Lon: 8.546166, Alt: 19.19m
11:11:26 [POS] Lat: 47.397977, Lon: 8.546166, Alt: 19.16m
11:11:26 [POS] Lat: 47.397977, Lon: 8.546166, Alt: 19.14m
11:11:26 [POS] Lat: 47.397977, Lon: 8.546166, Alt: 19.10m
11:11:26 [POS] Lat: 47.397977, Lon: 8.546166, Alt: 19.08m
11:11:26 [POS] Lat: 47.397977, Lon: 8.546166, Alt: 19.05m
11:11:26 [POS] Lat: 47.397977, Lon: 8.546166, Alt: 19.03m
11:11:26 [POS] Lat: 47.397977, Lon: 8.546166, Alt: 18.99m
11:11:26 [POS] Lat: 47.397977, Lon: 8.546166, Alt: 18.97m
11:11:26 [POS] Lat: 47.397977, Lon: 8.546166, Alt: 18.94m
11:11:26 [POS] Lat: 47.397977, Lon: 8.546166, Alt: 18.92m
11:11:26 [POS] Lat: 47.397977, Lon: 8.546166, Alt: 18.89m
11:11:26 [POS] Lat: 47.397977, Lon: 8.546166, Alt: 18.87m
11:11:26 [POS] Lat: 47.397977, Lon: 8.546166, Alt: 18.83m
11:11:26 [POS] Lat: 47.397977, Lon: 8.546166, Alt: 18.81m
11:11:26 [POS] Lat: 47.397977, Lon: 8.546166, Alt: 18.78m
11:11:26 [POS] Lat: 47.397977, Lon: 8.546166, Alt: 18.76m
11:11:26 [POS] Lat: 47.397977, Lon: 8.546166, Alt: 18.73m
11:11:26 [POS] Lat: 47.397977, Lon: 8.546166, Alt: 18.70m
11:11:26 [POS] Lat: 47.397977, Lon: 8.546166, Alt: 18.67m
11:11:26 [POS] Lat: 47.397977, Lon: 8.546166, Alt: 18.65m
11:11:26 [POS] Lat: 47.397977, Lon: 8.546166, Alt: 18.61m
11:11:26 [POS] Lat: 47.397977, Lon: 8.546166, Alt: 18.59m
11:11:26 [POS] Lat: 47.397976, Lon: 8.546166, Alt: 18.56m
11:11:26 [POS] Lat: 47.397976, Lon: 8.546166, Alt: 18.54m
11:11:26 [POS] Lat: 47.397976, Lon: 8.546166, Alt: 18.50m
11:11:26 [POS] Lat: 47.397976, Lon: 8.546166, Alt: 18.48m
11:11:26 [POS] Lat: 47.397976, Lon: 8.546166, Alt: 18.45m
11:11:26 [POS] Lat: 47.397976, Lon: 8.546166, Alt: 18.43m
11:11:26 [POS] Lat: 47.397976, Lon: 8.546166, Alt: 18.39m
11:11:26 [POS] Lat: 47.397976, Lon: 8.546166, Alt: 18.37m
11:11:26 [POS] Lat: 47.397976, Lon: 8.546166, Alt: 18.34m
11:11:26 [POS] Lat: 47.397976, Lon: 8.546166, Alt: 18.32m
11:11:26 [POS] Lat: 47.397976, Lon: 8.546166, Alt: 18.28m
11:11:26 [POS] Lat: 47.397976, Lon: 8.546166, Alt: 18.26m
11:11:26 [POS] Lat: 47.397976, Lon: 8.546166, Alt: 18.23m
11:11:26 [POS] Lat: 47.397976, Lon: 8.546166, Alt: 18.21m
11:11:26 [POS] Lat: 47.397976, Lon: 8.546166, Alt: 18.17m
11:11:26 [POS] Lat: 47.397976, Lon: 8.546166, Alt: 18.15m
11:11:26 [POS] Lat: 47.397976, Lon: 8.546166, Alt: 18.12m
11:11:26 [POS] Lat: 47.397976, Lon: 8.546166, Alt: 18.10m
11:11:26 [POS] Lat: 47.397976, Lon: 8.546166, Alt: 18.06m
11:11:26 [POS] Lat: 47.397976, Lon: 8.546166, Alt: 18.04m
11:11:26 [POS] Lat: 47.397976, Lon: 8.546166, Alt: 18.01m
11:11:26 [POS] Lat: 47.397976, Lon: 8.546166, Alt: 17.98m
11:11:26 [POS] Lat: 47.397976, Lon: 8.546165, Alt: 17.95m
11:11:27 [POS] Lat: 47.397976, Lon: 8.546165, Alt: 17.93m
11:11:27 [POS] Lat: 47.397976, Lon: 8.546165, Alt: 17.89m
11:11:27 [POS] Lat: 47.397976, Lon: 8.546165, Alt: 17.87m
11:11:27 [POS] Lat: 47.397976, Lon: 8.546165, Alt: 17.83m
11:11:27 [POS] Lat: 47.397976, Lon: 8.546165, Alt: 17.81m
11:11:27 [POS] Lat: 47.397976, Lon: 8.546165, Alt: 17.78m
11:11:27 [POS] Lat: 47.397976, Lon: 8.546165, Alt: 17.75m
11:11:27 [POS] Lat: 47.397976, Lon: 8.546165, Alt: 17.72m
11:11:27 [POS] Lat: 47.397976, Lon: 8.546165, Alt: 17.69m
11:11:27 [BAT] Percentage: 66, Voltage: 15.30V
11:11:27 [POS] Lat: 47.397976, Lon: 8.546165, Alt: 17.66m
11:11:27 [POS] Lat: 47.397976, Lon: 8.546165, Alt: 17.64m
11:11:27 [POS] Lat: 47.397976, Lon: 8.546165, Alt: 17.60m
11:11:27 [POS] Lat: 47.397976, Lon: 8.546165, Alt: 17.58m
11:11:27 [POS] Lat: 47.397976, Lon: 8.546165, Alt: 17.54m
11:11:27 [POS] Lat: 47.397976, Lon: 8.546165, Alt: 17.52m
11:11:27 [POS] Lat: 47.397976, Lon: 8.546165, Alt: 17.48m
11:11:27 [POS] Lat: 47.397976, Lon: 8.546165, Alt: 17.46m
11:11:27 [POS] Lat: 47.397975, Lon: 8.546165, Alt: 17.43m
11:11:27 [POS] Lat: 47.397975, Lon: 8.546165, Alt: 17.40m
11:11:27 [POS] Lat: 47.397975, Lon: 8.546165, Alt: 17.37m
11:11:27 [POS] Lat: 47.397975, Lon: 8.546165, Alt: 17.34m
11:11:27 [POS] Lat: 47.397975, Lon: 8.546165, Alt: 17.31m
11:11:27 [POS] Lat: 47.397975, Lon: 8.546165, Alt: 17.29m
11:11:27 [POS] Lat: 47.397975, Lon: 8.546165, Alt: 17.25m
11:11:27 [POS] Lat: 47.397975, Lon: 8.546165, Alt: 17.23m
11:11:27 [POS] Lat: 47.397975, Lon: 8.546165, Alt: 17.20m
11:11:27 [POS] Lat: 47.397975, Lon: 8.546165, Alt: 17.17m
11:11:27 [POS] Lat: 47.397975, Lon: 8.546165, Alt: 17.14m
11:11:27 [POS] Lat: 47.397975, Lon: 8.546165, Alt: 17.11m
11:11:27 [POS] Lat: 47.397975, Lon: 8.546165, Alt: 17.08m
11:11:27 [POS] Lat: 47.397975, Lon: 8.546165, Alt: 17.06m
11:11:27 [POS] Lat: 47.397975, Lon: 8.546165, Alt: 17.02m
11:11:27 [POS] Lat: 47.397975, Lon: 8.546165, Alt: 17.00m
11:11:27 [POS] Lat: 47.397975, Lon: 8.546165, Alt: 16.96m
11:11:27 [POS] Lat: 47.397975, Lon: 8.546165, Alt: 16.94m
11:11:27 [POS] Lat: 47.397975, Lon: 8.546165, Alt: 16.90m
11:11:27 [POS] Lat: 47.397975, Lon: 8.546165, Alt: 16.88m
11:11:27 [POS] Lat: 47.397975, Lon: 8.546165, Alt: 16.85m
11:11:27 [POS] Lat: 47.397975, Lon: 8.546165, Alt: 16.82m
11:11:27 [POS] Lat: 47.397975, Lon: 8.546165, Alt: 16.79m
11:11:27 [POS] Lat: 47.397975, Lon: 8.546165, Alt: 16.77m
11:11:27 [POS] Lat: 47.397975, Lon: 8.546165, Alt: 16.73m
11:11:27 [POS] Lat: 47.397975, Lon: 8.546165, Alt: 16.71m
11:11:27 [POS] Lat: 47.397975, Lon: 8.546165, Alt: 16.67m
11:11:27 [POS] Lat: 47.397975, Lon: 8.546165, Alt: 16.65m
11:11:27 [POS] Lat: 47.397975, Lon: 8.546165, Alt: 16.62m
11:11:27 [POS] Lat: 47.397975, Lon: 8.546165, Alt: 16.59m
11:11:27 [POS] Lat: 47.397975, Lon: 8.546165, Alt: 16.56m
11:11:27 [POS] Lat: 47.397975, Lon: 8.546165, Alt: 16.53m
11:11:27 [POS] Lat: 47.397975, Lon: 8.546165, Alt: 16.50m
11:11:28 [POS] Lat: 47.397975, Lon: 8.546165, Alt: 16.48m
11:11:28 [POS] Lat: 47.397974, Lon: 8.546165, Alt: 16.44m
11:11:28 [POS] Lat: 47.397974, Lon: 8.546165, Alt: 16.42m
11:11:28 [POS] Lat: 47.397974, Lon: 8.546165, Alt: 16.39m
11:11:28 [POS] Lat: 47.397974, Lon: 8.546165, Alt: 16.36m
11:11:28 [POS] Lat: 47.397974, Lon: 8.546165, Alt: 16.33m
11:11:28 [POS] Lat: 47.397974, Lon: 8.546165, Alt: 16.31m
11:11:28 [POS] Lat: 47.397974, Lon: 8.546165, Alt: 16.27m
11:11:28 [POS] Lat: 47.397974, Lon: 8.546165, Alt: 16.25m
11:11:28 [POS] Lat: 47.397974, Lon: 8.546165, Alt: 16.22m
11:11:28 [POS] Lat: 47.397974, Lon: 8.546165, Alt: 16.19m
11:11:28 [POS] Lat: 47.397974, Lon: 8.546165, Alt: 16.16m
11:11:28 [POS] Lat: 47.397974, Lon: 8.546165, Alt: 16.14m
11:11:28 [POS] Lat: 47.397974, Lon: 8.546165, Alt: 16.10m
11:11:28 [POS] Lat: 47.397974, Lon: 8.546165, Alt: 16.08m
11:11:28 [POS] Lat: 47.397974, Lon: 8.546165, Alt: 16.04m
11:11:28 [POS] Lat: 47.397974, Lon: 8.546165, Alt: 16.02m
11:11:28 [POS] Lat: 47.397974, Lon: 8.546165, Alt: 15.99m
11:11:28 [POS] Lat: 47.397974, Lon: 8.546165, Alt: 15.97m
11:11:28 [POS] Lat: 47.397974, Lon: 8.546165, Alt: 15.93m
11:11:28 [POS] Lat: 47.397974, Lon: 8.546165, Alt: 15.91m
11:11:28 [POS] Lat: 47.397974, Lon: 8.546165, Alt: 15.88m
11:11:28 [POS] Lat: 47.397974, Lon: 8.546165, Alt: 15.86m
11:11:28 [POS] Lat: 47.397974, Lon: 8.546165, Alt: 15.82m
11:11:28 [POS] Lat: 47.397974, Lon: 8.546165, Alt: 15.80m
11:11:28 [POS] Lat: 47.397974, Lon: 8.546165, Alt: 15.77m
11:11:28 [POS] Lat: 47.397974, Lon: 8.546165, Alt: 15.75m
11:11:28 [POS] Lat: 47.397974, Lon: 8.546165, Alt: 15.71m
11:11:28 [POS] Lat: 47.397974, Lon: 8.546165, Alt: 15.69m
11:11:28 [POS] Lat: 47.397974, Lon: 8.546165, Alt: 15.66m
11:11:28 [POS] Lat: 47.397974, Lon: 8.546165, Alt: 15.64m
11:11:28 [POS] Lat: 47.397974, Lon: 8.546165, Alt: 15.60m
11:11:28 [POS] Lat: 47.397974, Lon: 8.546165, Alt: 15.58m
11:11:28 [POS] Lat: 47.397974, Lon: 8.546165, Alt: 15.55m
11:11:28 [POS] Lat: 47.397974, Lon: 8.546165, Alt: 15.52m
11:11:28 [POS] Lat: 47.397974, Lon: 8.546165, Alt: 15.49m
11:11:28 [POS] Lat: 47.397974, Lon: 8.546165, Alt: 15.46m
11:11:28 [POS] Lat: 47.397974, Lon: 8.546165, Alt: 15.43m
11:11:28 [POS] Lat: 47.397974, Lon: 8.546164, Alt: 15.40m
11:11:28 [POS] Lat: 47.397974, Lon: 8.546164, Alt: 15.37m
11:11:28 [POS] Lat: 47.397974, Lon: 8.546164, Alt: 15.35m
11:11:28 [POS] Lat: 47.397973, Lon: 8.546164, Alt: 15.31m
11:11:28 [POS] Lat: 47.397973, Lon: 8.546164, Alt: 15.29m
11:11:28 [POS] Lat: 47.397973, Lon: 8.546164, Alt: 15.26m
11:11:28 [POS] Lat: 47.397973, Lon: 8.546164, Alt: 15.23m
11:11:28 [POS] Lat: 47.397973, Lon: 8.546164, Alt: 15.20m
11:11:28 [POS] Lat: 47.397973, Lon: 8.546164, Alt: 15.18m
11:11:28 [POS] Lat: 47.397973, Lon: 8.546164, Alt: 15.15m
11:11:28 [POS] Lat: 47.397973, Lon: 8.546164, Alt: 15.12m
11:11:29 [POS] Lat: 47.397973, Lon: 8.546164, Alt: 15.09m
11:11:29 [POS] Lat: 47.397973, Lon: 8.546164, Alt: 15.07m
11:11:29 [POS] Lat: 47.397973, Lon: 8.546164, Alt: 15.03m
11:11:29 [POS] Lat: 47.397973, Lon: 8.546164, Alt: 15.01m
11:11:29 [POS] Lat: 47.397973, Lon: 8.546164, Alt: 14.98m
11:11:29 [POS] Lat: 47.397973, Lon: 8.546164, Alt: 14.96m
11:11:29 [POS] Lat: 47.397973, Lon: 8.546164, Alt: 14.93m
11:11:29 [POS] Lat: 47.397973, Lon: 8.546164, Alt: 14.90m
11:11:29 [POS] Lat: 47.397973, Lon: 8.546164, Alt: 14.87m
11:11:29 [POS] Lat: 47.397973, Lon: 8.546164, Alt: 14.85m
11:11:29 [BAT] Percentage: 66, Voltage: 15.30V
11:11:29 [POS] Lat: 47.397973, Lon: 8.546164, Alt: 14.82m
11:11:29 [POS] Lat: 47.397973, Lon: 8.546164, Alt: 14.80m
11:11:29 [POS] Lat: 47.397973, Lon: 8.546164, Alt: 14.76m
11:11:29 [POS] Lat: 47.397973, Lon: 8.546164, Alt: 14.74m
11:11:29 [POS] Lat: 47.397973, Lon: 8.546164, Alt: 14.71m
11:11:29 [POS] Lat: 47.397973, Lon: 8.546164, Alt: 14.68m
11:11:29 [POS] Lat: 47.397973, Lon: 8.546164, Alt: 14.65m
11:11:29 [POS] Lat: 47.397973, Lon: 8.546164, Alt: 14.63m
11:11:29 [POS] Lat: 47.397973, Lon: 8.546164, Alt: 14.59m
11:11:29 [POS] Lat: 47.397973, Lon: 8.546164, Alt: 14.57m
11:11:29 [POS] Lat: 47.397973, Lon: 8.546164, Alt: 14.53m
11:11:29 [POS] Lat: 47.397973, Lon: 8.546164, Alt: 14.51m
11:11:29 [POS] Lat: 47.397973, Lon: 8.546164, Alt: 14.47m
11:11:29 [POS] Lat: 47.397973, Lon: 8.546164, Alt: 14.45m
11:11:29 [POS] Lat: 47.397973, Lon: 8.546164, Alt: 14.41m
11:11:29 [POS] Lat: 47.397973, Lon: 8.546164, Alt: 14.39m
11:11:29 [POS] Lat: 47.397973, Lon: 8.546164, Alt: 14.35m
11:11:29 [POS] Lat: 47.397973, Lon: 8.546164, Alt: 14.33m
11:11:29 [POS] Lat: 47.397973, Lon: 8.546164, Alt: 14.29m
11:11:29 [POS] Lat: 47.397973, Lon: 8.546164, Alt: 14.27m
11:11:29 [POS] Lat: 47.397973, Lon: 8.546164, Alt: 14.23m
11:11:29 [POS] Lat: 47.397973, Lon: 8.546164, Alt: 14.21m
11:11:29 [POS] Lat: 47.397973, Lon: 8.546164, Alt: 14.17m
11:11:29 [POS] Lat: 47.397973, Lon: 8.546164, Alt: 14.15m
11:11:29 [POS] Lat: 47.397973, Lon: 8.546164, Alt: 14.11m
11:11:29 [POS] Lat: 47.397972, Lon: 8.546164, Alt: 14.09m
11:11:29 [POS] Lat: 47.397972, Lon: 8.546164, Alt: 14.05m
11:11:29 [POS] Lat: 47.397972, Lon: 8.546164, Alt: 14.03m
11:11:29 [POS] Lat: 47.397972, Lon: 8.546164, Alt: 13.99m
11:11:29 [POS] Lat: 47.397972, Lon: 8.546164, Alt: 13.97m
11:11:29 [POS] Lat: 47.397972, Lon: 8.546164, Alt: 13.93m
11:11:29 [POS] Lat: 47.397972, Lon: 8.546164, Alt: 13.91m
11:11:29 [POS] Lat: 47.397972, Lon: 8.546164, Alt: 13.87m
11:11:29 [POS] Lat: 47.397972, Lon: 8.546164, Alt: 13.85m
11:11:29 [POS] Lat: 47.397972, Lon: 8.546164, Alt: 13.82m
11:11:29 [POS] Lat: 47.397972, Lon: 8.546164, Alt: 13.80m
11:11:29 [POS] Lat: 47.397972, Lon: 8.546164, Alt: 13.76m
11:11:29 [POS] Lat: 47.397972, Lon: 8.546164, Alt: 13.74m
11:11:29 [POS] Lat: 47.397972, Lon: 8.546164, Alt: 13.70m
11:11:29 [POS] Lat: 47.397972, Lon: 8.546164, Alt: 13.68m
11:11:30 [POS] Lat: 47.397972, Lon: 8.546164, Alt: 13.65m
11:11:30 [POS] Lat: 47.397972, Lon: 8.546164, Alt: 13.62m
11:11:30 [POS] Lat: 47.397972, Lon: 8.546164, Alt: 13.59m
11:11:30 [POS] Lat: 47.397972, Lon: 8.546164, Alt: 13.56m
11:11:30 [POS] Lat: 47.397972, Lon: 8.546164, Alt: 13.53m
11:11:30 [POS] Lat: 47.397972, Lon: 8.546164, Alt: 13.51m
11:11:30 [POS] Lat: 47.397972, Lon: 8.546164, Alt: 13.47m
11:11:30 [POS] Lat: 47.397972, Lon: 8.546164, Alt: 13.45m
11:11:30 [POS] Lat: 47.397972, Lon: 8.546164, Alt: 13.41m
11:11:30 [POS] Lat: 47.397972, Lon: 8.546164, Alt: 13.39m
11:11:30 [POS] Lat: 47.397972, Lon: 8.546164, Alt: 13.35m
11:11:30 [POS] Lat: 47.397972, Lon: 8.546164, Alt: 13.32m
11:11:30 [POS] Lat: 47.397972, Lon: 8.546164, Alt: 13.29m
11:11:30 [POS] Lat: 47.397972, Lon: 8.546164, Alt: 13.26m
11:11:30 [POS] Lat: 47.397972, Lon: 8.546164, Alt: 13.23m
11:11:30 [POS] Lat: 47.397972, Lon: 8.546164, Alt: 13.20m
11:11:30 [POS] Lat: 47.397972, Lon: 8.546164, Alt: 13.17m
11:11:30 [POS] Lat: 47.397972, Lon: 8.546164, Alt: 13.14m
11:11:30 [POS] Lat: 47.397972, Lon: 8.546164, Alt: 13.11m
11:11:30 [POS] Lat: 47.397972, Lon: 8.546163, Alt: 13.08m
11:11:30 [POS] Lat: 47.397972, Lon: 8.546163, Alt: 13.05m
11:11:30 [POS] Lat: 47.397972, Lon: 8.546163, Alt: 13.02m
11:11:30 [POS] Lat: 47.397972, Lon: 8.546163, Alt: 12.99m
11:11:30 [POS] Lat: 47.397972, Lon: 8.546163, Alt: 12.96m
11:11:30 [POS] Lat: 47.397972, Lon: 8.546163, Alt: 12.93m
11:11:30 [POS] Lat: 47.397972, Lon: 8.546163, Alt: 12.90m
11:11:30 [POS] Lat: 47.397972, Lon: 8.546163, Alt: 12.87m
11:11:30 [POS] Lat: 47.397972, Lon: 8.546163, Alt: 12.84m
11:11:30 [POS] Lat: 47.397972, Lon: 8.546163, Alt: 12.81m
11:11:30 [POS] Lat: 47.397972, Lon: 8.546163, Alt: 12.78m
11:11:30 [POS] Lat: 47.397972, Lon: 8.546163, Alt: 12.74m
11:11:30 [POS] Lat: 47.397972, Lon: 8.546163, Alt: 12.72m
11:11:30 [POS] Lat: 47.397972, Lon: 8.546163, Alt: 12.68m
11:11:30 [POS] Lat: 47.397972, Lon: 8.546163, Alt: 12.66m
11:11:30 [POS] Lat: 47.397972, Lon: 8.546163, Alt: 12.62m
11:11:30 [POS] Lat: 47.397972, Lon: 8.546163, Alt: 12.60m
11:11:30 [POS] Lat: 47.397972, Lon: 8.546163, Alt: 12.56m
11:11:30 [POS] Lat: 47.397972, Lon: 8.546163, Alt: 12.53m
11:11:30 [POS] Lat: 47.397972, Lon: 8.546163, Alt: 12.50m
11:11:30 [POS] Lat: 47.397972, Lon: 8.546163, Alt: 12.47m
11:11:30 [POS] Lat: 47.397972, Lon: 8.546163, Alt: 12.44m
11:11:30 [POS] Lat: 47.397972, Lon: 8.546163, Alt: 12.41m
11:11:30 [POS] Lat: 47.397972, Lon: 8.546163, Alt: 12.38m
11:11:30 [POS] Lat: 47.397972, Lon: 8.546163, Alt: 12.35m
11:11:30 [POS] Lat: 47.397972, Lon: 8.546163, Alt: 12.32m
11:11:30 [POS] Lat: 47.397972, Lon: 8.546163, Alt: 12.29m
11:11:30 [POS] Lat: 47.397972, Lon: 8.546163, Alt: 12.26m
11:11:30 [POS] Lat: 47.397972, Lon: 8.546163, Alt: 12.24m
11:11:30 [POS] Lat: 47.397972, Lon: 8.546163, Alt: 12.20m
11:11:31 [POS] Lat: 47.397972, Lon: 8.546163, Alt: 12.18m
11:11:31 [POS] Lat: 47.397972, Lon: 8.546163, Alt: 12.15m
11:11:31 [POS] Lat: 47.397972, Lon: 8.546163, Alt: 12.13m
11:11:31 [POS] Lat: 47.397972, Lon: 8.546163, Alt: 12.10m
11:11:31 [POS] Lat: 47.397972, Lon: 8.546163, Alt: 12.08m
11:11:31 [POS] Lat: 47.397972, Lon: 8.546163, Alt: 12.05m
11:11:31 [POS] Lat: 47.397972, Lon: 8.546163, Alt: 12.03m
11:11:31 [POS] Lat: 47.397972, Lon: 8.546163, Alt: 12.00m
11:11:31 [POS] Lat: 47.397972, Lon: 8.546163, Alt: 11.98m
11:11:31 [POS] Lat: 47.397972, Lon: 8.546163, Alt: 11.95m
11:11:31 [POS] Lat: 47.397972, Lon: 8.546163, Alt: 11.93m
11:11:31 [BAT] Percentage: 67, Voltage: 15.30V
11:11:31 [POS] Lat: 47.397972, Lon: 8.546163, Alt: 11.91m
11:11:31 [POS] Lat: 47.397972, Lon: 8.546163, Alt: 11.89m
11:11:31 [POS] Lat: 47.397972, Lon: 8.546163, Alt: 11.87m
11:11:31 [POS] Lat: 47.397972, Lon: 8.546163, Alt: 11.85m
11:11:31 [POS] Lat: 47.397972, Lon: 8.546163, Alt: 11.82m
11:11:31 [POS] Lat: 47.397972, Lon: 8.546163, Alt: 11.81m
11:11:31 [POS] Lat: 47.397972, Lon: 8.546163, Alt: 11.78m
11:11:31 [POS] Lat: 47.397972, Lon: 8.546163, Alt: 11.77m
11:11:31 [POS] Lat: 47.397972, Lon: 8.546163, Alt: 11.74m
11:11:31 [POS] Lat: 47.397972, Lon: 8.546163, Alt: 11.73m
11:11:31 [POS] Lat: 47.397972, Lon: 8.546162, Alt: 11.70m
11:11:31 [POS] Lat: 47.397972, Lon: 8.546162, Alt: 11.69m
11:11:31 [POS] Lat: 47.397972, Lon: 8.546162, Alt: 11.67m
11:11:31 [POS] Lat: 47.397972, Lon: 8.546162, Alt: 11.65m
11:11:31 [POS] Lat: 47.397972, Lon: 8.546162, Alt: 11.63m
11:11:31 [POS] Lat: 47.397972, Lon: 8.546162, Alt: 11.61m
11:11:31 [POS] Lat: 47.397972, Lon: 8.546162, Alt: 11.59m
11:11:31 [POS] Lat: 47.397972, Lon: 8.546162, Alt: 11.58m
11:11:31 [POS] Lat: 47.397972, Lon: 8.546162, Alt: 11.55m
11:11:31 [POS] Lat: 47.397972, Lon: 8.546162, Alt: 11.54m
11:11:31 [POS] Lat: 47.397972, Lon: 8.546162, Alt: 11.52m
11:11:31 [POS] Lat: 47.397972, Lon: 8.546162, Alt: 11.51m
11:11:31 [POS] Lat: 47.397972, Lon: 8.546162, Alt: 11.49m
11:11:31 [POS] Lat: 47.397972, Lon: 8.546162, Alt: 11.47m
11:11:31 [POS] Lat: 47.397972, Lon: 8.546162, Alt: 11.45m
11:11:31 [POS] Lat: 47.397972, Lon: 8.546162, Alt: 11.44m
11:11:31 [POS] Lat: 47.397972, Lon: 8.546162, Alt: 11.42m
11:11:31 [POS] Lat: 47.397972, Lon: 8.546162, Alt: 11.41m
11:11:31 [POS] Lat: 47.397972, Lon: 8.546162, Alt: 11.39m
11:11:31 [POS] Lat: 47.397972, Lon: 8.546162, Alt: 11.38m
11:11:31 [POS] Lat: 47.397972, Lon: 8.546162, Alt: 11.36m
11:11:31 [POS] Lat: 47.397972, Lon: 8.546162, Alt: 11.34m
11:11:31 [POS] Lat: 47.397972, Lon: 8.546162, Alt: 11.33m
11:11:31 [POS] Lat: 47.397972, Lon: 8.546162, Alt: 11.32m
11:11:31 [POS] Lat: 47.397972, Lon: 8.546162, Alt: 11.30m
11:11:31 [POS] Lat: 47.397972, Lon: 8.546162, Alt: 11.29m
11:11:31 [POS] Lat: 47.397972, Lon: 8.546162, Alt: 11.27m
11:11:31 [POS] Lat: 47.397972, Lon: 8.546162, Alt: 11.26m
11:11:31 [POS] Lat: 47.397972, Lon: 8.546162, Alt: 11.24m
11:11:32 [POS] Lat: 47.397971, Lon: 8.546162, Alt: 11.23m
11:11:32 [POS] Lat: 47.397971, Lon: 8.546162, Alt: 11.21m
11:11:32 [POS] Lat: 47.397971, Lon: 8.546162, Alt: 11.20m
11:11:32 [POS] Lat: 47.397971, Lon: 8.546162, Alt: 11.18m
11:11:32 [POS] Lat: 47.397971, Lon: 8.546162, Alt: 11.17m
11:11:32 [POS] Lat: 47.397971, Lon: 8.546162, Alt: 11.15m
11:11:32 [POS] Lat: 47.397971, Lon: 8.546162, Alt: 11.14m
11:11:32 [POS] Lat: 47.397971, Lon: 8.546162, Alt: 11.13m
11:11:32 [POS] Lat: 47.397971, Lon: 8.546162, Alt: 11.12m
11:11:32 [POS] Lat: 47.397971, Lon: 8.546162, Alt: 11.10m
11:11:32 [POS] Lat: 47.397971, Lon: 8.546162, Alt: 11.09m
11:11:32 [POS] Lat: 47.397971, Lon: 8.546162, Alt: 11.08m
11:11:32 [POS] Lat: 47.397971, Lon: 8.546161, Alt: 11.07m
11:11:32 [POS] Lat: 47.397971, Lon: 8.546161, Alt: 11.06m
11:11:32 [POS] Lat: 47.397971, Lon: 8.546161, Alt: 11.05m
11:11:32 [POS] Lat: 47.397971, Lon: 8.546161, Alt: 11.03m
11:11:32 [POS] Lat: 47.397971, Lon: 8.546161, Alt: 11.02m
11:11:32 [POS] Lat: 47.397971, Lon: 8.546161, Alt: 11.01m
11:11:32 [POS] Lat: 47.397971, Lon: 8.546161, Alt: 11.00m
11:11:32 [POS] Lat: 47.397971, Lon: 8.546161, Alt: 10.98m
11:11:32 [POS] Lat: 47.397971, Lon: 8.546161, Alt: 10.98m
11:11:32 [POS] Lat: 47.397971, Lon: 8.546161, Alt: 10.96m
11:11:32 [POS] Lat: 47.397971, Lon: 8.546161, Alt: 10.95m
11:11:32 [POS] Lat: 47.397971, Lon: 8.546161, Alt: 10.94m
11:11:32 [POS] Lat: 47.397971, Lon: 8.546161, Alt: 10.93m
11:11:32 [POS] Lat: 47.397971, Lon: 8.546161, Alt: 10.91m
11:11:32 [POS] Lat: 47.397971, Lon: 8.546161, Alt: 10.90m
11:11:32 [POS] Lat: 47.397971, Lon: 8.546161, Alt: 10.89m
11:11:32 [POS] Lat: 47.397971, Lon: 8.546161, Alt: 10.88m
11:11:32 [POS] Lat: 47.397971, Lon: 8.546161, Alt: 10.87m
11:11:32 [POS] Lat: 47.397971, Lon: 8.546161, Alt: 10.86m
11:11:32 [POS] Lat: 47.397971, Lon: 8.546161, Alt: 10.85m
11:11:32 [POS] Lat: 47.397971, Lon: 8.546161, Alt: 10.84m
11:11:32 [POS] Lat: 47.397971, Lon: 8.546161, Alt: 10.82m
11:11:32 [POS] Lat: 47.397971, Lon: 8.546161, Alt: 10.82m
11:11:32 [POS] Lat: 47.397971, Lon: 8.546161, Alt: 10.80m
11:11:32 [POS] Lat: 47.397971, Lon: 8.546161, Alt: 10.79m
11:11:32 [POS] Lat: 47.397971, Lon: 8.546161, Alt: 10.78m
11:11:32 [POS] Lat: 47.397971, Lon: 8.546161, Alt: 10.77m
11:11:32 [POS] Lat: 47.397971, Lon: 8.546161, Alt: 10.76m
11:11:32 [POS] Lat: 47.397971, Lon: 8.546161, Alt: 10.75m
11:11:32 [POS] Lat: 47.397971, Lon: 8.546161, Alt: 10.74m
11:11:32 [POS] Lat: 47.397971, Lon: 8.546161, Alt: 10.74m
11:11:32 [POS] Lat: 47.397971, Lon: 8.546161, Alt: 10.73m
11:11:32 [POS] Lat: 47.397971, Lon: 8.546161, Alt: 10.72m
11:11:32 [POS] Lat: 47.397971, Lon: 8.546161, Alt: 10.71m
11:11:32 [POS] Lat: 47.397971, Lon: 8.546161, Alt: 10.71m
11:11:32 [POS] Lat: 47.397971, Lon: 8.546161, Alt: 10.70m
11:11:32 [POS] Lat: 47.397971, Lon: 8.546161, Alt: 10.69m
11:11:33 [POS] Lat: 47.397971, Lon: 8.546161, Alt: 10.68m
11:11:33 [POS] Lat: 47.397971, Lon: 8.546161, Alt: 10.68m
11:11:33 [POS] Lat: 47.397971, Lon: 8.546161, Alt: 10.67m
11:11:33 [POS] Lat: 47.397971, Lon: 8.546161, Alt: 10.66m
11:11:33 [POS] Lat: 47.397971, Lon: 8.546161, Alt: 10.65m
11:11:33 [POS] Lat: 47.397971, Lon: 8.546161, Alt: 10.64m
11:11:33 [POS] Lat: 47.397971, Lon: 8.546161, Alt: 10.63m
11:11:33 [POS] Lat: 47.397971, Lon: 8.546161, Alt: 10.63m
11:11:33 [POS] Lat: 47.397971, Lon: 8.546161, Alt: 10.62m
11:11:33 [POS] Lat: 47.397971, Lon: 8.546161, Alt: 10.61m
11:11:33 [POS] Lat: 47.397971, Lon: 8.546161, Alt: 10.60m
11:11:33 [POS] Lat: 47.397970, Lon: 8.546161, Alt: 10.59m
11:11:33 [BAT] Percentage: 64, Voltage: 15.30V
11:11:33 [POS] Lat: 47.397970, Lon: 8.546161, Alt: 10.57m
11:11:33 [POS] Lat: 47.397970, Lon: 8.546161, Alt: 10.56m
11:11:33 [POS] Lat: 47.397970, Lon: 8.546161, Alt: 10.55m
11:11:33 [POS] Lat: 47.397970, Lon: 8.546161, Alt: 10.54m
11:11:33 [POS] Lat: 47.397970, Lon: 8.546161, Alt: 10.52m
11:11:33 [POS] Lat: 47.397970, Lon: 8.546161, Alt: 10.51m
11:11:33 [POS] Lat: 47.397970, Lon: 8.546161, Alt: 10.49m
11:11:33 [POS] Lat: 47.397970, Lon: 8.546161, Alt: 10.48m
11:11:33 [POS] Lat: 47.397970, Lon: 8.546161, Alt: 10.46m
11:11:33 [POS] Lat: 47.397970, Lon: 8.546161, Alt: 10.44m
11:11:33 [POS] Lat: 47.397970, Lon: 8.546161, Alt: 10.42m
11:11:33 [POS] Lat: 47.397970, Lon: 8.546161, Alt: 10.40m
11:11:33 [POS] Lat: 47.397970, Lon: 8.546161, Alt: 10.37m
11:11:33 [POS] Lat: 47.397970, Lon: 8.546161, Alt: 10.36m
11:11:33 [POS] Lat: 47.397970, Lon: 8.546161, Alt: 10.33m
11:11:33 [POS] Lat: 47.397970, Lon: 8.546161, Alt: 10.31m
11:11:33 [POS] Lat: 47.397970, Lon: 8.546161, Alt: 10.28m
11:11:33 [POS] Lat: 47.397970, Lon: 8.546161, Alt: 10.26m
11:11:33 [POS] Lat: 47.397970, Lon: 8.546161, Alt: 10.22m
11:11:33 [POS] Lat: 47.397970, Lon: 8.546161, Alt: 10.20m
11:11:33 [POS] Lat: 47.397970, Lon: 8.546161, Alt: 10.17m
11:11:33 [POS] Lat: 47.397970, Lon: 8.546161, Alt: 10.15m
11:11:33 [POS] Lat: 47.397970, Lon: 8.546161, Alt: 10.11m
11:11:33 [POS] Lat: 47.397970, Lon: 8.546161, Alt: 10.09m
11:11:33 [POS] Lat: 47.397970, Lon: 8.546161, Alt: 10.05m
11:11:33 [POS] Lat: 47.397970, Lon: 8.546161, Alt: 10.03m
11:11:33 [POS] Lat: 47.397970, Lon: 8.546161, Alt: 10.00m
11:11:33 [POS] Lat: 47.397970, Lon: 8.546161, Alt: 9.97m
11:11:33 [POS] Lat: 47.397970, Lon: 8.546161, Alt: 9.94m
11:11:33 [POS] Lat: 47.397970, Lon: 8.546161, Alt: 9.91m
11:11:33 [POS] Lat: 47.397970, Lon: 8.546161, Alt: 9.87m
11:11:33 [POS] Lat: 47.397970, Lon: 8.546161, Alt: 9.85m
11:11:33 [POS] Lat: 47.397970, Lon: 8.546161, Alt: 9.81m
11:11:33 [POS] Lat: 47.397970, Lon: 8.546161, Alt: 9.79m
11:11:33 [POS] Lat: 47.397970, Lon: 8.546161, Alt: 9.75m
11:11:33 [POS] Lat: 47.397970, Lon: 8.546161, Alt: 9.72m
11:11:33 [POS] Lat: 47.397970, Lon: 8.546161, Alt: 9.69m
11:11:33 [POS] Lat: 47.397970, Lon: 8.546161, Alt: 9.66m
11:11:34 [POS] Lat: 47.397970, Lon: 8.546161, Alt: 9.62m
11:11:34 [POS] Lat: 47.397970, Lon: 8.546161, Alt: 9.60m
11:11:34 [POS] Lat: 47.397970, Lon: 8.546161, Alt: 9.56m
11:11:34 [POS] Lat: 47.397970, Lon: 8.546161, Alt: 9.54m
11:11:34 [POS] Lat: 47.397970, Lon: 8.546161, Alt: 9.50m
11:11:34 [POS] Lat: 47.397970, Lon: 8.546161, Alt: 9.48m
11:11:34 [POS] Lat: 47.397970, Lon: 8.546161, Alt: 9.44m
11:11:34 [POS] Lat: 47.397970, Lon: 8.546161, Alt: 9.42m
11:11:34 [POS] Lat: 47.397970, Lon: 8.546162, Alt: 9.38m
11:11:34 [POS] Lat: 47.397970, Lon: 8.546162, Alt: 9.36m
11:11:34 [POS] Lat: 47.397970, Lon: 8.546162, Alt: 9.33m
11:11:34 [POS] Lat: 47.397970, Lon: 8.546162, Alt: 9.31m
11:11:34 [POS] Lat: 47.397970, Lon: 8.546162, Alt: 9.27m
11:11:34 [POS] Lat: 47.397970, Lon: 8.546162, Alt: 9.25m
11:11:34 [POS] Lat: 47.397970, Lon: 8.546162, Alt: 9.22m
11:11:34 [POS] Lat: 47.397970, Lon: 8.546162, Alt: 9.20m
11:11:34 [POS] Lat: 47.397970, Lon: 8.546162, Alt: 9.17m
11:11:34 [POS] Lat: 47.397970, Lon: 8.546162, Alt: 9.15m
11:11:34 [POS] Lat: 47.397970, Lon: 8.546162, Alt: 9.12m
11:11:34 [POS] Lat: 47.397970, Lon: 8.546162, Alt: 9.10m
11:11:34 [POS] Lat: 47.397970, Lon: 8.546162, Alt: 9.07m
11:11:34 [POS] Lat: 47.397970, Lon: 8.546162, Alt: 9.05m
11:11:34 [POS] Lat: 47.397970, Lon: 8.546162, Alt: 9.02m
11:11:34 [POS] Lat: 47.397970, Lon: 8.546162, Alt: 9.00m
11:11:34 [POS] Lat: 47.397970, Lon: 8.546162, Alt: 8.97m
11:11:34 [POS] Lat: 47.397970, Lon: 8.546162, Alt: 8.95m
11:11:34 [POS] Lat: 47.397970, Lon: 8.546162, Alt: 8.92m
11:11:34 [POS] Lat: 47.397970, Lon: 8.546162, Alt: 8.90m
11:11:34 [POS] Lat: 47.397970, Lon: 8.546162, Alt: 8.87m
11:11:34 [POS] Lat: 47.397970, Lon: 8.546162, Alt: 8.85m
11:11:34 [POS] Lat: 47.397970, Lon: 8.546162, Alt: 8.82m
11:11:34 [POS] Lat: 47.397970, Lon: 8.546162, Alt: 8.80m
11:11:34 [POS] Lat: 47.397970, Lon: 8.546162, Alt: 8.77m
11:11:34 [POS] Lat: 47.397970, Lon: 8.546162, Alt: 8.75m
11:11:34 [POS] Lat: 47.397970, Lon: 8.546162, Alt: 8.72m
11:11:34 [POS] Lat: 47.397970, Lon: 8.546162, Alt: 8.70m
11:11:34 [POS] Lat: 47.397970, Lon: 8.546162, Alt: 8.67m
11:11:34 [POS] Lat: 47.397970, Lon: 8.546162, Alt: 8.65m
11:11:34 [POS] Lat: 47.397970, Lon: 8.546162, Alt: 8.62m
11:11:34 [POS] Lat: 47.397970, Lon: 8.546162, Alt: 8.60m
11:11:34 [POS] Lat: 47.397970, Lon: 8.546162, Alt: 8.57m
11:11:34 [POS] Lat: 47.397970, Lon: 8.546162, Alt: 8.56m
11:11:34 [POS] Lat: 47.397970, Lon: 8.546162, Alt: 8.53m
11:11:34 [POS] Lat: 47.397970, Lon: 8.546162, Alt: 8.51m
11:11:34 [POS] Lat: 47.397970, Lon: 8.546162, Alt: 8.48m
11:11:34 [POS] Lat: 47.397970, Lon: 8.546162, Alt: 8.46m
11:11:34 [POS] Lat: 47.397970, Lon: 8.546162, Alt: 8.43m
11:11:34 [POS] Lat: 47.397970, Lon: 8.546162, Alt: 8.41m
11:11:34 [POS] Lat: 47.397970, Lon: 8.546162, Alt: 8.39m
11:11:35 [POS] Lat: 47.397970, Lon: 8.546162, Alt: 8.37m
11:11:35 [POS] Lat: 47.397970, Lon: 8.546162, Alt: 8.34m
11:11:35 [POS] Lat: 47.397970, Lon: 8.546162, Alt: 8.32m
11:11:35 [POS] Lat: 47.397970, Lon: 8.546162, Alt: 8.29m
11:11:35 [POS] Lat: 47.397970, Lon: 8.546162, Alt: 8.27m
11:11:35 [POS] Lat: 47.397970, Lon: 8.546162, Alt: 8.25m
11:11:35 [POS] Lat: 47.397970, Lon: 8.546162, Alt: 8.23m
11:11:35 [POS] Lat: 47.397970, Lon: 8.546162, Alt: 8.20m
11:11:35 [POS] Lat: 47.397970, Lon: 8.546162, Alt: 8.18m
11:11:35 [POS] Lat: 47.397970, Lon: 8.546162, Alt: 8.15m
11:11:35 [POS] Lat: 47.397970, Lon: 8.546162, Alt: 8.14m
11:11:35 [POS] Lat: 47.397970, Lon: 8.546162, Alt: 8.11m
11:11:35 [POS] Lat: 47.397970, Lon: 8.546162, Alt: 8.09m
11:11:35 [BAT] Percentage: 66, Voltage: 15.30V
11:11:35 [POS] Lat: 47.397970, Lon: 8.546162, Alt: 8.06m
11:11:35 [POS] Lat: 47.397970, Lon: 8.546162, Alt: 8.05m
11:11:35 [POS] Lat: 47.397970, Lon: 8.546162, Alt: 8.02m
11:11:35 [POS] Lat: 47.397970, Lon: 8.546162, Alt: 8.00m
11:11:35 [POS] Lat: 47.397970, Lon: 8.546162, Alt: 7.98m
11:11:35 [POS] Lat: 47.397970, Lon: 8.546162, Alt: 7.96m
11:11:35 [POS] Lat: 47.397970, Lon: 8.546162, Alt: 7.93m
11:11:35 [POS] Lat: 47.397970, Lon: 8.546162, Alt: 7.91m
11:11:35 [POS] Lat: 47.397970, Lon: 8.546162, Alt: 7.89m
11:11:35 [POS] Lat: 47.397970, Lon: 8.546162, Alt: 7.87m
11:11:35 [POS] Lat: 47.397970, Lon: 8.546162, Alt: 7.84m
11:11:35 [POS] Lat: 47.397970, Lon: 8.546162, Alt: 7.82m
11:11:35 [POS] Lat: 47.397970, Lon: 8.546162, Alt: 7.80m
11:11:35 [POS] Lat: 47.397970, Lon: 8.546162, Alt: 7.78m
11:11:35 [POS] Lat: 47.397970, Lon: 8.546162, Alt: 7.75m
11:11:35 [POS] Lat: 47.397970, Lon: 8.546162, Alt: 7.74m
11:11:35 [POS] Lat: 47.397970, Lon: 8.546162, Alt: 7.71m
11:11:35 [POS] Lat: 47.397970, Lon: 8.546162, Alt: 7.69m
11:11:35 [POS] Lat: 47.397970, Lon: 8.546162, Alt: 7.67m
11:11:35 [POS] Lat: 47.397970, Lon: 8.546162, Alt: 7.65m
11:11:35 [POS] Lat: 47.397970, Lon: 8.546162, Alt: 7.62m
11:11:35 [POS] Lat: 47.397970, Lon: 8.546162, Alt: 7.61m
11:11:35 [POS] Lat: 47.397970, Lon: 8.546162, Alt: 7.58m
11:11:35 [POS] Lat: 47.397970, Lon: 8.546162, Alt: 7.56m
11:11:35 [POS] Lat: 47.397970, Lon: 8.546162, Alt: 7.54m
11:11:35 [POS] Lat: 47.397970, Lon: 8.546162, Alt: 7.52m
11:11:35 [POS] Lat: 47.397970, Lon: 8.546162, Alt: 7.49m
11:11:35 [POS] Lat: 47.397970, Lon: 8.546162, Alt: 7.48m
11:11:35 [POS] Lat: 47.397970, Lon: 8.546162, Alt: 7.45m
11:11:35 [POS] Lat: 47.397970, Lon: 8.546162, Alt: 7.43m
11:11:35 [POS] Lat: 47.397970, Lon: 8.546162, Alt: 7.40m
11:11:35 [POS] Lat: 47.397970, Lon: 8.546162, Alt: 7.39m
11:11:35 [POS] Lat: 47.397970, Lon: 8.546162, Alt: 7.36m
11:11:35 [POS] Lat: 47.397970, Lon: 8.546162, Alt: 7.35m
11:11:35 [POS] Lat: 47.397970, Lon: 8.546162, Alt: 7.32m
11:11:35 [POS] Lat: 47.397970, Lon: 8.546162, Alt: 7.30m
11:11:35 [POS] Lat: 47.397970, Lon: 8.546162, Alt: 7.28m
11:11:36 [POS] Lat: 47.397970, Lon: 8.546162, Alt: 7.26m
11:11:36 [POS] Lat: 47.397970, Lon: 8.546162, Alt: 7.24m
11:11:36 [POS] Lat: 47.397970, Lon: 8.546162, Alt: 7.22m
11:11:36 [POS] Lat: 47.397970, Lon: 8.546162, Alt: 7.20m
11:11:36 [POS] Lat: 47.397970, Lon: 8.546162, Alt: 7.18m
11:11:36 [POS] Lat: 47.397970, Lon: 8.546162, Alt: 7.16m
11:11:36 [POS] Lat: 47.397970, Lon: 8.546162, Alt: 7.14m
11:11:36 [POS] Lat: 47.397970, Lon: 8.546162, Alt: 7.12m
11:11:36 [POS] Lat: 47.397970, Lon: 8.546162, Alt: 7.10m
11:11:36 [POS] Lat: 47.397970, Lon: 8.546162, Alt: 7.08m
11:11:36 [POS] Lat: 47.397970, Lon: 8.546162, Alt: 7.06m
11:11:36 [POS] Lat: 47.397970, Lon: 8.546162, Alt: 7.04m
11:11:36 [POS] Lat: 47.397970, Lon: 8.546162, Alt: 7.02m
11:11:36 [POS] Lat: 47.397970, Lon: 8.546162, Alt: 7.00m
11:11:36 [POS] Lat: 47.397970, Lon: 8.546162, Alt: 6.99m
11:11:36 [POS] Lat: 47.397970, Lon: 8.546162, Alt: 6.96m
11:11:36 [POS] Lat: 47.397970, Lon: 8.546162, Alt: 6.95m
11:11:36 [POS] Lat: 47.397970, Lon: 8.546162, Alt: 6.93m
11:11:36 [POS] Lat: 47.397970, Lon: 8.546162, Alt: 6.91m
11:11:36 [POS] Lat: 47.397970, Lon: 8.546162, Alt: 6.89m
11:11:36 [POS] Lat: 47.397970, Lon: 8.546162, Alt: 6.87m
11:11:36 [POS] Lat: 47.397970, Lon: 8.546162, Alt: 6.85m
11:11:36 [POS] Lat: 47.397970, Lon: 8.546161, Alt: 6.83m
11:11:36 [POS] Lat: 47.397970, Lon: 8.546161, Alt: 6.81m
11:11:36 [POS] Lat: 47.397970, Lon: 8.546161, Alt: 6.80m
11:11:36 [POS] Lat: 47.397970, Lon: 8.546161, Alt: 6.77m
11:11:36 [POS] Lat: 47.397970, Lon: 8.546161, Alt: 6.76m
11:11:36 [POS] Lat: 47.397970, Lon: 8.546161, Alt: 6.73m
11:11:36 [POS] Lat: 47.397970, Lon: 8.546161, Alt: 6.72m
11:11:36 [POS] Lat: 47.397970, Lon: 8.546161, Alt: 6.69m
11:11:36 [POS] Lat: 47.397970, Lon: 8.546161, Alt: 6.68m
11:11:36 [POS] Lat: 47.397970, Lon: 8.546161, Alt: 6.65m
11:11:36 [POS] Lat: 47.397970, Lon: 8.546161, Alt: 6.64m
11:11:36 [POS] Lat: 47.397970, Lon: 8.546161, Alt: 6.61m
11:11:36 [POS] Lat: 47.397970, Lon: 8.546161, Alt: 6.60m
11:11:36 [POS] Lat: 47.397970, Lon: 8.546161, Alt: 6.57m
11:11:36 [POS] Lat: 47.397970, Lon: 8.546161, Alt: 6.56m
11:11:36 [POS] Lat: 47.397970, Lon: 8.546161, Alt: 6.53m
11:11:36 [POS] Lat: 47.397970, Lon: 8.546161, Alt: 6.52m
11:11:36 [POS] Lat: 47.397970, Lon: 8.546161, Alt: 6.49m
11:11:36 [POS] Lat: 47.397970, Lon: 8.546161, Alt: 6.48m
11:11:36 [POS] Lat: 47.397970, Lon: 8.546161, Alt: 6.45m
11:11:36 [POS] Lat: 47.397970, Lon: 8.546161, Alt: 6.44m
11:11:36 [POS] Lat: 47.397970, Lon: 8.546161, Alt: 6.41m
11:11:36 [POS] Lat: 47.397970, Lon: 8.546161, Alt: 6.40m
11:11:36 [POS] Lat: 47.397970, Lon: 8.546161, Alt: 6.37m
11:11:36 [POS] Lat: 47.397970, Lon: 8.546161, Alt: 6.36m
11:11:36 [POS] Lat: 47.397970, Lon: 8.546161, Alt: 6.33m
11:11:36 [POS] Lat: 47.397970, Lon: 8.546161, Alt: 6.32m
11:11:37 [POS] Lat: 47.397970, Lon: 8.546161, Alt: 6.29m
11:11:37 [POS] Lat: 47.397970, Lon: 8.546161, Alt: 6.28m
11:11:37 [POS] Lat: 47.397970, Lon: 8.546161, Alt: 6.26m
11:11:37 [POS] Lat: 47.397970, Lon: 8.546161, Alt: 6.24m
11:11:37 [POS] Lat: 47.397970, Lon: 8.546161, Alt: 6.22m
11:11:37 [POS] Lat: 47.397970, Lon: 8.546161, Alt: 6.20m
11:11:37 [POS] Lat: 47.397970, Lon: 8.546161, Alt: 6.18m
11:11:37 [POS] Lat: 47.397970, Lon: 8.546161, Alt: 6.17m
11:11:37 [POS] Lat: 47.397970, Lon: 8.546161, Alt: 6.14m
11:11:37 [POS] Lat: 47.397970, Lon: 8.546161, Alt: 6.13m
11:11:37 [POS] Lat: 47.397970, Lon: 8.546161, Alt: 6.10m
11:11:37 [POS] Lat: 47.397970, Lon: 8.546161, Alt: 6.09m
11:11:37 [POS] Lat: 47.397970, Lon: 8.546161, Alt: 6.07m
11:11:37 [POS] Lat: 47.397970, Lon: 8.546161, Alt: 6.05m
11:11:37 [BAT] Percentage: 66, Voltage: 15.30V
11:11:37 [POS] Lat: 47.397970, Lon: 8.546161, Alt: 6.03m
11:11:37 [POS] Lat: 47.397970, Lon: 8.546161, Alt: 6.02m
11:11:37 [POS] Lat: 47.397970, Lon: 8.546161, Alt: 6.00m
11:11:37 [POS] Lat: 47.397970, Lon: 8.546161, Alt: 5.98m
11:11:37 [POS] Lat: 47.397970, Lon: 8.546161, Alt: 5.96m
11:11:37 [POS] Lat: 47.397970, Lon: 8.546161, Alt: 5.95m
11:11:37 [POS] Lat: 47.397970, Lon: 8.546161, Alt: 5.93m
11:11:37 [POS] Lat: 47.397970, Lon: 8.546161, Alt: 5.91m
11:11:37 [POS] Lat: 47.397970, Lon: 8.546161, Alt: 5.89m
11:11:37 [POS] Lat: 47.397970, Lon: 8.546161, Alt: 5.88m
11:11:37 [POS] Lat: 47.397970, Lon: 8.546161, Alt: 5.86m
11:11:37 [POS] Lat: 47.397970, Lon: 8.546161, Alt: 5.85m
11:11:37 [POS] Lat: 47.397970, Lon: 8.546161, Alt: 5.83m
11:11:37 [POS] Lat: 47.397970, Lon: 8.546161, Alt: 5.81m
11:11:37 [POS] Lat: 47.397970, Lon: 8.546161, Alt: 5.80m
11:11:37 [POS] Lat: 47.397970, Lon: 8.546161, Alt: 5.78m
11:11:37 [POS] Lat: 47.397970, Lon: 8.546161, Alt: 5.76m
11:11:37 [POS] Lat: 47.397970, Lon: 8.546161, Alt: 5.75m
11:11:37 [POS] Lat: 47.397970, Lon: 8.546161, Alt: 5.73m
11:11:37 [POS] Lat: 47.397970, Lon: 8.546161, Alt: 5.72m
11:11:37 [POS] Lat: 47.397970, Lon: 8.546161, Alt: 5.70m
11:11:37 [POS] Lat: 47.397970, Lon: 8.546161, Alt: 5.69m
11:11:37 [POS] Lat: 47.397970, Lon: 8.546161, Alt: 5.67m
11:11:37 [POS] Lat: 47.397970, Lon: 8.546161, Alt: 5.65m
11:11:37 [POS] Lat: 47.397970, Lon: 8.546161, Alt: 5.63m
11:11:37 [POS] Lat: 47.397970, Lon: 8.546161, Alt: 5.62m
11:11:37 [POS] Lat: 47.397970, Lon: 8.546161, Alt: 5.60m
11:11:37 [POS] Lat: 47.397970, Lon: 8.546161, Alt: 5.59m
11:11:37 [POS] Lat: 47.397970, Lon: 8.546161, Alt: 5.57m
11:11:37 [POS] Lat: 47.397970, Lon: 8.546161, Alt: 5.56m
11:11:37 [POS] Lat: 47.397970, Lon: 8.546161, Alt: 5.54m
11:11:37 [POS] Lat: 47.397970, Lon: 8.546161, Alt: 5.52m
11:11:37 [POS] Lat: 47.397970, Lon: 8.546161, Alt: 5.50m
11:11:37 [POS] Lat: 47.397970, Lon: 8.546161, Alt: 5.49m
11:11:37 [POS] Lat: 47.397970, Lon: 8.546161, Alt: 5.47m
11:11:37 [POS] Lat: 47.397970, Lon: 8.546161, Alt: 5.46m
11:11:38 [POS] Lat: 47.397970, Lon: 8.546161, Alt: 5.44m
11:11:38 [POS] Lat: 47.397970, Lon: 8.546161, Alt: 5.43m
11:11:38 [POS] Lat: 47.397970, Lon: 8.546161, Alt: 5.41m
11:11:38 [POS] Lat: 47.397970, Lon: 8.546161, Alt: 5.40m
11:11:38 [POS] Lat: 47.397970, Lon: 8.546161, Alt: 5.38m
11:11:38 [POS] Lat: 47.397970, Lon: 8.546161, Alt: 5.37m
11:11:38 [POS] Lat: 47.397970, Lon: 8.546161, Alt: 5.35m
11:11:38 [POS] Lat: 47.397970, Lon: 8.546161, Alt: 5.34m
11:11:38 [POS] Lat: 47.397970, Lon: 8.546161, Alt: 5.32m
11:11:38 [POS] Lat: 47.397970, Lon: 8.546161, Alt: 5.31m
11:11:38 [POS] Lat: 47.397970, Lon: 8.546161, Alt: 5.29m
11:11:38 [POS] Lat: 47.397970, Lon: 8.546161, Alt: 5.28m
11:11:38 [POS] Lat: 47.397970, Lon: 8.546161, Alt: 5.26m
11:11:38 [POS] Lat: 47.397970, Lon: 8.546162, Alt: 5.25m
11:11:38 [POS] Lat: 47.397970, Lon: 8.546162, Alt: 5.23m
11:11:38 [POS] Lat: 47.397970, Lon: 8.546162, Alt: 5.22m
11:11:38 [POS] Lat: 47.397970, Lon: 8.546162, Alt: 5.20m
11:11:38 [POS] Lat: 47.397970, Lon: 8.546162, Alt: 5.19m
11:11:38 [POS] Lat: 47.397970, Lon: 8.546162, Alt: 5.17m
11:11:38 [POS] Lat: 47.397970, Lon: 8.546162, Alt: 5.16m
11:11:38 [POS] Lat: 47.397970, Lon: 8.546162, Alt: 5.14m
11:11:38 [POS] Lat: 47.397970, Lon: 8.546162, Alt: 5.13m
11:11:38 [POS] Lat: 47.397970, Lon: 8.546162, Alt: 5.11m
11:11:38 [POS] Lat: 47.397970, Lon: 8.546162, Alt: 5.10m
11:11:38 [POS] Lat: 47.397970, Lon: 8.546162, Alt: 5.08m
11:11:38 [POS] Lat: 47.397970, Lon: 8.546162, Alt: 5.06m
11:11:38 [POS] Lat: 47.397970, Lon: 8.546162, Alt: 5.05m
11:11:38 [POS] Lat: 47.397970, Lon: 8.546162, Alt: 5.04m
11:11:38 [POS] Lat: 47.397970, Lon: 8.546162, Alt: 5.02m
11:11:38 [POS] Lat: 47.397970, Lon: 8.546162, Alt: 5.01m
11:11:38 [POS] Lat: 47.397970, Lon: 8.546162, Alt: 4.99m
11:11:38 [POS] Lat: 47.397970, Lon: 8.546162, Alt: 4.98m
11:11:38 [POS] Lat: 47.397970, Lon: 8.546162, Alt: 4.96m
11:11:38 [POS] Lat: 47.397970, Lon: 8.546162, Alt: 4.95m
11:11:38 [POS] Lat: 47.397970, Lon: 8.546162, Alt: 4.93m
11:11:38 [POS] Lat: 47.397970, Lon: 8.546162, Alt: 4.92m
11:11:38 [POS] Lat: 47.397970, Lon: 8.546162, Alt: 4.90m
11:11:38 [POS] Lat: 47.397971, Lon: 8.546162, Alt: 4.89m
11:11:38 [POS] Lat: 47.397971, Lon: 8.546162, Alt: 4.87m
11:11:38 [POS] Lat: 47.397971, Lon: 8.546162, Alt: 4.86m
11:11:38 [POS] Lat: 47.397971, Lon: 8.546162, Alt: 4.84m
11:11:38 [POS] Lat: 47.397971, Lon: 8.546162, Alt: 4.83m
11:11:38 [POS] Lat: 47.397971, Lon: 8.546162, Alt: 4.81m
11:11:38 [POS] Lat: 47.397971, Lon: 8.546162, Alt: 4.80m
11:11:38 [POS] Lat: 47.397971, Lon: 8.546162, Alt: 4.78m
11:11:38 [POS] Lat: 47.397971, Lon: 8.546162, Alt: 4.77m
11:11:38 [POS] Lat: 47.397971, Lon: 8.546162, Alt: 4.75m
11:11:38 [POS] Lat: 47.397971, Lon: 8.546162, Alt: 4.74m
11:11:38 [POS] Lat: 47.397971, Lon: 8.546162, Alt: 4.72m
11:11:39 [POS] Lat: 47.397971, Lon: 8.546162, Alt: 4.70m
11:11:39 [POS] Lat: 47.397971, Lon: 8.546162, Alt: 4.68m
11:11:39 [POS] Lat: 47.397971, Lon: 8.546162, Alt: 4.67m
11:11:39 [POS] Lat: 47.397971, Lon: 8.546162, Alt: 4.65m
11:11:39 [POS] Lat: 47.397971, Lon: 8.546162, Alt: 4.64m
11:11:39 [POS] Lat: 47.397971, Lon: 8.546162, Alt: 4.62m
11:11:39 [POS] Lat: 47.397971, Lon: 8.546162, Alt: 4.61m
11:11:39 [POS] Lat: 47.397971, Lon: 8.546162, Alt: 4.59m
11:11:39 [POS] Lat: 47.397971, Lon: 8.546162, Alt: 4.58m
11:11:39 [POS] Lat: 47.397971, Lon: 8.546162, Alt: 4.56m
11:11:39 [POS] Lat: 47.397971, Lon: 8.546162, Alt: 4.55m
11:11:39 [POS] Lat: 47.397971, Lon: 8.546162, Alt: 4.53m
11:11:39 [POS] Lat: 47.397971, Lon: 8.546162, Alt: 4.52m
11:11:39 [POS] Lat: 47.397971, Lon: 8.546162, Alt: 4.51m
11:11:39 [POS] Lat: 47.397971, Lon: 8.546162, Alt: 4.49m
11:11:39 [BAT] Percentage: 66, Voltage: 15.30V
11:11:39 [POS] Lat: 47.397971, Lon: 8.546162, Alt: 4.48m
11:11:39 [POS] Lat: 47.397971, Lon: 8.546162, Alt: 4.47m
11:11:39 [POS] Lat: 47.397971, Lon: 8.546162, Alt: 4.45m
11:11:39 [POS] Lat: 47.397971, Lon: 8.546162, Alt: 4.44m
11:11:39 [POS] Lat: 47.397971, Lon: 8.546162, Alt: 4.42m
11:11:39 [POS] Lat: 47.397971, Lon: 8.546162, Alt: 4.41m
11:11:39 [POS] Lat: 47.397971, Lon: 8.546162, Alt: 4.40m
11:11:39 [POS] Lat: 47.397971, Lon: 8.546162, Alt: 4.39m
11:11:39 [POS] Lat: 47.397971, Lon: 8.546162, Alt: 4.37m
11:11:39 [POS] Lat: 47.397971, Lon: 8.546162, Alt: 4.36m
11:11:39 [POS] Lat: 47.397971, Lon: 8.546162, Alt: 4.35m
11:11:39 [POS] Lat: 47.397971, Lon: 8.546162, Alt: 4.33m
11:11:39 [POS] Lat: 47.397971, Lon: 8.546162, Alt: 4.32m
11:11:39 [POS] Lat: 47.397971, Lon: 8.546162, Alt: 4.31m
11:11:39 [POS] Lat: 47.397971, Lon: 8.546162, Alt: 4.29m
11:11:39 [POS] Lat: 47.397971, Lon: 8.546162, Alt: 4.28m
11:11:39 [POS] Lat: 47.397971, Lon: 8.546162, Alt: 4.27m
11:11:39 [POS] Lat: 47.397971, Lon: 8.546162, Alt: 4.26m
11:11:39 [POS] Lat: 47.397971, Lon: 8.546162, Alt: 4.24m
11:11:39 [POS] Lat: 47.397971, Lon: 8.546162, Alt: 4.23m
11:11:39 [POS] Lat: 47.397971, Lon: 8.546162, Alt: 4.22m
11:11:39 [POS] Lat: 47.397971, Lon: 8.546162, Alt: 4.21m
11:11:39 [POS] Lat: 47.397971, Lon: 8.546162, Alt: 4.19m
11:11:39 [POS] Lat: 47.397971, Lon: 8.546162, Alt: 4.18m
11:11:39 [POS] Lat: 47.397971, Lon: 8.546162, Alt: 4.16m
11:11:39 [POS] Lat: 47.397971, Lon: 8.546162, Alt: 4.15m
11:11:39 [POS] Lat: 47.397971, Lon: 8.546162, Alt: 4.14m
11:11:39 [POS] Lat: 47.397971, Lon: 8.546162, Alt: 4.13m
11:11:39 [POS] Lat: 47.397971, Lon: 8.546162, Alt: 4.11m
11:11:39 [POS] Lat: 47.397971, Lon: 8.546162, Alt: 4.10m
11:11:39 [POS] Lat: 47.397971, Lon: 8.546162, Alt: 4.08m
11:11:39 [POS] Lat: 47.397971, Lon: 8.546162, Alt: 4.07m
11:11:39 [POS] Lat: 47.397971, Lon: 8.546162, Alt: 4.06m
11:11:39 [POS] Lat: 47.397971, Lon: 8.546162, Alt: 4.04m
11:11:39 [POS] Lat: 47.397971, Lon: 8.546162, Alt: 4.03m
11:11:40 [POS] Lat: 47.397971, Lon: 8.546162, Alt: 4.01m
11:11:40 [POS] Lat: 47.397971, Lon: 8.546162, Alt: 4.00m
11:11:40 [POS] Lat: 47.397971, Lon: 8.546162, Alt: 3.99m
11:11:40 [POS] Lat: 47.397971, Lon: 8.546162, Alt: 3.97m
11:11:40 [POS] Lat: 47.397971, Lon: 8.546162, Alt: 3.96m
11:11:40 [POS] Lat: 47.397971, Lon: 8.546162, Alt: 3.94m
11:11:40 [POS] Lat: 47.397971, Lon: 8.546162, Alt: 3.93m
11:11:40 [POS] Lat: 47.397971, Lon: 8.546162, Alt: 3.92m
11:11:40 [POS] Lat: 47.397971, Lon: 8.546162, Alt: 3.90m
11:11:40 [POS] Lat: 47.397971, Lon: 8.546162, Alt: 3.89m
11:11:40 [POS] Lat: 47.397971, Lon: 8.546162, Alt: 3.88m
11:11:40 [POS] Lat: 47.397971, Lon: 8.546162, Alt: 3.86m
11:11:40 [POS] Lat: 47.397971, Lon: 8.546162, Alt: 3.85m
11:11:40 [POS] Lat: 47.397971, Lon: 8.546162, Alt: 3.84m
11:11:40 [POS] Lat: 47.397971, Lon: 8.546162, Alt: 3.82m
11:11:40 [POS] Lat: 47.397971, Lon: 8.546162, Alt: 3.81m
11:11:40 [POS] Lat: 47.397971, Lon: 8.546162, Alt: 3.80m
11:11:40 [POS] Lat: 47.397971, Lon: 8.546162, Alt: 3.78m
11:11:40 [POS] Lat: 47.397971, Lon: 8.546162, Alt: 3.77m
11:11:40 [POS] Lat: 47.397971, Lon: 8.546162, Alt: 3.76m
11:11:40 [POS] Lat: 47.397971, Lon: 8.546162, Alt: 3.75m
11:11:40 [POS] Lat: 47.397971, Lon: 8.546162, Alt: 3.73m
11:11:40 [POS] Lat: 47.397971, Lon: 8.546162, Alt: 3.72m
11:11:40 [POS] Lat: 47.397971, Lon: 8.546162, Alt: 3.70m
11:11:40 [POS] Lat: 47.397971, Lon: 8.546162, Alt: 3.69m
11:11:40 [POS] Lat: 47.397971, Lon: 8.546162, Alt: 3.68m
11:11:40 [POS] Lat: 47.397971, Lon: 8.546162, Alt: 3.66m
11:11:40 [POS] Lat: 47.397971, Lon: 8.546162, Alt: 3.65m
11:11:40 [POS] Lat: 47.397971, Lon: 8.546162, Alt: 3.64m
11:11:40 [POS] Lat: 47.397971, Lon: 8.546162, Alt: 3.62m
11:11:40 [POS] Lat: 47.397971, Lon: 8.546162, Alt: 3.61m
11:11:40 [POS] Lat: 47.397971, Lon: 8.546162, Alt: 3.60m
11:11:40 [POS] Lat: 47.397971, Lon: 8.546162, Alt: 3.59m
11:11:40 [POS] Lat: 47.397971, Lon: 8.546162, Alt: 3.57m
11:11:40 [POS] Lat: 47.397971, Lon: 8.546162, Alt: 3.56m
11:11:40 [POS] Lat: 47.397971, Lon: 8.546162, Alt: 3.55m
11:11:40 [POS] Lat: 47.397971, Lon: 8.546162, Alt: 3.54m
11:11:40 [POS] Lat: 47.397971, Lon: 8.546162, Alt: 3.52m
11:11:40 [POS] Lat: 47.397971, Lon: 8.546162, Alt: 3.51m
11:11:40 [POS] Lat: 47.397971, Lon: 8.546162, Alt: 3.49m
11:11:40 [POS] Lat: 47.397971, Lon: 8.546162, Alt: 3.48m
11:11:40 [POS] Lat: 47.397971, Lon: 8.546162, Alt: 3.46m
11:11:40 [POS] Lat: 47.397971, Lon: 8.546162, Alt: 3.45m
11:11:40 [POS] Lat: 47.397971, Lon: 8.546162, Alt: 3.43m
11:11:40 [POS] Lat: 47.397971, Lon: 8.546162, Alt: 3.42m
11:11:40 [POS] Lat: 47.397971, Lon: 8.546162, Alt: 3.40m
11:11:40 [POS] Lat: 47.397971, Lon: 8.546162, Alt: 3.39m
11:11:40 [POS] Lat: 47.397971, Lon: 8.546162, Alt: 3.37m
11:11:40 [POS] Lat: 47.397971, Lon: 8.546162, Alt: 3.36m
11:11:41 [POS] Lat: 47.397971, Lon: 8.546162, Alt: 3.34m
11:11:41 [POS] Lat: 47.397971, Lon: 8.546162, Alt: 3.33m
11:11:41 [POS] Lat: 47.397971, Lon: 8.546162, Alt: 3.31m
11:11:41 [POS] Lat: 47.397971, Lon: 8.546162, Alt: 3.30m
11:11:41 [POS] Lat: 47.397971, Lon: 8.546162, Alt: 3.29m
11:11:41 [POS] Lat: 47.397971, Lon: 8.546162, Alt: 3.28m
11:11:41 [POS] Lat: 47.397971, Lon: 8.546162, Alt: 3.26m
11:11:41 [POS] Lat: 47.397971, Lon: 8.546162, Alt: 3.25m
11:11:41 [POS] Lat: 47.397971, Lon: 8.546162, Alt: 3.23m
11:11:41 [POS] Lat: 47.397971, Lon: 8.546162, Alt: 3.22m
11:11:41 [POS] Lat: 47.397971, Lon: 8.546162, Alt: 3.20m
11:11:41 [POS] Lat: 47.397971, Lon: 8.546162, Alt: 3.19m
11:11:41 [POS] Lat: 47.397971, Lon: 8.546162, Alt: 3.18m
11:11:41 [POS] Lat: 47.397971, Lon: 8.546162, Alt: 3.16m
11:11:41 [POS] Lat: 47.397971, Lon: 8.546162, Alt: 3.15m
11:11:41 [POS] Lat: 47.397971, Lon: 8.546162, Alt: 3.13m
11:11:41 [BAT] Percentage: 66, Voltage: 15.30V
11:11:41 [POS] Lat: 47.397971, Lon: 8.546162, Alt: 3.12m
11:11:41 [POS] Lat: 47.397971, Lon: 8.546162, Alt: 3.11m
11:11:41 [POS] Lat: 47.397971, Lon: 8.546162, Alt: 3.09m
11:11:41 [POS] Lat: 47.397971, Lon: 8.546162, Alt: 3.08m
11:11:41 [POS] Lat: 47.397971, Lon: 8.546162, Alt: 3.07m
11:11:41 [POS] Lat: 47.397971, Lon: 8.546162, Alt: 3.05m
11:11:41 [POS] Lat: 47.397971, Lon: 8.546162, Alt: 3.04m
11:11:41 [POS] Lat: 47.397971, Lon: 8.546162, Alt: 3.03m
11:11:41 [POS] Lat: 47.397971, Lon: 8.546162, Alt: 3.01m
11:11:41 [POS] Lat: 47.397971, Lon: 8.546162, Alt: 2.99m
11:11:41 [POS] Lat: 47.397971, Lon: 8.546162, Alt: 2.98m
11:11:41 [POS] Lat: 47.397971, Lon: 8.546162, Alt: 2.96m
11:11:41 [POS] Lat: 47.397971, Lon: 8.546162, Alt: 2.95m
11:11:41 [POS] Lat: 47.397971, Lon: 8.546162, Alt: 2.93m
11:11:41 [POS] Lat: 47.397971, Lon: 8.546162, Alt: 2.92m
11:11:41 [POS] Lat: 47.397971, Lon: 8.546162, Alt: 2.90m
11:11:41 [POS] Lat: 47.397971, Lon: 8.546162, Alt: 2.89m
11:11:41 [POS] Lat: 47.397971, Lon: 8.546162, Alt: 2.87m
11:11:41 [POS] Lat: 47.397971, Lon: 8.546162, Alt: 2.86m
11:11:41 [POS] Lat: 47.397971, Lon: 8.546162, Alt: 2.85m
11:11:41 [POS] Lat: 47.397971, Lon: 8.546162, Alt: 2.83m
11:11:41 [POS] Lat: 47.397971, Lon: 8.546162, Alt: 2.82m
11:11:41 [POS] Lat: 47.397971, Lon: 8.546162, Alt: 2.81m
11:11:41 [POS] Lat: 47.397971, Lon: 8.546162, Alt: 2.79m
11:11:41 [POS] Lat: 47.397971, Lon: 8.546162, Alt: 2.78m
11:11:41 [POS] Lat: 47.397971, Lon: 8.546162, Alt: 2.77m
11:11:41 [POS] Lat: 47.397971, Lon: 8.546162, Alt: 2.75m
11:11:41 [POS] Lat: 47.397971, Lon: 8.546162, Alt: 2.74m
11:11:41 [POS] Lat: 47.397971, Lon: 8.546162, Alt: 2.73m
11:11:41 [POS] Lat: 47.397971, Lon: 8.546162, Alt: 2.72m
11:11:41 [POS] Lat: 47.397971, Lon: 8.546162, Alt: 2.70m
11:11:41 [POS] Lat: 47.397971, Lon: 8.546162, Alt: 2.69m
11:11:41 [POS] Lat: 47.397971, Lon: 8.546162, Alt: 2.67m
11:11:41 [POS] Lat: 47.397971, Lon: 8.546162, Alt: 2.66m
11:11:42 [POS] Lat: 47.397971, Lon: 8.546162, Alt: 2.64m
11:11:42 [POS] Lat: 47.397971, Lon: 8.546162, Alt: 2.63m
11:11:42 [POS] Lat: 47.397971, Lon: 8.546162, Alt: 2.61m
11:11:42 [POS] Lat: 47.397971, Lon: 8.546162, Alt: 2.60m
11:11:42 [POS] Lat: 47.397971, Lon: 8.546162, Alt: 2.58m
11:11:42 [POS] Lat: 47.397971, Lon: 8.546162, Alt: 2.57m
11:11:42 [POS] Lat: 47.397971, Lon: 8.546162, Alt: 2.56m
11:11:42 [POS] Lat: 47.397971, Lon: 8.546162, Alt: 2.54m
11:11:42 [POS] Lat: 47.397971, Lon: 8.546162, Alt: 2.53m
11:11:42 [POS] Lat: 47.397971, Lon: 8.546162, Alt: 2.51m
11:11:42 [POS] Lat: 47.397971, Lon: 8.546162, Alt: 2.50m
11:11:42 [POS] Lat: 47.397971, Lon: 8.546162, Alt: 2.49m
11:11:42 [POS] Lat: 47.397971, Lon: 8.546162, Alt: 2.47m
11:11:42 [POS] Lat: 47.397971, Lon: 8.546162, Alt: 2.46m
11:11:42 [POS] Lat: 47.397971, Lon: 8.546162, Alt: 2.44m
11:11:42 [POS] Lat: 47.397971, Lon: 8.546162, Alt: 2.43m
11:11:42 [POS] Lat: 47.397971, Lon: 8.546162, Alt: 2.41m
11:11:42 [POS] Lat: 47.397971, Lon: 8.546162, Alt: 2.40m
11:11:42 [POS] Lat: 47.397971, Lon: 8.546162, Alt: 2.38m
11:11:42 [POS] Lat: 47.397971, Lon: 8.546162, Alt: 2.37m
11:11:42 [POS] Lat: 47.397971, Lon: 8.546162, Alt: 2.35m
11:11:42 [POS] Lat: 47.397971, Lon: 8.546162, Alt: 2.34m
11:11:42 [POS] Lat: 47.397971, Lon: 8.546162, Alt: 2.32m
11:11:42 [POS] Lat: 47.397971, Lon: 8.546162, Alt: 2.31m
11:11:42 [POS] Lat: 47.397971, Lon: 8.546162, Alt: 2.30m
11:11:42 [POS] Lat: 47.397971, Lon: 8.546162, Alt: 2.29m
11:11:42 [POS] Lat: 47.397971, Lon: 8.546162, Alt: 2.27m
11:11:42 [POS] Lat: 47.397971, Lon: 8.546162, Alt: 2.26m
11:11:42 [POS] Lat: 47.397971, Lon: 8.546162, Alt: 2.24m
11:11:42 [POS] Lat: 47.397971, Lon: 8.546162, Alt: 2.23m
11:11:42 [POS] Lat: 47.397971, Lon: 8.546162, Alt: 2.21m
11:11:42 [POS] Lat: 47.397971, Lon: 8.546162, Alt: 2.20m
11:11:42 [POS] Lat: 47.397971, Lon: 8.546162, Alt: 2.19m
11:11:42 [POS] Lat: 47.397971, Lon: 8.546162, Alt: 2.17m
11:11:42 [POS] Lat: 47.397971, Lon: 8.546162, Alt: 2.16m
11:11:42 [POS] Lat: 47.397971, Lon: 8.546162, Alt: 2.15m
11:11:42 [POS] Lat: 47.397971, Lon: 8.546162, Alt: 2.13m
11:11:42 [POS] Lat: 47.397971, Lon: 8.546162, Alt: 2.12m
11:11:42 [POS] Lat: 47.397971, Lon: 8.546162, Alt: 2.11m
11:11:42 [POS] Lat: 47.397971, Lon: 8.546162, Alt: 2.10m
11:11:42 [POS] Lat: 47.397971, Lon: 8.546162, Alt: 2.08m
11:11:42 [POS] Lat: 47.397971, Lon: 8.546162, Alt: 2.07m
11:11:42 [POS] Lat: 47.397971, Lon: 8.546162, Alt: 2.05m
11:11:42 [POS] Lat: 47.397971, Lon: 8.546162, Alt: 2.04m
11:11:42 [POS] Lat: 47.397971, Lon: 8.546162, Alt: 2.03m
11:11:42 [POS] Lat: 47.397971, Lon: 8.546162, Alt: 2.01m
11:11:42 [POS] Lat: 47.397971, Lon: 8.546162, Alt: 2.00m
11:11:42 [POS] Lat: 47.397971, Lon: 8.546162, Alt: 1.99m
11:11:42 [POS] Lat: 47.397971, Lon: 8.546162, Alt: 1.97m
11:11:43 [POS] Lat: 47.397971, Lon: 8.546162, Alt: 1.96m
11:11:43 [POS] Lat: 47.397971, Lon: 8.546162, Alt: 1.94m
11:11:43 [POS] Lat: 47.397971, Lon: 8.546162, Alt: 1.93m
11:11:43 [POS] Lat: 47.397971, Lon: 8.546162, Alt: 1.91m
11:11:43 [POS] Lat: 47.397971, Lon: 8.546162, Alt: 1.90m
11:11:43 [POS] Lat: 47.397971, Lon: 8.546161, Alt: 1.88m
11:11:43 [POS] Lat: 47.397971, Lon: 8.546161, Alt: 1.87m
11:11:43 [POS] Lat: 47.397971, Lon: 8.546161, Alt: 1.85m
11:11:43 [POS] Lat: 47.397971, Lon: 8.546161, Alt: 1.84m
11:11:43 [POS] Lat: 47.397971, Lon: 8.546161, Alt: 1.82m
11:11:43 [POS] Lat: 47.397971, Lon: 8.546161, Alt: 1.81m
11:11:43 [POS] Lat: 47.397971, Lon: 8.546161, Alt: 1.79m
11:11:43 [POS] Lat: 47.397971, Lon: 8.546161, Alt: 1.78m
11:11:43 [POS] Lat: 47.397971, Lon: 8.546161, Alt: 1.77m
11:11:43 [POS] Lat: 47.397971, Lon: 8.546161, Alt: 1.75m
11:11:43 [POS] Lat: 47.397971, Lon: 8.546161, Alt: 1.74m
11:11:43 [POS] Lat: 47.397971, Lon: 8.546161, Alt: 1.73m
11:11:43 [BAT] Percentage: 66, Voltage: 15.30V
11:11:43 [POS] Lat: 47.397971, Lon: 8.546161, Alt: 1.71m
11:11:43 [POS] Lat: 47.397971, Lon: 8.546161, Alt: 1.70m
11:11:43 [POS] Lat: 47.397971, Lon: 8.546161, Alt: 1.68m
11:11:43 [POS] Lat: 47.397971, Lon: 8.546161, Alt: 1.67m
11:11:43 [POS] Lat: 47.397971, Lon: 8.546161, Alt: 1.66m
11:11:43 [POS] Lat: 47.397971, Lon: 8.546161, Alt: 1.64m
11:11:43 [POS] Lat: 47.397971, Lon: 8.546161, Alt: 1.63m
11:11:43 [POS] Lat: 47.397971, Lon: 8.546161, Alt: 1.62m
11:11:43 [POS] Lat: 47.397971, Lon: 8.546161, Alt: 1.60m
11:11:43 [POS] Lat: 47.397971, Lon: 8.546161, Alt: 1.59m
11:11:43 [POS] Lat: 47.397971, Lon: 8.546161, Alt: 1.57m
11:11:43 [POS] Lat: 47.397971, Lon: 8.546161, Alt: 1.56m
11:11:43 [POS] Lat: 47.397971, Lon: 8.546161, Alt: 1.54m
11:11:43 [POS] Lat: 47.397971, Lon: 8.546161, Alt: 1.53m
11:11:43 [POS] Lat: 47.397971, Lon: 8.546161, Alt: 1.51m
11:11:43 [POS] Lat: 47.397971, Lon: 8.546161, Alt: 1.50m
11:11:43 [POS] Lat: 47.397971, Lon: 8.546161, Alt: 1.48m
11:11:43 [POS] Lat: 47.397971, Lon: 8.546161, Alt: 1.47m
11:11:43 [POS] Lat: 47.397971, Lon: 8.546161, Alt: 1.45m
11:11:43 [POS] Lat: 47.397971, Lon: 8.546161, Alt: 1.44m
11:11:43 [POS] Lat: 47.397971, Lon: 8.546161, Alt: 1.42m
11:11:43 [POS] Lat: 47.397971, Lon: 8.546161, Alt: 1.41m
11:11:43 [POS] Lat: 47.397971, Lon: 8.546161, Alt: 1.39m
11:11:43 [POS] Lat: 47.397971, Lon: 8.546161, Alt: 1.38m
11:11:43 [POS] Lat: 47.397971, Lon: 8.546162, Alt: 1.36m
11:11:43 [POS] Lat: 47.397971, Lon: 8.546162, Alt: 1.35m
11:11:43 [POS] Lat: 47.397971, Lon: 8.546162, Alt: 1.33m
11:11:43 [POS] Lat: 47.397971, Lon: 8.546162, Alt: 1.32m
11:11:43 [POS] Lat: 47.397971, Lon: 8.546162, Alt: 1.31m
11:11:43 [POS] Lat: 47.397971, Lon: 8.546162, Alt: 1.29m
11:11:43 [POS] Lat: 47.397971, Lon: 8.546162, Alt: 1.28m
11:11:43 [POS] Lat: 47.397971, Lon: 8.546162, Alt: 1.26m
11:11:43 [POS] Lat: 47.397971, Lon: 8.546162, Alt: 1.25m
11:11:44 [POS] Lat: 47.397971, Lon: 8.546162, Alt: 1.24m
11:11:44 [POS] Lat: 47.397971, Lon: 8.546162, Alt: 1.22m
11:11:44 [POS] Lat: 47.397971, Lon: 8.546162, Alt: 1.21m
11:11:44 [POS] Lat: 47.397971, Lon: 8.546162, Alt: 1.19m
11:11:44 [POS] Lat: 47.397971, Lon: 8.546162, Alt: 1.18m
11:11:44 [POS] Lat: 47.397971, Lon: 8.546162, Alt: 1.16m
11:11:44 [POS] Lat: 47.397971, Lon: 8.546162, Alt: 1.15m
11:11:44 [POS] Lat: 47.397971, Lon: 8.546162, Alt: 1.13m
11:11:44 [POS] Lat: 47.397971, Lon: 8.546162, Alt: 1.12m
11:11:44 [POS] Lat: 47.397971, Lon: 8.546162, Alt: 1.10m
11:11:44 [POS] Lat: 47.397971, Lon: 8.546162, Alt: 1.09m
11:11:44 [POS] Lat: 47.397971, Lon: 8.546162, Alt: 1.07m
11:11:44 [POS] Lat: 47.397971, Lon: 8.546162, Alt: 1.06m
11:11:44 [POS] Lat: 47.397971, Lon: 8.546162, Alt: 1.04m
11:11:44 [POS] Lat: 47.397971, Lon: 8.546162, Alt: 1.03m
11:11:44 [POS] Lat: 47.397971, Lon: 8.546162, Alt: 1.01m
11:11:44 [POS] Lat: 47.397971, Lon: 8.546162, Alt: 1.00m
11:11:44 [POS] Lat: 47.397971, Lon: 8.546162, Alt: 0.99m
11:11:44 [POS] Lat: 47.397971, Lon: 8.546162, Alt: 0.98m
11:11:44 [POS] Lat: 47.397971, Lon: 8.546162, Alt: 0.96m
11:11:44 [POS] Lat: 47.397971, Lon: 8.546162, Alt: 0.95m
11:11:44 [POS] Lat: 47.397971, Lon: 8.546162, Alt: 0.93m
11:11:44 [POS] Lat: 47.397971, Lon: 8.546162, Alt: 0.92m
11:11:44 [POS] Lat: 47.397971, Lon: 8.546162, Alt: 0.91m
11:11:44 [POS] Lat: 47.397971, Lon: 8.546162, Alt: 0.90m
11:11:44 [POS] Lat: 47.397971, Lon: 8.546162, Alt: 0.88m
11:11:44 [POS] Lat: 47.397971, Lon: 8.546162, Alt: 0.87m
11:11:44 [POS] Lat: 47.397971, Lon: 8.546162, Alt: 0.85m
11:11:44 [POS] Lat: 47.397971, Lon: 8.546162, Alt: 0.84m
11:11:44 [POS] Lat: 47.397971, Lon: 8.546162, Alt: 0.83m
11:11:44 [POS] Lat: 47.397971, Lon: 8.546162, Alt: 0.82m
11:11:44 [POS] Lat: 47.397971, Lon: 8.546162, Alt: 0.80m
11:11:44 [POS] Lat: 47.397971, Lon: 8.546162, Alt: 0.79m
11:11:44 [POS] Lat: 47.397971, Lon: 8.546162, Alt: 0.78m
11:11:44 [POS] Lat: 47.397971, Lon: 8.546162, Alt: 0.77m
11:11:44 [POS] Lat: 47.397971, Lon: 8.546162, Alt: 0.75m
11:11:44 [POS] Lat: 47.397971, Lon: 8.546162, Alt: 0.74m
11:11:44 [POS] Lat: 47.397971, Lon: 8.546162, Alt: 0.73m
11:11:44 [POS] Lat: 47.397971, Lon: 8.546162, Alt: 0.72m
11:11:44 [POS] Lat: 47.397971, Lon: 8.546162, Alt: 0.71m
11:11:44 [POS] Lat: 47.397971, Lon: 8.546162, Alt: 0.70m
11:11:44 [POS] Lat: 47.397971, Lon: 8.546162, Alt: 0.68m
11:11:44 [POS] Lat: 47.397971, Lon: 8.546162, Alt: 0.68m
11:11:44 [POS] Lat: 47.397971, Lon: 8.546162, Alt: 0.66m
11:11:44 [POS] Lat: 47.397971, Lon: 8.546162, Alt: 0.66m
11:11:44 [POS] Lat: 47.397971, Lon: 8.546162, Alt: 0.64m
11:11:44 [POS] Lat: 47.397971, Lon: 8.546162, Alt: 0.63m
11:11:44 [POS] Lat: 47.397971, Lon: 8.546162, Alt: 0.62m
11:11:44 [POS] Lat: 47.397971, Lon: 8.546162, Alt: 0.61m
11:11:45 [POS] Lat: 47.397971, Lon: 8.546162, Alt: 0.60m
11:11:45 [POS] Lat: 47.397971, Lon: 8.546162, Alt: 0.59m
11:11:45 [POS] Lat: 47.397971, Lon: 8.546162, Alt: 0.57m
11:11:45 [POS] Lat: 47.397971, Lon: 8.546162, Alt: 0.56m
11:11:45 [POS] Lat: 47.397971, Lon: 8.546162, Alt: 0.55m
11:11:45 [POS] Lat: 47.397971, Lon: 8.546162, Alt: 0.54m
11:11:45 [POS] Lat: 47.397971, Lon: 8.546162, Alt: 0.52m
11:11:45 [POS] Lat: 47.397971, Lon: 8.546162, Alt: 0.51m
11:11:45 [POS] Lat: 47.397971, Lon: 8.546162, Alt: 0.49m
11:11:45 [POS] Lat: 47.397971, Lon: 8.546162, Alt: 0.48m
11:11:45 [POS] Lat: 47.397971, Lon: 8.546162, Alt: 0.46m
11:11:45 [POS] Lat: 47.397971, Lon: 8.546162, Alt: 0.45m
11:11:45 [POS] Lat: 47.397971, Lon: 8.546162, Alt: 0.43m
11:11:45 [POS] Lat: 47.397971, Lon: 8.546162, Alt: 0.42m
11:11:45 [POS] Lat: 47.397971, Lon: 8.546162, Alt: 0.40m
11:11:45 [POS] Lat: 47.397971, Lon: 8.546162, Alt: 0.39m
11:11:45 [POS] Lat: 47.397971, Lon: 8.546162, Alt: 0.37m
11:11:45 [POS] Lat: 47.397971, Lon: 8.546162, Alt: 0.36m
11:11:45 [BAT] Percentage: 66, Voltage: 15.30V
11:11:45 [POS] Lat: 47.397971, Lon: 8.546162, Alt: 0.34m
11:11:45 [POS] Lat: 47.397971, Lon: 8.546162, Alt: 0.34m
11:11:45 [POS] Lat: 47.397971, Lon: 8.546162, Alt: 0.34m
11:11:45 [POS] Lat: 47.397971, Lon: 8.546162, Alt: 0.34m
11:11:45 [POS] Lat: 47.397971, Lon: 8.546162, Alt: 0.34m
11:11:45 [POS] Lat: 47.397971, Lon: 8.546162, Alt: 0.34m
11:11:45 [POS] Lat: 47.397971, Lon: 8.546162, Alt: 0.34m
11:11:45 [POS] Lat: 47.397971, Lon: 8.546162, Alt: 0.34m
11:11:45 [POS] Lat: 47.397971, Lon: 8.546162, Alt: 0.34m
11:11:45 [POS] Lat: 47.397971, Lon: 8.546162, Alt: 0.34m
11:11:45 [POS] Lat: 47.397971, Lon: 8.546162, Alt: 0.34m
11:11:45 [POS] Lat: 47.397971, Lon: 8.546162, Alt: 0.34m
11:11:45 [POS] Lat: 47.397971, Lon: 8.546162, Alt: 0.34m
11:11:45 [POS] Lat: 47.397971, Lon: 8.546162, Alt: 0.34m
11:11:45 [POS] Lat: 47.397971, Lon: 8.546162, Alt: 0.35m
11:11:45 [POS] Lat: 47.397971, Lon: 8.546162, Alt: 0.35m
11:11:45 [POS] Lat: 47.397971, Lon: 8.546162, Alt: 0.35m
11:11:45 [POS] Lat: 47.397971, Lon: 8.546162, Alt: 0.35m
11:11:45 [POS] Lat: 47.397971, Lon: 8.546162, Alt: 0.35m
11:11:45 [POS] Lat: 47.397970, Lon: 8.546162, Alt: 0.35m
11:11:45 [POS] Lat: 47.397970, Lon: 8.546162, Alt: 0.35m
11:11:45 [POS] Lat: 47.397970, Lon: 8.546162, Alt: 0.35m
11:11:45 [POS] Lat: 47.397970, Lon: 8.546162, Alt: 0.35m
11:11:45 [POS] Lat: 47.397970, Lon: 8.546162, Alt: 0.35m
11:11:45 [POS] Lat: 47.397970, Lon: 8.546162, Alt: 0.35m
11:11:45 [POS] Lat: 47.397970, Lon: 8.546162, Alt: 0.35m
11:11:45 [POS] Lat: 47.397970, Lon: 8.546162, Alt: 0.35m
11:11:45 [POS] Lat: 47.397970, Lon: 8.546162, Alt: 0.35m
11:11:45 [POS] Lat: 47.397970, Lon: 8.546162, Alt: 0.36m
11:11:45 [POS] Lat: 47.397970, Lon: 8.546162, Alt: 0.36m
11:11:45 [POS] Lat: 47.397970, Lon: 8.546162, Alt: 0.36m
11:11:45 [POS] Lat: 47.397970, Lon: 8.546162, Alt: 0.36m
11:11:46 [POS] Lat: 47.397970, Lon: 8.546162, Alt: 0.36m
11:11:46 [POS] Lat: 47.397970, Lon: 8.546162, Alt: 0.36m
11:11:46 [POS] Lat: 47.397970, Lon: 8.546162, Alt: 0.37m
11:11:46 [POS] Lat: 47.397970, Lon: 8.546162, Alt: 0.37m
11:11:46 [POS] Lat: 47.397970, Lon: 8.546162, Alt: 0.37m
11:11:46 [POS] Lat: 47.397970, Lon: 8.546162, Alt: 0.37m
11:11:46 [POS] Lat: 47.397970, Lon: 8.546162, Alt: 0.37m
11:11:46 [POS] Lat: 47.397970, Lon: 8.546162, Alt: 0.37m
11:11:46 [POS] Lat: 47.397970, Lon: 8.546162, Alt: 0.37m
11:11:46 [POS] Lat: 47.397970, Lon: 8.546162, Alt: 0.37m
11:11:46 [POS] Lat: 47.397970, Lon: 8.546162, Alt: 0.38m
11:11:46 [POS] Lat: 47.397970, Lon: 8.546162, Alt: 0.38m
11:11:46 [POS] Lat: 47.397970, Lon: 8.546162, Alt: 0.38m
11:11:46 [POS] Lat: 47.397970, Lon: 8.546162, Alt: 0.38m
11:11:46 [POS] Lat: 47.397970, Lon: 8.546162, Alt: 0.38m
11:11:46 [POS] Lat: 47.397970, Lon: 8.546162, Alt: 0.38m
11:11:46 [POS] Lat: 47.397970, Lon: 8.546162, Alt: 0.38m
11:11:46 [POS] Lat: 47.397970, Lon: 8.546162, Alt: 0.38m
11:11:46 [POS] Lat: 47.397970, Lon: 8.546162, Alt: 0.38m
11:11:46 [POS] Lat: 47.397970, Lon: 8.546162, Alt: 0.38m
11:11:46 [POS] Lat: 47.397970, Lon: 8.546162, Alt: 0.38m
11:11:46 [POS] Lat: 47.397970, Lon: 8.546162, Alt: 0.38m
11:11:46 [POS] Lat: 47.397970, Lon: 8.546162, Alt: 0.38m
11:11:46 [POS] Lat: 47.397970, Lon: 8.546162, Alt: 0.38m
11:11:46 [POS] Lat: 47.397970, Lon: 8.546162, Alt: 0.38m
11:11:46 [POS] Lat: 47.397970, Lon: 8.546162, Alt: 0.38m
11:11:46 [POS] Lat: 47.397970, Lon: 8.546162, Alt: 0.38m
11:11:46 [POS] Lat: 47.397970, Lon: 8.546162, Alt: 0.38m
11:11:46 [POS] Lat: 47.397970, Lon: 8.546162, Alt: 0.38m
11:11:46 [POS] Lat: 47.397970, Lon: 8.546162, Alt: 0.38m
11:11:46 [POS] Lat: 47.397970, Lon: 8.546162, Alt: 0.38m
11:11:46 [POS] Lat: 47.397970, Lon: 8.546162, Alt: 0.38m
11:11:46 [POS] Lat: 47.397970, Lon: 8.546162, Alt: 0.39m
11:11:46 [POS] Lat: 47.397970, Lon: 8.546162, Alt: 0.39m
11:11:46 [POS] Lat: 47.397970, Lon: 8.546162, Alt: 0.39m
11:11:46 [POS] Lat: 47.397970, Lon: 8.546163, Alt: 0.39m
11:11:46 [POS] Lat: 47.397970, Lon: 8.546163, Alt: 0.39m
11:11:46 [POS] Lat: 47.397970, Lon: 8.546163, Alt: 0.39m
11:11:46 [POS] Lat: 47.397970, Lon: 8.546163, Alt: 0.39m
11:11:46 [POS] Lat: 47.397970, Lon: 8.546163, Alt: 0.39m
11:11:46 [POS] Lat: 47.397970, Lon: 8.546163, Alt: 0.39m
11:11:46 [POS] Lat: 47.397970, Lon: 8.546163, Alt: 0.39m
11:11:46 [POS] Lat: 47.397970, Lon: 8.546163, Alt: 0.39m
11:11:46 [POS] Lat: 47.397970, Lon: 8.546163, Alt: 0.39m
11:11:46 [POS] Lat: 47.397970, Lon: 8.546163, Alt: 0.39m
11:11:46 [POS] Lat: 47.397970, Lon: 8.546163, Alt: 0.39m
11:11:46 [POS] Lat: 47.397970, Lon: 8.546163, Alt: 0.39m
11:11:46 [POS] Lat: 47.397970, Lon: 8.546163, Alt: 0.38m
11:11:46 [POS] Lat: 47.397970, Lon: 8.546163, Alt: 0.38m
11:11:47 [POS] Lat: 47.397970, Lon: 8.546163, Alt: 0.38m
11:11:47 [POS] Lat: 47.397970, Lon: 8.546163, Alt: 0.38m
11:11:47 [POS] Lat: 47.397970, Lon: 8.546163, Alt: 0.38m
11:11:47 [POS] Lat: 47.397970, Lon: 8.546163, Alt: 0.38m
11:11:47 [POS] Lat: 47.397970, Lon: 8.546163, Alt: 0.38m
11:11:47 [POS] Lat: 47.397970, Lon: 8.546163, Alt: 0.38m
11:11:47 [POS] Lat: 47.397970, Lon: 8.546163, Alt: 0.38m
11:11:47 [POS] Lat: 47.397970, Lon: 8.546163, Alt: 0.38m
11:11:47 [POS] Lat: 47.397970, Lon: 8.546163, Alt: 0.38m
11:11:47 [POS] Lat: 47.397970, Lon: 8.546163, Alt: 0.38m
11:11:47 [POS] Lat: 47.397970, Lon: 8.546163, Alt: 0.38m
11:11:47 [POS] Lat: 47.397970, Lon: 8.546163, Alt: 0.38m
11:11:47 [POS] Lat: 47.397970, Lon: 8.546163, Alt: 0.37m
11:11:47 [POS] Lat: 47.397970, Lon: 8.546163, Alt: 0.37m
11:11:47 [POS] Lat: 47.397970, Lon: 8.546163, Alt: 0.37m
11:11:47 [POS] Lat: 47.397970, Lon: 8.546163, Alt: 0.37m
11:11:47 [POS] Lat: 47.397970, Lon: 8.546163, Alt: 0.37m
11:11:47 [POS] Lat: 47.397970, Lon: 8.546163, Alt: 0.37m
11:11:47 [POS] Lat: 47.397970, Lon: 8.546163, Alt: 0.37m
11:11:47 [BAT] Percentage: 50, Voltage: 15.30V
11:11:47 [PROG] Landed
11:11:47 [BAT] Final battery 50.00%, 15.30V
11:11:47 [PROG] Flight logging stopped
