==================================================
Flight started: 2026-08-24 22:21:27
==================================================
22:21:28 [POS] Lat: 47.397970, Lon: 8.546165, Alt: -0.23m
22:21:28 [POS] Lat: 47.397970, Lon: 8.546165, Alt: -0.23m
22:21:28 [BAT] Percentage: 51, Voltage: 15.30V
22:21:28 [POS] Lat: 47.397970, Lon: 8.546165, Alt: -0.23m
22:21:28 [POS] Lat: 47.397970, Lon: 8.546165, Alt: -0.23m
22:21:28 [POS] Lat: 47.397970, Lon: 8.546165, Alt: -0.23m
22:21:28 [POS] Lat: 47.397970, Lon: 8.546165, Alt: -0.23m
22:21:28 [POS] Lat: 47.397970, Lon: 8.546165, Alt: -0.23m
22:21:28 [POS] Lat: 47.397970, Lon: 8.546165, Alt: -0.24m
22:21:28 [POS] Lat: 47.397970, Lon: 8.546165, Alt: -0.24m
22:21:28 [POS] Lat: 47.397970, Lon: 8.546165, Alt: -0.24m
22:21:28 [POS] Lat: 47.397970, Lon: 8.546165, Alt: -0.24m
22:21:28 [POS] Lat: 47.397970, Lon: 8.546165, Alt: -0.24m
22:21:28 [BAT] Percentage: 50, Voltage: 15.30V
22:21:28 [PROG] Health OK
22:21:28 [POS] Lat: 47.397970, Lon: 8.546165, Alt: -0.24m
22:21:28 [POS] Lat: 47.397970, Lon: 8.546165, Alt: -0.24m
22:21:28 [PROG] Mission uploaded
22:21:28 [POS] Lat: 47.397970, Lon: 8.546165, Alt: -0.24m
22:21:28 [POS] Lat: 47.397970, Lon: 8.546165, Alt: -0.24m
22:21:28 [POS] Lat: 47.397970, Lon: 8.546165, Alt: -0.25m
22:21:28 [POS] Lat: 47.397970, Lon: 8.546165, Alt: -0.25m
22:21:28 [POS] Lat: 47.397970, Lon: 8.546165, Alt: -0.25m
22:21:28 [POS] Lat: 47.397970, Lon: 8.546165, Alt: -0.25m
22:21:28 [POS] Lat: 47.397970, Lon: 8.546165, Alt: -0.25m
22:21:28 [POS] Lat: 47.397970, Lon: 8.546165, Alt: -0.25m
22:21:28 [POS] Lat: 47.397970, Lon: 8.546165, Alt: -0.25m
22:21:28 [POS] Lat: 47.397970, Lon: 8.546165, Alt: -0.25m
22:21:29 [POS] Lat: 47.397970, Lon: 8.546165, Alt: -0.25m
22:21:29 [POS] Lat: 47.397970, Lon: 8.546165, Alt: -0.25m
22:21:29 [POS] Lat: 47.397970, Lon: 8.546165, Alt: -0.26m
22:21:29 [POS] Lat: 47.397970, Lon: 8.546165, Alt: -0.26m
22:21:29 [POS] Lat: 47.397970, Lon: 8.546165, Alt: -0.26m
22:21:29 [POS] Lat: 47.397970, Lon: 8.546165, Alt: -0.26m
22:21:29 [POS] Lat: 47.397970, Lon: 8.546165, Alt: -0.26m
22:21:29 [POS] Lat: 47.397970, Lon: 8.546165, Alt: -0.26m
22:21:29 [POS] Lat: 47.397970, Lon: 8.546165, Alt: -0.26m
22:21:29 [POS] Lat: 47.397970, Lon: 8.546165, Alt: -0.27m
22:21:29 [POS] Lat: 47.397970, Lon: 8.546165, Alt: -0.27m
22:21:29 [POS] Lat: 47.397970, Lon: 8.546165, Alt: -0.27m
22:21:29 [POS] Lat: 47.397970, Lon: 8.546165, Alt: -0.27m
22:21:29 [POS] Lat: 47.397970, Lon: 8.546165, Alt: -0.27m
22:21:29 [POS] Lat: 47.397970, Lon: 8.546165, Alt: -0.27m
22:21:29 [POS] Lat: 47.397970, Lon: 8.546165, Alt: -0.28m
22:21:29 [POS] Lat: 47.397970, Lon: 8.546165, Alt: -0.28m
22:21:29 [POS] Lat: 47.397970, Lon: 8.546165, Alt: -0.28m
22:21:29 [POS] Lat: 47.397970, Lon: 8.546165, Alt: -0.28m
22:21:29 [POS] Lat: 47.397970, Lon: 8.546165, Alt: -0.28m
22:21:29 [POS] Lat: 47.397970, Lon: 8.546165, Alt: -0.28m
22:21:29 [POS] Lat: 47.397970, Lon: 8.546165, Alt: -0.28m
22:21:29 [POS] Lat: 47.397970, Lon: 8.546165, Alt: -0.28m
22:21:29 [POS] Lat: 47.397970, Lon: 8.546165, Alt: -0.28m
22:21:29 [POS] Lat: 47.397970, Lon: 8.546165, Alt: -0.28m
22:21:29 [POS] Lat: 47.397970, Lon: 8.546165, Alt: -0.28m
22:21:29 [POS] Lat: 47.397970, Lon: 8.546165, Alt: -0.28m
22:21:29 [POS] Lat: 47.397970, Lon: 8.546165, Alt: -0.28m
22:21:29 [POS] Lat: 47.397970, Lon: 8.546165, Alt: -0.28m
22:21:29 [POS] Lat: 47.397970, Lon: 8.546165, Alt: -0.28m
22:21:29 [POS] Lat: 47.397970, Lon: 8.546165, Alt: -0.28m
22:21:29 [POS] Lat: 47.397970, Lon: 8.546165, Alt: -0.28m
22:21:29 [POS] Lat: 47.397970, Lon: 8.546165, Alt: -0.28m
22:21:29 [POS] Lat: 47.397970, Lon: 8.546165, Alt: -0.28m
22:21:29 [POS] Lat: 47.397970, Lon: 8.546166, Alt: -0.28m
22:21:29 [POS] Lat: 47.397970, Lon: 8.546166, Alt: -0.28m
22:21:29 [POS] Lat: 47.397970, Lon: 8.546166, Alt: -0.28m
22:21:29 [POS] Lat: 47.397970, Lon: 8.546166, Alt: -0.28m
22:21:29 [POS] Lat: 47.397970, Lon: 8.546166, Alt: -0.28m
22:21:29 [POS] Lat: 47.397970, Lon: 8.546166, Alt: -0.28m
22:21:29 [POS] Lat: 47.397970, Lon: 8.546166, Alt: -0.28m
22:21:29 [POS] Lat: 47.397970, Lon: 8.546166, Alt: -0.28m
22:21:29 [POS] Lat: 47.397970, Lon: 8.546166, Alt: -0.28m
22:21:29 [POS] Lat: 47.397970, Lon: 8.546166, Alt: -0.28m
22:21:29 [POS] Lat: 47.397970, Lon: 8.546166, Alt: -0.28m
22:21:29 [POS] Lat: 47.397970, Lon: 8.546166, Alt: -0.28m
22:21:29 [POS] Lat: 47.397970, Lon: 8.546166, Alt: -0.28m
22:21:29 [POS] Lat: 47.397970, Lon: 8.546166, Alt: -0.28m
22:21:29 [POS] Lat: 47.397970, Lon: 8.546166, Alt: -0.28m
22:21:30 [POS] Lat: 47.397970, Lon: 8.546166, Alt: -0.28m
22:21:30 [POS] Lat: 47.397970, Lon: 8.546166, Alt: -0.28m
22:21:30 [POS] Lat: 47.397970, Lon: 8.546166, Alt: -0.28m
22:21:30 [POS] Lat: 47.397970, Lon: 8.546166, Alt: -0.28m
22:21:30 [POS] Lat: 47.397970, Lon: 8.546166, Alt: -0.28m
22:21:30 [POS] Lat: 47.397970, Lon: 8.546166, Alt: -0.29m
22:21:30 [POS] Lat: 47.397970, Lon: 8.546166, Alt: -0.29m
22:21:30 [POS] Lat: 47.397970, Lon: 8.546166, Alt: -0.29m
22:21:30 [POS] Lat: 47.397970, Lon: 8.546166, Alt: -0.29m
22:21:30 [POS] Lat: 47.397970, Lon: 8.546166, Alt: -0.29m
22:21:30 [POS] Lat: 47.397970, Lon: 8.546166, Alt: -0.29m
22:21:30 [POS] Lat: 47.397970, Lon: 8.546166, Alt: -0.29m
22:21:30 [POS] Lat: 47.397970, Lon: 8.546166, Alt: -0.29m
22:21:30 [POS] Lat: 47.397970, Lon: 8.546166, Alt: -0.29m
22:21:30 [POS] Lat: 47.397970, Lon: 8.546166, Alt: -0.29m
22:21:30 [POS] Lat: 47.397970, Lon: 8.546166, Alt: -0.29m
22:21:30 [POS] Lat: 47.397970, Lon: 8.546166, Alt: -0.29m
22:21:30 [POS] Lat: 47.397970, Lon: 8.546166, Alt: -0.29m
22:21:30 [POS] Lat: 47.397970, Lon: 8.546166, Alt: -0.29m
22:21:30 [POS] Lat: 47.397970, Lon: 8.546166, Alt: -0.30m
22:21:30 [POS] Lat: 47.397970, Lon: 8.546166, Alt: -0.30m
22:21:30 [POS] Lat: 47.397970, Lon: 8.546166, Alt: -0.30m
22:21:30 [POS] Lat: 47.397970, Lon: 8.546166, Alt: -0.30m
22:21:30 [POS] Lat: 47.397970, Lon: 8.546166, Alt: -0.30m
22:21:30 [POS] Lat: 47.397970, Lon: 8.546166, Alt: -0.30m
22:21:30 [POS] Lat: 47.397970, Lon: 8.546166, Alt: -0.30m
22:21:30 [POS] Lat: 47.397970, Lon: 8.546166, Alt: -0.30m
22:21:30 [POS] Lat: 47.397970, Lon: 8.546166, Alt: -0.30m
22:21:30 [POS] Lat: 47.397970, Lon: 8.546166, Alt: -0.30m
22:21:30 [POS] Lat: 47.397970, Lon: 8.546166, Alt: -0.30m
22:21:30 [POS] Lat: 47.397970, Lon: 8.546166, Alt: -0.30m
22:21:30 [POS] Lat: 47.397970, Lon: 8.546166, Alt: -0.30m
22:21:30 [POS] Lat: 47.397970, Lon: 8.546166, Alt: -0.30m
22:21:30 [POS] Lat: 47.397970, Lon: 8.546165, Alt: -0.30m
22:21:30 [POS] Lat: 47.397970, Lon: 8.546165, Alt: -0.30m
22:21:30 [POS] Lat: 47.397970, Lon: 8.546165, Alt: -0.30m
22:21:30 [POS] Lat: 47.397970, Lon: 8.546165, Alt: -0.30m
22:21:30 [POS] Lat: 47.397970, Lon: 8.546165, Alt: -0.30m
22:21:30 [POS] Lat: 47.397970, Lon: 8.546165, Alt: -0.31m
22:21:30 [BAT] Percentage: 50, Voltage: 15.30V
22:21:30 [POS] Lat: 47.397970, Lon: 8.546165, Alt: -0.30m
22:21:30 [POS] Lat: 47.397970, Lon: 8.546165, Alt: -0.30m
22:21:30 [POS] Lat: 47.397970, Lon: 8.546165, Alt: -0.31m
22:21:30 [POS] Lat: 47.397970, Lon: 8.546165, Alt: -0.31m
22:21:30 [POS] Lat: 47.397970, Lon: 8.546165, Alt: -0.31m
22:21:30 [POS] Lat: 47.397970, Lon: 8.546165, Alt: -0.31m
22:21:30 [POS] Lat: 47.397970, Lon: 8.546165, Alt: -0.31m
22:21:30 [POS] Lat: 47.397970, Lon: 8.546165, Alt: -0.31m
22:21:30 [POS] Lat: 47.397970, Lon: 8.546165, Alt: -0.31m
22:21:30 [POS] Lat: 47.397970, Lon: 8.546165, Alt: -0.31m
22:21:30 [POS] Lat: 47.397970, Lon: 8.546165, Alt: -0.31m
22:21:31 [POS] Lat: 47.397970, Lon: 8.546165, Alt: -0.31m
22:21:31 [POS] Lat: 47.397970, Lon: 8.546165, Alt: -0.31m
22:21:31 [POS] Lat: 47.397970, Lon: 8.546165, Alt: -0.31m
22:21:31 [POS] Lat: 47.397970, Lon: 8.546165, Alt: -0.31m
22:21:31 [POS] Lat: 47.397970, Lon: 8.546165, Alt: -0.32m
22:21:31 [POS] Lat: 47.397970, Lon: 8.546165, Alt: -0.32m
22:21:31 [POS] Lat: 47.397970, Lon: 8.546165, Alt: -0.32m
22:21:31 [POS] Lat: 47.397970, Lon: 8.546165, Alt: -0.32m
22:21:31 [POS] Lat: 47.397970, Lon: 8.546165, Alt: -0.33m
22:21:31 [POS] Lat: 47.397970, Lon: 8.546165, Alt: -0.33m
22:21:31 [POS] Lat: 47.397970, Lon: 8.546165, Alt: -0.33m
22:21:31 [POS] Lat: 47.397970, Lon: 8.546165, Alt: -0.34m
22:21:31 [POS] Lat: 47.397970, Lon: 8.546165, Alt: -0.34m
22:21:31 [POS] Lat: 47.397970, Lon: 8.546165, Alt: -0.34m
22:21:31 [POS] Lat: 47.397970, Lon: 8.546165, Alt: -0.34m
22:21:31 [POS] Lat: 47.397970, Lon: 8.546165, Alt: -0.35m
22:21:31 [POS] Lat: 47.397970, Lon: 8.546165, Alt: -0.35m
22:21:31 [POS] Lat: 47.397970, Lon: 8.546165, Alt: -0.35m
22:21:31 [POS] Lat: 47.397970, Lon: 8.546165, Alt: -0.35m
22:21:31 [POS] Lat: 47.397970, Lon: 8.546165, Alt: -0.35m
22:21:31 [POS] Lat: 47.397970, Lon: 8.546165, Alt: -0.35m
22:21:31 [POS] Lat: 47.397970, Lon: 8.546165, Alt: -0.36m
22:21:31 [POS] Lat: 47.397970, Lon: 8.546165, Alt: -0.36m
22:21:31 [POS] Lat: 47.397970, Lon: 8.546165, Alt: -0.36m
22:21:31 [POS] Lat: 47.397970, Lon: 8.546165, Alt: -0.36m
22:21:31 [POS] Lat: 47.397970, Lon: 8.546165, Alt: -0.36m
22:21:31 [POS] Lat: 47.397970, Lon: 8.546165, Alt: -0.37m
22:21:31 [POS] Lat: 47.397970, Lon: 8.546165, Alt: -0.37m
22:21:31 [POS] Lat: 47.397970, Lon: 8.546165, Alt: -0.37m
22:21:31 [POS] Lat: 47.397970, Lon: 8.546165, Alt: -0.37m
22:21:31 [POS] Lat: 47.397970, Lon: 8.546165, Alt: -0.37m
22:21:31 [POS] Lat: 47.397970, Lon: 8.546165, Alt: -0.38m
22:21:31 [POS] Lat: 47.397970, Lon: 8.546165, Alt: -0.38m
22:21:31 [POS] Lat: 47.397970, Lon: 8.546165, Alt: -0.38m
22:21:31 [POS] Lat: 47.397970, Lon: 8.546165, Alt: -0.38m
22:21:31 [POS] Lat: 47.397970, Lon: 8.546165, Alt: -0.38m
22:21:31 [POS] Lat: 47.397970, Lon: 8.546165, Alt: -0.38m
22:21:31 [POS] Lat: 47.397970, Lon: 8.546165, Alt: -0.38m
22:21:31 [POS] Lat: 47.397970, Lon: 8.546165, Alt: -0.38m
22:21:31 [POS] Lat: 47.397970, Lon: 8.546165, Alt: -0.38m
22:21:31 [POS] Lat: 47.397970, Lon: 8.546165, Alt: -0.38m
22:21:31 [POS] Lat: 47.397970, Lon: 8.546165, Alt: -0.38m
22:21:31 [PROG] Armed
22:21:31 [PROG] Mission started
22:21:31 [POS] Lat: 47.397970, Lon: 8.546165, Alt: -0.38m
22:21:31 [POS] Lat: 47.397970, Lon: 8.546165, Alt: -0.38m
22:21:31 [POS] Lat: 47.397970, Lon: 8.546165, Alt: -0.38m
22:21:31 [POS] Lat: 47.397970, Lon: 8.546165, Alt: -0.38m
22:21:31 [POS] Lat: 47.397970, Lon: 8.546165, Alt: -0.38m
22:21:31 [POS] Lat: 47.397970, Lon: 8.546165, Alt: -0.38m
22:21:31 [POS] Lat: 47.397970, Lon: 8.546165, Alt: -0.38m
22:21:32 [POS] Lat: 47.397970, Lon: 8.546165, Alt: -0.38m
22:21:32 [POS] Lat: 47.397970, Lon: 8.546165, Alt: -0.38m
22:21:32 [POS] Lat: 47.397970, Lon: 8.546165, Alt: -0.38m
22:21:32 [POS] Lat: 47.397970, Lon: 8.546165, Alt: -0.38m
22:21:32 [POS] Lat: 47.397970, Lon: 8.546165, Alt: -0.38m
22:21:32 [POS] Lat: 47.397970, Lon: 8.546165, Alt: -0.38m
22:21:32 [POS] Lat: 47.397970, Lon: 8.546165, Alt: -0.38m
22:21:32 [POS] Lat: 47.397970, Lon: 8.546165, Alt: -0.38m
22:21:32 [POS] Lat: 47.397970, Lon: 8.546165, Alt: -0.38m
22:21:32 [POS] Lat: 47.397970, Lon: 8.546165, Alt: -0.38m
22:21:32 [POS] Lat: 47.397970, Lon: 8.546165, Alt: -0.38m
22:21:32 [POS] Lat: 47.397970, Lon: 8.546165, Alt: -0.38m
22:21:32 [POS] Lat: 47.397970, Lon: 8.546165, Alt: -0.38m
22:21:32 [POS] Lat: 47.397970, Lon: 8.546165, Alt: -0.38m
22:21:32 [POS] Lat: 47.397970, Lon: 8.546165, Alt: -0.38m
22:21:32 [POS] Lat: 47.397970, Lon: 8.546165, Alt: -0.38m
22:21:32 [POS] Lat: 47.397970, Lon: 8.546165, Alt: -0.38m
22:21:32 [POS] Lat: 47.397970, Lon: 8.546165, Alt: -0.38m
22:21:32 [POS] Lat: 47.397970, Lon: 8.546165, Alt: -0.38m
22:21:32 [POS] Lat: 47.397970, Lon: 8.546165, Alt: -0.39m
22:21:32 [POS] Lat: 47.397970, Lon: 8.546165, Alt: -0.39m
22:21:32 [PROG] Waypoint 3 of 4
22:21:32 [POS] Lat: 47.397970, Lon: 8.546165, Alt: -0.39m
22:21:32 [POS] Lat: 47.397970, Lon: 8.546164, Alt: -0.39m
22:21:32 [POS] Lat: 47.397970, Lon: 8.546164, Alt: -0.39m
22:21:32 [POS] Lat: 47.397970, Lon: 8.546164, Alt: -0.39m
22:21:32 [POS] Lat: 47.397970, Lon: 8.546164, Alt: -0.40m
22:21:32 [POS] Lat: 47.397970, Lon: 8.546164, Alt: -0.40m
22:21:32 [POS] Lat: 47.397970, Lon: 8.546164, Alt: -0.40m
22:21:32 [POS] Lat: 47.397970, Lon: 8.546164, Alt: -0.40m
22:21:32 [POS] Lat: 47.397970, Lon: 8.546164, Alt: -0.40m
22:21:32 [POS] Lat: 47.397970, Lon: 8.546164, Alt: -0.40m
22:21:32 [POS] Lat: 47.397970, Lon: 8.546164, Alt: -0.40m
22:21:32 [POS] Lat: 47.397970, Lon: 8.546164, Alt: -0.40m
22:21:32 [POS] Lat: 47.397970, Lon: 8.546164, Alt: -0.40m
22:21:32 [POS] Lat: 47.397970, Lon: 8.546164, Alt: -0.40m
22:21:32 [POS] Lat: 47.397970, Lon: 8.546164, Alt: -0.40m
22:21:32 [POS] Lat: 47.397970, Lon: 8.546164, Alt: -0.40m
22:21:32 [POS] Lat: 47.397970, Lon: 8.546164, Alt: -0.40m
22:21:32 [POS] Lat: 47.397970, Lon: 8.546164, Alt: -0.40m
22:21:32 [POS] Lat: 47.397970, Lon: 8.546164, Alt: -0.40m
22:21:32 [BAT] Percentage: 68, Voltage: 15.63V
22:21:32 [POS] Lat: 47.397970, Lon: 8.546164, Alt: -0.40m
22:21:32 [POS] Lat: 47.397970, Lon: 8.546164, Alt: -0.40m
22:21:32 [POS] Lat: 47.397970, Lon: 8.546164, Alt: -0.40m
22:21:32 [POS] Lat: 47.397970, Lon: 8.546164, Alt: -0.40m
22:21:32 [POS] Lat: 47.397970, Lon: 8.546164, Alt: -0.40m
22:21:32 [POS] Lat: 47.397970, Lon: 8.546164, Alt: -0.41m
22:21:32 [POS] Lat: 47.397970, Lon: 8.546164, Alt: -0.41m
22:21:32 [POS] Lat: 47.397970, Lon: 8.546164, Alt: -0.41m
22:21:32 [POS] Lat: 47.397970, Lon: 8.546164, Alt: -0.41m
22:21:32 [POS] Lat: 47.397970, Lon: 8.546164, Alt: -0.41m
22:21:33 [POS] Lat: 47.397970, Lon: 8.546164, Alt: -0.41m
22:21:33 [POS] Lat: 47.397970, Lon: 8.546164, Alt: -0.41m
22:21:33 [POS] Lat: 47.397970, Lon: 8.546165, Alt: -0.41m
22:21:33 [POS] Lat: 47.397970, Lon: 8.546165, Alt: -0.41m
22:21:33 [POS] Lat: 47.397970, Lon: 8.546165, Alt: -0.41m
22:21:33 [POS] Lat: 47.397970, Lon: 8.546165, Alt: -0.41m
22:21:33 [POS] Lat: 47.397970, Lon: 8.546165, Alt: -0.41m
22:21:33 [POS] Lat: 47.397970, Lon: 8.546165, Alt: -0.41m
22:21:33 [POS] Lat: 47.397970, Lon: 8.546165, Alt: -0.41m
22:21:33 [POS] Lat: 47.397970, Lon: 8.546165, Alt: -0.41m
22:21:33 [POS] Lat: 47.397970, Lon: 8.546165, Alt: -0.40m
22:21:33 [POS] Lat: 47.397970, Lon: 8.546165, Alt: -0.40m
22:21:33 [POS] Lat: 47.397970, Lon: 8.546165, Alt: -0.40m
22:21:33 [POS] Lat: 47.397970, Lon: 8.546165, Alt: -0.40m
22:21:33 [POS] Lat: 47.397970, Lon: 8.546165, Alt: -0.40m
22:21:33 [POS] Lat: 47.397970, Lon: 8.546165, Alt: -0.40m
22:21:33 [POS] Lat: 47.397970, Lon: 8.546165, Alt: -0.39m
22:21:33 [POS] Lat: 47.397970, Lon: 8.546165, Alt: -0.39m
22:21:33 [POS] Lat: 47.397970, Lon: 8.546165, Alt: -0.39m
22:21:33 [POS] Lat: 47.397970, Lon: 8.546165, Alt: -0.39m
22:21:33 [POS] Lat: 47.397970, Lon: 8.546165, Alt: -0.39m
22:21:33 [POS] Lat: 47.397970, Lon: 8.546165, Alt: -0.38m
22:21:33 [POS] Lat: 47.397970, Lon: 8.546165, Alt: -0.38m
22:21:33 [POS] Lat: 47.397970, Lon: 8.546165, Alt: -0.38m
22:21:33 [POS] Lat: 47.397970, Lon: 8.546165, Alt: -0.38m
22:21:33 [POS] Lat: 47.397970, Lon: 8.546165, Alt: -0.38m
22:21:33 [POS] Lat: 47.397970, Lon: 8.546165, Alt: -0.38m
22:21:33 [POS] Lat: 47.397970, Lon: 8.546165, Alt: -0.37m
22:21:33 [POS] Lat: 47.397970, Lon: 8.546165, Alt: -0.37m
22:21:33 [POS] Lat: 47.397970, Lon: 8.546165, Alt: -0.36m
22:21:33 [POS] Lat: 47.397970, Lon: 8.546165, Alt: -0.36m
22:21:33 [POS] Lat: 47.397970, Lon: 8.546165, Alt: -0.35m
22:21:33 [POS] Lat: 47.397970, Lon: 8.546165, Alt: -0.35m
22:21:33 [POS] Lat: 47.397970, Lon: 8.546165, Alt: -0.34m
22:21:33 [POS] Lat: 47.397970, Lon: 8.546164, Alt: -0.33m
22:21:33 [POS] Lat: 47.397970, Lon: 8.546164, Alt: -0.33m
22:21:33 [POS] Lat: 47.397970, Lon: 8.546164, Alt: -0.32m
22:21:33 [POS] Lat: 47.397970, Lon: 8.546164, Alt: -0.31m
22:21:33 [POS] Lat: 47.397970, Lon: 8.546164, Alt: -0.30m
22:21:33 [POS] Lat: 47.397970, Lon: 8.546164, Alt: -0.30m
22:21:33 [POS] Lat: 47.397970, Lon: 8.546164, Alt: -0.29m
22:21:33 [POS] Lat: 47.397970, Lon: 8.546164, Alt: -0.28m
22:21:33 [POS] Lat: 47.397970, Lon: 8.546164, Alt: -0.28m
22:21:33 [POS] Lat: 47.397970, Lon: 8.546164, Alt: -0.27m
22:21:33 [POS] Lat: 47.397970, Lon: 8.546164, Alt: -0.26m
22:21:33 [POS] Lat: 47.397970, Lon: 8.546164, Alt: -0.26m
22:21:33 [POS] Lat: 47.397970, Lon: 8.546164, Alt: -0.25m
22:21:33 [POS] Lat: 47.397970, Lon: 8.546164, Alt: -0.24m
22:21:33 [POS] Lat: 47.397970, Lon: 8.546164, Alt: -0.23m
22:21:34 [POS] Lat: 47.397970, Lon: 8.546164, Alt: -0.22m
22:21:34 [POS] Lat: 47.397970, Lon: 8.546164, Alt: -0.22m
22:21:34 [POS] Lat: 47.397970, Lon: 8.546164, Alt: -0.21m
22:21:34 [POS] Lat: 47.397970, Lon: 8.546164, Alt: -0.20m
22:21:34 [POS] Lat: 47.397970, Lon: 8.546164, Alt: -0.20m
22:21:34 [POS] Lat: 47.397970, Lon: 8.546164, Alt: -0.19m
22:21:34 [POS] Lat: 47.397970, Lon: 8.546164, Alt: -0.18m
22:21:34 [POS] Lat: 47.397970, Lon: 8.546164, Alt: -0.18m
22:21:34 [POS] Lat: 47.397970, Lon: 8.546164, Alt: -0.17m
22:21:34 [POS] Lat: 47.397970, Lon: 8.546164, Alt: -0.16m
22:21:34 [POS] Lat: 47.397970, Lon: 8.546164, Alt: -0.16m
22:21:34 [POS] Lat: 47.397970, Lon: 8.546164, Alt: -0.15m
22:21:34 [POS] Lat: 47.397970, Lon: 8.546164, Alt: -0.14m
22:21:34 [POS] Lat: 47.397970, Lon: 8.546164, Alt: -0.13m
22:21:34 [POS] Lat: 47.397970, Lon: 8.546164, Alt: -0.13m
22:21:34 [POS] Lat: 47.397970, Lon: 8.546164, Alt: -0.12m
22:21:34 [POS] Lat: 47.397970, Lon: 8.546164, Alt: -0.11m
22:21:34 [POS] Lat: 47.397970, Lon: 8.546164, Alt: -0.10m
22:21:34 [POS] Lat: 47.397970, Lon: 8.546164, Alt: -0.10m
22:21:34 [POS] Lat: 47.397970, Lon: 8.546164, Alt: -0.09m
22:21:34 [POS] Lat: 47.397970, Lon: 8.546164, Alt: -0.08m
22:21:34 [POS] Lat: 47.397970, Lon: 8.546164, Alt: -0.07m
22:21:34 [POS] Lat: 47.397970, Lon: 8.546164, Alt: -0.07m
22:21:34 [POS] Lat: 47.397970, Lon: 8.546164, Alt: -0.06m
22:21:34 [POS] Lat: 47.397970, Lon: 8.546164, Alt: -0.06m
22:21:34 [POS] Lat: 47.397970, Lon: 8.546164, Alt: -0.05m
22:21:34 [POS] Lat: 47.397970, Lon: 8.546164, Alt: -0.04m
22:21:34 [POS] Lat: 47.397970, Lon: 8.546164, Alt: -0.04m
22:21:34 [POS] Lat: 47.397970, Lon: 8.546164, Alt: -0.03m
22:21:34 [POS] Lat: 47.397970, Lon: 8.546164, Alt: -0.03m
22:21:34 [POS] Lat: 47.397970, Lon: 8.546164, Alt: -0.03m
22:21:34 [POS] Lat: 47.397970, Lon: 8.546164, Alt: -0.02m
22:21:34 [POS] Lat: 47.397970, Lon: 8.546164, Alt: -0.02m
22:21:34 [POS] Lat: 47.397970, Lon: 8.546164, Alt: -0.01m
22:21:34 [POS] Lat: 47.397970, Lon: 8.546164, Alt: -0.01m
22:21:34 [POS] Lat: 47.397970, Lon: 8.546164, Alt: 0.00m
22:21:34 [POS] Lat: 47.397970, Lon: 8.546164, Alt: 0.01m
22:21:34 [POS] Lat: 47.397970, Lon: 8.546164, Alt: 0.01m
22:21:34 [POS] Lat: 47.397970, Lon: 8.546164, Alt: 0.02m
22:21:34 [POS] Lat: 47.397970, Lon: 8.546164, Alt: 0.03m
22:21:34 [POS] Lat: 47.397970, Lon: 8.546164, Alt: 0.03m
22:21:34 [BAT] Percentage: 96, Voltage: 16.12V
22:21:34 [POS] Lat: 47.397970, Lon: 8.546164, Alt: 0.04m
22:21:34 [POS] Lat: 47.397970, Lon: 8.546164, Alt: 0.04m
22:21:34 [POS] Lat: 47.397970, Lon: 8.546164, Alt: 0.04m
22:21:34 [POS] Lat: 47.397970, Lon: 8.546164, Alt: 0.05m
22:21:34 [POS] Lat: 47.397970, Lon: 8.546164, Alt: 0.05m
22:21:34 [POS] Lat: 47.397970, Lon: 8.546164, Alt: 0.05m
22:21:34 [POS] Lat: 47.397970, Lon: 8.546164, Alt: 0.05m
22:21:34 [POS] Lat: 47.397970, Lon: 8.546164, Alt: 0.05m
22:21:35 [POS] Lat: 47.397970, Lon: 8.546164, Alt: 0.05m
22:21:35 [POS] Lat: 47.397970, Lon: 8.546164, Alt: 0.06m
22:21:35 [POS] Lat: 47.397970, Lon: 8.546164, Alt: 0.06m
22:21:35 [POS] Lat: 47.397970, Lon: 8.546164, Alt: 0.06m
22:21:35 [POS] Lat: 47.397970, Lon: 8.546164, Alt: 0.06m
22:21:35 [POS] Lat: 47.397970, Lon: 8.546164, Alt: 0.06m
22:21:35 [POS] Lat: 47.397970, Lon: 8.546164, Alt: 0.07m
22:21:35 [POS] Lat: 47.397970, Lon: 8.546164, Alt: 0.07m
22:21:35 [POS] Lat: 47.397970, Lon: 8.546164, Alt: 0.08m
22:21:35 [POS] Lat: 47.397970, Lon: 8.546164, Alt: 0.08m
22:21:35 [POS] Lat: 47.397970, Lon: 8.546164, Alt: 0.08m
22:21:35 [POS] Lat: 47.397970, Lon: 8.546164, Alt: 0.08m
22:21:35 [POS] Lat: 47.397970, Lon: 8.546164, Alt: 0.09m
22:21:35 [POS] Lat: 47.397970, Lon: 8.546164, Alt: 0.09m
22:21:35 [POS] Lat: 47.397970, Lon: 8.546164, Alt: 0.09m
22:21:35 [POS] Lat: 47.397970, Lon: 8.546164, Alt: 0.09m
22:21:35 [POS] Lat: 47.397970, Lon: 8.546164, Alt: 0.09m
22:21:35 [POS] Lat: 47.397970, Lon: 8.546164, Alt: 0.09m
22:21:35 [POS] Lat: 47.397970, Lon: 8.546164, Alt: 0.09m
22:21:35 [POS] Lat: 47.397970, Lon: 8.546164, Alt: 0.09m
22:21:35 [POS] Lat: 47.397970, Lon: 8.546164, Alt: 0.09m
22:21:35 [POS] Lat: 47.397970, Lon: 8.546164, Alt: 0.09m
22:21:35 [POS] Lat: 47.397970, Lon: 8.546164, Alt: 0.09m
22:21:35 [POS] Lat: 47.397970, Lon: 8.546164, Alt: 0.09m
22:21:35 [POS] Lat: 47.397970, Lon: 8.546164, Alt: 0.09m
22:21:35 [POS] Lat: 47.397970, Lon: 8.546164, Alt: 0.09m
22:21:35 [POS] Lat: 47.397970, Lon: 8.546164, Alt: 0.09m
22:21:35 [POS] Lat: 47.397970, Lon: 8.546164, Alt: 0.09m
22:21:35 [POS] Lat: 47.397970, Lon: 8.546164, Alt: 0.09m
22:21:35 [POS] Lat: 47.397970, Lon: 8.546164, Alt: 0.09m
22:21:35 [POS] Lat: 47.397970, Lon: 8.546164, Alt: 0.09m
22:21:35 [POS] Lat: 47.397970, Lon: 8.546164, Alt: 0.10m
22:21:35 [POS] Lat: 47.397970, Lon: 8.546164, Alt: 0.10m
22:21:35 [POS] Lat: 47.397970, Lon: 8.546164, Alt: 0.10m
22:21:35 [POS] Lat: 47.397970, Lon: 8.546164, Alt: 0.10m
22:21:35 [POS] Lat: 47.397970, Lon: 8.546164, Alt: 0.10m
22:21:35 [POS] Lat: 47.397970, Lon: 8.546164, Alt: 0.10m
22:21:35 [POS] Lat: 47.397970, Lon: 8.546164, Alt: 0.10m
22:21:35 [POS] Lat: 47.397970, Lon: 8.546164, Alt: 0.10m
22:21:35 [POS] Lat: 47.397970, Lon: 8.546164, Alt: 0.10m
22:21:35 [POS] Lat: 47.397970, Lon: 8.546164, Alt: 0.09m
22:21:35 [POS] Lat: 47.397970, Lon: 8.546164, Alt: 0.09m
22:21:35 [POS] Lat: 47.397970, Lon: 8.546164, Alt: 0.09m
22:21:35 [POS] Lat: 47.397970, Lon: 8.546164, Alt: 0.09m
22:21:35 [POS] Lat: 47.397970, Lon: 8.546164, Alt: 0.09m
22:21:35 [POS] Lat: 47.397970, Lon: 8.546164, Alt: 0.08m
22:21:35 [POS] Lat: 47.397970, Lon: 8.546164, Alt: 0.08m
22:21:35 [POS] Lat: 47.397970, Lon: 8.546164, Alt: 0.08m
22:21:35 [POS] Lat: 47.397970, Lon: 8.546164, Alt: 0.08m
22:21:35 [POS] Lat: 47.397970, Lon: 8.546164, Alt: 0.08m
22:21:36 [POS] Lat: 47.397970, Lon: 8.546164, Alt: 0.07m
22:21:36 [POS] Lat: 47.397970, Lon: 8.546164, Alt: 0.07m
22:21:36 [POS] Lat: 47.397970, Lon: 8.546164, Alt: 0.07m
22:21:36 [POS] Lat: 47.397970, Lon: 8.546164, Alt: 0.07m
22:21:36 [POS] Lat: 47.397970, Lon: 8.546164, Alt: 0.07m
22:21:36 [POS] Lat: 47.397970, Lon: 8.546164, Alt: 0.07m
22:21:36 [POS] Lat: 47.397970, Lon: 8.546164, Alt: 0.07m
22:21:36 [POS] Lat: 47.397970, Lon: 8.546164, Alt: 0.07m
22:21:36 [POS] Lat: 47.397970, Lon: 8.546164, Alt: 0.07m
22:21:36 [POS] Lat: 47.397970, Lon: 8.546164, Alt: 0.07m
22:21:36 [POS] Lat: 47.397970, Lon: 8.546164, Alt: 0.07m
22:21:36 [POS] Lat: 47.397970, Lon: 8.546164, Alt: 0.08m
22:21:36 [POS] Lat: 47.397970, Lon: 8.546164, Alt: 0.08m
22:21:36 [POS] Lat: 47.397970, Lon: 8.546164, Alt: 0.08m
22:21:36 [POS] Lat: 47.397970, Lon: 8.546164, Alt: 0.09m
22:21:36 [POS] Lat: 47.397970, Lon: 8.546164, Alt: 0.09m
22:21:36 [POS] Lat: 47.397970, Lon: 8.546164, Alt: 0.09m
22:21:36 [POS] Lat: 47.397970, Lon: 8.546164, Alt: 0.09m
22:21:36 [POS] Lat: 47.397970, Lon: 8.546164, Alt: 0.09m
22:21:36 [POS] Lat: 47.397970, Lon: 8.546164, Alt: 0.09m
22:21:36 [POS] Lat: 47.397970, Lon: 8.546164, Alt: 0.09m
22:21:36 [POS] Lat: 47.397970, Lon: 8.546164, Alt: 0.09m
22:21:36 [POS] Lat: 47.397970, Lon: 8.546164, Alt: 0.09m
22:21:36 [POS] Lat: 47.397970, Lon: 8.546164, Alt: 0.10m
22:21:36 [POS] Lat: 47.397970, Lon: 8.546164, Alt: 0.10m
22:21:36 [POS] Lat: 47.397970, Lon: 8.546164, Alt: 0.10m
22:21:36 [POS] Lat: 47.397970, Lon: 8.546164, Alt: 0.11m
22:21:36 [POS] Lat: 47.397970, Lon: 8.546164, Alt: 0.11m
22:21:36 [POS] Lat: 47.397970, Lon: 8.546164, Alt: 0.11m
22:21:36 [POS] Lat: 47.397970, Lon: 8.546164, Alt: 0.11m
22:21:36 [POS] Lat: 47.397970, Lon: 8.546164, Alt: 0.11m
22:21:36 [POS] Lat: 47.397970, Lon: 8.546164, Alt: 0.12m
22:21:36 [POS] Lat: 47.397970, Lon: 8.546164, Alt: 0.12m
22:21:36 [POS] Lat: 47.397970, Lon: 8.546164, Alt: 0.12m
22:21:36 [POS] Lat: 47.397970, Lon: 8.546164, Alt: 0.12m
22:21:36 [POS] Lat: 47.397970, Lon: 8.546164, Alt: 0.12m
22:21:36 [POS] Lat: 47.397970, Lon: 8.546164, Alt: 0.12m
22:21:36 [POS] Lat: 47.397970, Lon: 8.546164, Alt: 0.12m
22:21:36 [POS] Lat: 47.397970, Lon: 8.546164, Alt: 0.12m
22:21:36 [POS] Lat: 47.397970, Lon: 8.546164, Alt: 0.12m
22:21:36 [POS] Lat: 47.397970, Lon: 8.546164, Alt: 0.12m
22:21:36 [POS] Lat: 47.397970, Lon: 8.546164, Alt: 0.11m
22:21:36 [BAT] Percentage: 99, Voltage: 16.19V
22:21:36 [POS] Lat: 47.397970, Lon: 8.546164, Alt: 0.11m
22:21:36 [POS] Lat: 47.397970, Lon: 8.546164, Alt: 0.11m
22:21:36 [POS] Lat: 47.397970, Lon: 8.546164, Alt: 0.11m
22:21:36 [POS] Lat: 47.397970, Lon: 8.546164, Alt: 0.11m
22:21:36 [POS] Lat: 47.397970, Lon: 8.546164, Alt: 0.10m
22:21:36 [POS] Lat: 47.397970, Lon: 8.546164, Alt: 0.10m
22:21:36 [POS] Lat: 47.397970, Lon: 8.546164, Alt: 0.11m
22:21:37 [POS] Lat: 47.397970, Lon: 8.546164, Alt: 0.11m
22:21:37 [POS] Lat: 47.397970, Lon: 8.546164, Alt: 0.11m
22:21:37 [POS] Lat: 47.397971, Lon: 8.546164, Alt: 0.11m
22:21:37 [POS] Lat: 47.397971, Lon: 8.546164, Alt: 0.11m
22:21:37 [POS] Lat: 47.397971, Lon: 8.546164, Alt: 0.11m
22:21:37 [POS] Lat: 47.397971, Lon: 8.546164, Alt: 0.12m
22:21:37 [POS] Lat: 47.397971, Lon: 8.546164, Alt: 0.12m
22:21:37 [POS] Lat: 47.397971, Lon: 8.546164, Alt: 0.12m
22:21:37 [POS] Lat: 47.397971, Lon: 8.546164, Alt: 0.12m
22:21:37 [POS] Lat: 47.397971, Lon: 8.546164, Alt: 0.12m
22:21:37 [POS] Lat: 47.397971, Lon: 8.546164, Alt: 0.12m
22:21:37 [POS] Lat: 47.397971, Lon: 8.546164, Alt: 0.12m
22:21:37 [POS] Lat: 47.397971, Lon: 8.546164, Alt: 0.12m
22:21:37 [POS] Lat: 47.397971, Lon: 8.546164, Alt: 0.12m
22:21:37 [POS] Lat: 47.397971, Lon: 8.546164, Alt: 0.12m
22:21:37 [POS] Lat: 47.397971, Lon: 8.546164, Alt: 0.12m
22:21:37 [POS] Lat: 47.397971, Lon: 8.546164, Alt: 0.12m
22:21:37 [POS] Lat: 47.397971, Lon: 8.546164, Alt: 0.12m
22:21:37 [POS] Lat: 47.397971, Lon: 8.546164, Alt: 0.13m
22:21:37 [POS] Lat: 47.397971, Lon: 8.546164, Alt: 0.13m
22:21:37 [POS] Lat: 47.397971, Lon: 8.546164, Alt: 0.13m
22:21:37 [POS] Lat: 47.397971, Lon: 8.546164, Alt: 0.13m
22:21:37 [POS] Lat: 47.397971, Lon: 8.546164, Alt: 0.14m
22:21:37 [POS] Lat: 47.397971, Lon: 8.546164, Alt: 0.14m
22:21:37 [POS] Lat: 47.397971, Lon: 8.546164, Alt: 0.14m
22:21:37 [POS] Lat: 47.397971, Lon: 8.546164, Alt: 0.13m
22:21:37 [POS] Lat: 47.397971, Lon: 8.546164, Alt: 0.13m
22:21:37 [POS] Lat: 47.397971, Lon: 8.546164, Alt: 0.13m
22:21:37 [POS] Lat: 47.397971, Lon: 8.546163, Alt: 0.13m
22:21:37 [POS] Lat: 47.397971, Lon: 8.546163, Alt: 0.13m
22:21:37 [POS] Lat: 47.397971, Lon: 8.546164, Alt: 0.13m
22:21:37 [POS] Lat: 47.397971, Lon: 8.546164, Alt: 0.12m
22:21:37 [POS] Lat: 47.397971, Lon: 8.546164, Alt: 0.12m
22:21:37 [POS] Lat: 47.397971, Lon: 8.546164, Alt: 0.12m
22:21:37 [POS] Lat: 47.397971, Lon: 8.546164, Alt: 0.12m
22:21:37 [POS] Lat: 47.397971, Lon: 8.546164, Alt: 0.12m
22:21:37 [POS] Lat: 47.397971, Lon: 8.546164, Alt: 0.12m
22:21:37 [POS] Lat: 47.397971, Lon: 8.546164, Alt: 0.11m
22:21:37 [POS] Lat: 47.397971, Lon: 8.546164, Alt: 0.11m
22:21:37 [POS] Lat: 47.397971, Lon: 8.546164, Alt: 0.11m
22:21:37 [POS] Lat: 47.397971, Lon: 8.546164, Alt: 0.11m
22:21:37 [POS] Lat: 47.397971, Lon: 8.546164, Alt: 0.11m
22:21:37 [POS] Lat: 47.397971, Lon: 8.546164, Alt: 0.11m
22:21:37 [POS] Lat: 47.397971, Lon: 8.546164, Alt: 0.10m
22:21:37 [POS] Lat: 47.397971, Lon: 8.546164, Alt: 0.10m
22:21:37 [POS] Lat: 47.397971, Lon: 8.546164, Alt: 0.10m
22:21:37 [POS] Lat: 47.397971, Lon: 8.546164, Alt: 0.10m
22:21:37 [POS] Lat: 47.397971, Lon: 8.546164, Alt: 0.10m
22:21:37 [POS] Lat: 47.397971, Lon: 8.546164, Alt: 0.10m
22:21:37 [POS] Lat: 47.397971, Lon: 8.546164, Alt: 0.10m
22:21:38 [POS] Lat: 47.397971, Lon: 8.546164, Alt: 0.10m
22:21:38 [POS] Lat: 47.397971, Lon: 8.546164, Alt: 0.10m
22:21:38 [POS] Lat: 47.397971, Lon: 8.546164, Alt: 0.10m
22:21:38 [POS] Lat: 47.397971, Lon: 8.546164, Alt: 0.10m
22:21:38 [POS] Lat: 47.397971, Lon: 8.546164, Alt: 0.10m
22:21:38 [POS] Lat: 47.397971, Lon: 8.546164, Alt: 0.09m
22:21:38 [POS] Lat: 47.397971, Lon: 8.546164, Alt: 0.09m
22:21:38 [POS] Lat: 47.397971, Lon: 8.546164, Alt: 0.09m
22:21:38 [POS] Lat: 47.397971, Lon: 8.546164, Alt: 0.09m
22:21:38 [POS] Lat: 47.397971, Lon: 8.546164, Alt: 0.09m
22:21:38 [POS] Lat: 47.397971, Lon: 8.546164, Alt: 0.09m
22:21:38 [POS] Lat: 47.397971, Lon: 8.546164, Alt: 0.08m
22:21:38 [POS] Lat: 47.397971, Lon: 8.546164, Alt: 0.08m
22:21:38 [POS] Lat: 47.397971, Lon: 8.546164, Alt: 0.08m
22:21:38 [POS] Lat: 47.397971, Lon: 8.546164, Alt: 0.08m
22:21:38 [POS] Lat: 47.397971, Lon: 8.546164, Alt: 0.08m
22:21:38 [POS] Lat: 47.397971, Lon: 8.546164, Alt: 0.08m
22:21:38 [POS] Lat: 47.397971, Lon: 8.546164, Alt: 0.08m
22:21:38 [POS] Lat: 47.397971, Lon: 8.546164, Alt: 0.09m
22:21:38 [POS] Lat: 47.397971, Lon: 8.546164, Alt: 0.09m
22:21:38 [POS] Lat: 47.397971, Lon: 8.546164, Alt: 0.09m
22:21:38 [POS] Lat: 47.397971, Lon: 8.546164, Alt: 0.10m
22:21:38 [POS] Lat: 47.397971, Lon: 8.546164, Alt: 0.10m
22:21:38 [POS] Lat: 47.397971, Lon: 8.546164, Alt: 0.10m
22:21:38 [POS] Lat: 47.397971, Lon: 8.546164, Alt: 0.11m
22:21:38 [POS] Lat: 47.397971, Lon: 8.546164, Alt: 0.11m
22:21:38 [POS] Lat: 47.397971, Lon: 8.546164, Alt: 0.12m
22:21:38 [POS] Lat: 47.397971, Lon: 8.546164, Alt: 0.12m
22:21:38 [POS] Lat: 47.397971, Lon: 8.546164, Alt: 0.12m
22:21:38 [POS] Lat: 47.397971, Lon: 8.546164, Alt: 0.13m
22:21:38 [POS] Lat: 47.397971, Lon: 8.546164, Alt: 0.13m
22:21:38 [POS] Lat: 47.397971, Lon: 8.546164, Alt: 0.13m
22:21:38 [POS] Lat: 47.397971, Lon: 8.546164, Alt: 0.13m
22:21:38 [POS] Lat: 47.397971, Lon: 8.546164, Alt: 0.13m
22:21:38 [POS] Lat: 47.397971, Lon: 8.546164, Alt: 0.14m
22:21:38 [POS] Lat: 47.397971, Lon: 8.546164, Alt: 0.14m
22:21:38 [POS] Lat: 47.397971, Lon: 8.546164, Alt: 0.14m
22:21:38 [POS] Lat: 47.397971, Lon: 8.546164, Alt: 0.14m
22:21:38 [POS] Lat: 47.397971, Lon: 8.546164, Alt: 0.14m
22:21:38 [POS] Lat: 47.397971, Lon: 8.546164, Alt: 0.14m
22:21:38 [POS] Lat: 47.397971, Lon: 8.546164, Alt: 0.14m
22:21:38 [POS] Lat: 47.397971, Lon: 8.546164, Alt: 0.14m
22:21:38 [POS] Lat: 47.397971, Lon: 8.546164, Alt: 0.14m
22:21:38 [BAT] Percentage: 100, Voltage: 16.20V
22:21:38 [POS] Lat: 47.397971, Lon: 8.546164, Alt: 0.14m
22:21:38 [POS] Lat: 47.397971, Lon: 8.546164, Alt: 0.14m
22:21:38 [POS] Lat: 47.397971, Lon: 8.546164, Alt: 0.14m
22:21:38 [POS] Lat: 47.397971, Lon: 8.546164, Alt: 0.14m
22:21:38 [POS] Lat: 47.397971, Lon: 8.546164, Alt: 0.14m
22:21:38 [POS] Lat: 47.397971, Lon: 8.546164, Alt: 0.14m
22:21:39 [POS] Lat: 47.397971, Lon: 8.546164, Alt: 0.14m
22:21:39 [POS] Lat: 47.397971, Lon: 8.546164, Alt: 0.13m
22:21:39 [POS] Lat: 47.397971, Lon: 8.546164, Alt: 0.13m
22:21:39 [POS] Lat: 47.397971, Lon: 8.546164, Alt: 0.13m
22:21:39 [POS] Lat: 47.397971, Lon: 8.546164, Alt: 0.12m
22:21:39 [POS] Lat: 47.397971, Lon: 8.546164, Alt: 0.12m
22:21:39 [POS] Lat: 47.397971, Lon: 8.546164, Alt: 0.12m
22:21:39 [POS] Lat: 47.397971, Lon: 8.546164, Alt: 0.12m
22:21:39 [POS] Lat: 47.397971, Lon: 8.546164, Alt: 0.12m
22:21:39 [POS] Lat: 47.397971, Lon: 8.546164, Alt: 0.12m
22:21:39 [POS] Lat: 47.397971, Lon: 8.546164, Alt: 0.12m
22:21:39 [POS] Lat: 47.397971, Lon: 8.546164, Alt: 0.12m
22:21:39 [POS] Lat: 47.397971, Lon: 8.546164, Alt: 0.12m
22:21:39 [POS] Lat: 47.397971, Lon: 8.546164, Alt: 0.12m
22:21:39 [POS] Lat: 47.397971, Lon: 8.546164, Alt: 0.12m
22:21:39 [POS] Lat: 47.397971, Lon: 8.546164, Alt: 0.12m
22:21:39 [POS] Lat: 47.397971, Lon: 8.546164, Alt: 0.12m
22:21:39 [POS] Lat: 47.397971, Lon: 8.546164, Alt: 0.12m
22:21:39 [POS] Lat: 47.397971, Lon: 8.546164, Alt: 0.12m
22:21:39 [POS] Lat: 47.397971, Lon: 8.546164, Alt: 0.12m
22:21:39 [POS] Lat: 47.397971, Lon: 8.546164, Alt: 0.12m
22:21:39 [POS] Lat: 47.397971, Lon: 8.546164, Alt: 0.12m
22:21:39 [POS] Lat: 47.397971, Lon: 8.546164, Alt: 0.12m
22:21:39 [POS] Lat: 47.397971, Lon: 8.546164, Alt: 0.13m
22:21:39 [POS] Lat: 47.397971, Lon: 8.546164, Alt: 0.13m
22:21:39 [POS] Lat: 47.397971, Lon: 8.546164, Alt: 0.13m
22:21:39 [POS] Lat: 47.397971, Lon: 8.546164, Alt: 0.13m
22:21:39 [POS] Lat: 47.397971, Lon: 8.546164, Alt: 0.13m
22:21:39 [POS] Lat: 47.397971, Lon: 8.546164, Alt: 0.13m
22:21:39 [POS] Lat: 47.397971, Lon: 8.546164, Alt: 0.13m
22:21:39 [POS] Lat: 47.397971, Lon: 8.546164, Alt: 0.13m
22:21:39 [POS] Lat: 47.397971, Lon: 8.546164, Alt: 0.13m
22:21:39 [POS] Lat: 47.397971, Lon: 8.546164, Alt: 0.13m
22:21:39 [POS] Lat: 47.397971, Lon: 8.546164, Alt: 0.13m
22:21:39 [POS] Lat: 47.397971, Lon: 8.546164, Alt: 0.13m
22:21:39 [POS] Lat: 47.397971, Lon: 8.546165, Alt: 0.13m
22:21:39 [POS] Lat: 47.397971, Lon: 8.546165, Alt: 0.13m
22:21:39 [POS] Lat: 47.397971, Lon: 8.546165, Alt: 0.13m
22:21:39 [POS] Lat: 47.397971, Lon: 8.546165, Alt: 0.13m
22:21:39 [POS] Lat: 47.397971, Lon: 8.546165, Alt: 0.14m
22:21:39 [POS] Lat: 47.397971, Lon: 8.546165, Alt: 0.14m
22:21:39 [POS] Lat: 47.397971, Lon: 8.546165, Alt: 0.14m
22:21:39 [POS] Lat: 47.397971, Lon: 8.546165, Alt: 0.14m
22:21:39 [POS] Lat: 47.397971, Lon: 8.546165, Alt: 0.14m
22:21:39 [POS] Lat: 47.397971, Lon: 8.546165, Alt: 0.14m
22:21:39 [POS] Lat: 47.397971, Lon: 8.546165, Alt: 0.14m
22:21:39 [POS] Lat: 47.397971, Lon: 8.546165, Alt: 0.14m
22:21:39 [POS] Lat: 47.397971, Lon: 8.546165, Alt: 0.14m
22:21:39 [POS] Lat: 47.397971, Lon: 8.546165, Alt: 0.15m
22:21:40 [POS] Lat: 47.397971, Lon: 8.546165, Alt: 0.15m
22:21:40 [POS] Lat: 47.397971, Lon: 8.546165, Alt: 0.15m
22:21:40 [POS] Lat: 47.397971, Lon: 8.546165, Alt: 0.15m
22:21:40 [POS] Lat: 47.397971, Lon: 8.546165, Alt: 0.15m
22:21:40 [POS] Lat: 47.397971, Lon: 8.546165, Alt: 0.15m
22:21:40 [POS] Lat: 47.397971, Lon: 8.546165, Alt: 0.15m
22:21:40 [POS] Lat: 47.397971, Lon: 8.546165, Alt: 0.15m
22:21:40 [POS] Lat: 47.397971, Lon: 8.546165, Alt: 0.16m
22:21:40 [POS] Lat: 47.397971, Lon: 8.546165, Alt: 0.16m
22:21:40 [POS] Lat: 47.397971, Lon: 8.546165, Alt: 0.16m
22:21:40 [POS] Lat: 47.397971, Lon: 8.546165, Alt: 0.16m
22:21:40 [POS] Lat: 47.397971, Lon: 8.546165, Alt: 0.16m
22:21:40 [POS] Lat: 47.397971, Lon: 8.546165, Alt: 0.16m
22:21:40 [POS] Lat: 47.397971, Lon: 8.546164, Alt: 0.17m
22:21:40 [POS] Lat: 47.397971, Lon: 8.546165, Alt: 0.17m
22:21:40 [POS] Lat: 47.397971, Lon: 8.546165, Alt: 0.17m
22:21:40 [POS] Lat: 47.397971, Lon: 8.546165, Alt: 0.17m
22:21:40 [POS] Lat: 47.397971, Lon: 8.546165, Alt: 0.17m
22:21:40 [POS] Lat: 47.397971, Lon: 8.546165, Alt: 0.17m
22:21:40 [POS] Lat: 47.397971, Lon: 8.546165, Alt: 0.17m
22:21:40 [POS] Lat: 47.397971, Lon: 8.546165, Alt: 0.17m
22:21:40 [POS] Lat: 47.397971, Lon: 8.546165, Alt: 0.17m
22:21:40 [POS] Lat: 47.397971, Lon: 8.546165, Alt: 0.17m
22:21:40 [POS] Lat: 47.397971, Lon: 8.546165, Alt: 0.17m
22:21:40 [POS] Lat: 47.397971, Lon: 8.546165, Alt: 0.17m
22:21:40 [POS] Lat: 47.397971, Lon: 8.546165, Alt: 0.17m
22:21:40 [POS] Lat: 47.397971, Lon: 8.546164, Alt: 0.17m
22:21:40 [POS] Lat: 47.397971, Lon: 8.546164, Alt: 0.17m
22:21:40 [POS] Lat: 47.397971, Lon: 8.546164, Alt: 0.17m
22:21:40 [POS] Lat: 47.397971, Lon: 8.546164, Alt: 0.17m
22:21:40 [POS] Lat: 47.397971, Lon: 8.546164, Alt: 0.17m
22:21:40 [POS] Lat: 47.397971, Lon: 8.546164, Alt: 0.17m
22:21:40 [POS] Lat: 47.397971, Lon: 8.546164, Alt: 0.17m
22:21:40 [POS] Lat: 47.397971, Lon: 8.546164, Alt: 0.17m
22:21:40 [POS] Lat: 47.397971, Lon: 8.546164, Alt: 0.17m
22:21:40 [POS] Lat: 47.397971, Lon: 8.546164, Alt: 0.17m
22:21:40 [POS] Lat: 47.397971, Lon: 8.546164, Alt: 0.17m
22:21:40 [POS] Lat: 47.397971, Lon: 8.546164, Alt: 0.17m
22:21:40 [POS] Lat: 47.397971, Lon: 8.546164, Alt: 0.17m
22:21:40 [POS] Lat: 47.397971, Lon: 8.546164, Alt: 0.17m
22:21:40 [POS] Lat: 47.397971, Lon: 8.546164, Alt: 0.18m
22:21:40 [POS] Lat: 47.397971, Lon: 8.546164, Alt: 0.18m
22:21:40 [POS] Lat: 47.397971, Lon: 8.546164, Alt: 0.18m
22:21:40 [POS] Lat: 47.397971, Lon: 8.546164, Alt: 0.18m
22:21:40 [POS] Lat: 47.397971, Lon: 8.546164, Alt: 0.19m
22:21:40 [BAT] Percentage: 100, Voltage: 16.20V
22:21:40 [POS] Lat: 47.397971, Lon: 8.546164, Alt: 0.19m
22:21:40 [POS] Lat: 47.397971, Lon: 8.546164, Alt: 0.19m
22:21:40 [POS] Lat: 47.397971, Lon: 8.546164, Alt: 0.19m
22:21:40 [POS] Lat: 47.397971, Lon: 8.546164, Alt: 0.20m
22:21:40 [POS] Lat: 47.397971, Lon: 8.546164, Alt: 0.20m
22:21:41 [POS] Lat: 47.397971, Lon: 8.546164, Alt: 0.20m
22:21:41 [POS] Lat: 47.397971, Lon: 8.546164, Alt: 0.20m
22:21:41 [POS] Lat: 47.397971, Lon: 8.546164, Alt: 0.21m
22:21:41 [POS] Lat: 47.397971, Lon: 8.546164, Alt: 0.21m
22:21:41 [POS] Lat: 47.397971, Lon: 8.546164, Alt: 0.21m
22:21:41 [POS] Lat: 47.397971, Lon: 8.546164, Alt: 0.21m
22:21:41 [POS] Lat: 47.397971, Lon: 8.546164, Alt: 0.21m
22:21:41 [POS] Lat: 47.397971, Lon: 8.546164, Alt: 0.21m
22:21:41 [POS] Lat: 47.397971, Lon: 8.546164, Alt: 0.21m
22:21:41 [POS] Lat: 47.397971, Lon: 8.546164, Alt: 0.21m
22:21:41 [POS] Lat: 47.397971, Lon: 8.546164, Alt: 0.21m
22:21:41 [POS] Lat: 47.397971, Lon: 8.546164, Alt: 0.20m
22:21:41 [POS] Lat: 47.397971, Lon: 8.546164, Alt: 0.20m
22:21:41 [POS] Lat: 47.397971, Lon: 8.546164, Alt: 0.20m
22:21:41 [POS] Lat: 47.397971, Lon: 8.546164, Alt: 0.20m
22:21:41 [POS] Lat: 47.397971, Lon: 8.546164, Alt: 0.20m
22:21:41 [POS] Lat: 47.397971, Lon: 8.546164, Alt: 0.20m
22:21:41 [POS] Lat: 47.397971, Lon: 8.546164, Alt: 0.20m
22:21:41 [POS] Lat: 47.397971, Lon: 8.546164, Alt: 0.20m
22:21:41 [POS] Lat: 47.397971, Lon: 8.546164, Alt: 0.20m
22:21:41 [POS] Lat: 47.397971, Lon: 8.546164, Alt: 0.20m
22:21:41 [POS] Lat: 47.397971, Lon: 8.546164, Alt: 0.20m
22:21:41 [POS] Lat: 47.397971, Lon: 8.546164, Alt: 0.20m
22:21:41 [POS] Lat: 47.397970, Lon: 8.546164, Alt: 0.20m
22:21:41 [POS] Lat: 47.397970, Lon: 8.546164, Alt: 0.20m
22:21:41 [POS] Lat: 47.397970, Lon: 8.546165, Alt: 0.20m
22:21:41 [POS] Lat: 47.397970, Lon: 8.546165, Alt: 0.20m
22:21:41 [POS] Lat: 47.397970, Lon: 8.546165, Alt: 0.20m
22:21:41 [POS] Lat: 47.397970, Lon: 8.546165, Alt: 0.20m
22:21:41 [POS] Lat: 47.397970, Lon: 8.546165, Alt: 0.20m
22:21:41 [POS] Lat: 47.397970, Lon: 8.546165, Alt: 0.21m
22:21:41 [POS] Lat: 47.397970, Lon: 8.546165, Alt: 0.21m
22:21:41 [POS] Lat: 47.397970, Lon: 8.546165, Alt: 0.21m
22:21:41 [POS] Lat: 47.397970, Lon: 8.546165, Alt: 0.21m
22:21:41 [POS] Lat: 47.397970, Lon: 8.546165, Alt: 0.21m
22:21:41 [POS] Lat: 47.397970, Lon: 8.546165, Alt: 0.22m
22:21:41 [POS] Lat: 47.397970, Lon: 8.546165, Alt: 0.22m
22:21:41 [POS] Lat: 47.397970, Lon: 8.546165, Alt: 0.22m
22:21:41 [POS] Lat: 47.397970, Lon: 8.546165, Alt: 0.22m
22:21:41 [POS] Lat: 47.397970, Lon: 8.546165, Alt: 0.23m
22:21:41 [POS] Lat: 47.397970, Lon: 8.546165, Alt: 0.23m
22:21:41 [POS] Lat: 47.397971, Lon: 8.546165, Alt: 0.24m
22:21:41 [POS] Lat: 47.397971, Lon: 8.546165, Alt: 0.24m
22:21:41 [POS] Lat: 47.397971, Lon: 8.546165, Alt: 0.24m
22:21:41 [POS] Lat: 47.397971, Lon: 8.546165, Alt: 0.24m
22:21:41 [POS] Lat: 47.397971, Lon: 8.546165, Alt: 0.25m
22:21:41 [POS] Lat: 47.397971, Lon: 8.546165, Alt: 0.25m
22:21:41 [POS] Lat: 47.397971, Lon: 8.546165, Alt: 0.25m
22:21:41 [POS] Lat: 47.397971, Lon: 8.546165, Alt: 0.26m
22:21:42 [POS] Lat: 47.397971, Lon: 8.546165, Alt: 0.26m
22:21:42 [POS] Lat: 47.397971, Lon: 8.546165, Alt: 0.26m
22:21:42 [POS] Lat: 47.397971, Lon: 8.546165, Alt: 0.27m
22:21:42 [POS] Lat: 47.397971, Lon: 8.546165, Alt: 0.27m
22:21:42 [POS] Lat: 47.397971, Lon: 8.546165, Alt: 0.27m
22:21:42 [POS] Lat: 47.397971, Lon: 8.546165, Alt: 0.28m
22:21:42 [POS] Lat: 47.397971, Lon: 8.546165, Alt: 0.28m
22:21:42 [POS] Lat: 47.397971, Lon: 8.546165, Alt: 0.28m
22:21:42 [POS] Lat: 47.397971, Lon: 8.546165, Alt: 0.28m
22:21:42 [POS] Lat: 47.397971, Lon: 8.546165, Alt: 0.28m
22:21:42 [POS] Lat: 47.397971, Lon: 8.546165, Alt: 0.28m
22:21:42 [POS] Lat: 47.397971, Lon: 8.546165, Alt: 0.28m
22:21:42 [POS] Lat: 47.397971, Lon: 8.546165, Alt: 0.29m
22:21:42 [POS] Lat: 47.397971, Lon: 8.546165, Alt: 0.29m
22:21:42 [POS] Lat: 47.397971, Lon: 8.546165, Alt: 0.29m
22:21:42 [POS] Lat: 47.397971, Lon: 8.546165, Alt: 0.29m
22:21:42 [POS] Lat: 47.397971, Lon: 8.546164, Alt: 0.29m
22:21:42 [POS] Lat: 47.397971, Lon: 8.546164, Alt: 0.29m
22:21:42 [POS] Lat: 47.397971, Lon: 8.546164, Alt: 0.29m
22:21:42 [POS] Lat: 47.397971, Lon: 8.546164, Alt: 0.29m
22:21:42 [POS] Lat: 47.397971, Lon: 8.546164, Alt: 0.29m
22:21:42 [POS] Lat: 47.397971, Lon: 8.546164, Alt: 0.29m
22:21:42 [POS] Lat: 47.397971, Lon: 8.546164, Alt: 0.29m
22:21:42 [POS] Lat: 47.397971, Lon: 8.546164, Alt: 0.29m
22:21:42 [POS] Lat: 47.397971, Lon: 8.546164, Alt: 0.30m
22:21:42 [POS] Lat: 47.397971, Lon: 8.546164, Alt: 0.30m
22:21:42 [POS] Lat: 47.397971, Lon: 8.546164, Alt: 0.30m
22:21:42 [POS] Lat: 47.397971, Lon: 8.546164, Alt: 0.30m
22:21:42 [POS] Lat: 47.397971, Lon: 8.546164, Alt: 0.30m
22:21:42 [POS] Lat: 47.397971, Lon: 8.546164, Alt: 0.30m
22:21:42 [POS] Lat: 47.397971, Lon: 8.546164, Alt: 0.31m
22:21:42 [POS] Lat: 47.397971, Lon: 8.546164, Alt: 0.31m
22:21:42 [POS] Lat: 47.397971, Lon: 8.546164, Alt: 0.31m
22:21:42 [POS] Lat: 47.397971, Lon: 8.546164, Alt: 0.31m
22:21:42 [POS] Lat: 47.397971, Lon: 8.546164, Alt: 0.31m
22:21:42 [POS] Lat: 47.397971, Lon: 8.546164, Alt: 0.31m
22:21:42 [POS] Lat: 47.397971, Lon: 8.546164, Alt: 0.31m
22:21:42 [POS] Lat: 47.397971, Lon: 8.546164, Alt: 0.31m
22:21:42 [POS] Lat: 47.397971, Lon: 8.546164, Alt: 0.31m
22:21:42 [POS] Lat: 47.397971, Lon: 8.546164, Alt: 0.31m
22:21:42 [POS] Lat: 47.397971, Lon: 8.546164, Alt: 0.31m
22:21:42 [POS] Lat: 47.397971, Lon: 8.546164, Alt: 0.31m
22:21:42 [POS] Lat: 47.397971, Lon: 8.546164, Alt: 0.31m
22:21:42 [POS] Lat: 47.397971, Lon: 8.546164, Alt: 0.31m
22:21:42 [POS] Lat: 47.397971, Lon: 8.546164, Alt: 0.31m
22:21:42 [POS] Lat: 47.397971, Lon: 8.546164, Alt: 0.31m
22:21:42 [BAT] Percentage: 100, Voltage: 16.20V
22:21:42 [POS] Lat: 47.397971, Lon: 8.546164, Alt: 0.31m
22:21:42 [POS] Lat: 47.397971, Lon: 8.546164, Alt: 0.31m
22:21:42 [POS] Lat: 47.397971, Lon: 8.546164, Alt: 0.31m
22:21:42 [POS] Lat: 47.397971, Lon: 8.546164, Alt: 0.31m
22:21:43 [POS] Lat: 47.397971, Lon: 8.546164, Alt: 0.31m
22:21:43 [POS] Lat: 47.397971, Lon: 8.546164, Alt: 0.31m
22:21:43 [POS] Lat: 47.397971, Lon: 8.546164, Alt: 0.32m
22:21:43 [POS] Lat: 47.397971, Lon: 8.546164, Alt: 0.32m
22:21:43 [POS] Lat: 47.397971, Lon: 8.546164, Alt: 0.32m
22:21:43 [POS] Lat: 47.397971, Lon: 8.546164, Alt: 0.33m
22:21:43 [POS] Lat: 47.397971, Lon: 8.546164, Alt: 0.33m
22:21:43 [POS] Lat: 47.397971, Lon: 8.546164, Alt: 0.33m
22:21:43 [POS] Lat: 47.397971, Lon: 8.546164, Alt: 0.33m
22:21:43 [POS] Lat: 47.397971, Lon: 8.546164, Alt: 0.34m
22:21:43 [POS] Lat: 47.397971, Lon: 8.546164, Alt: 0.34m
22:21:43 [POS] Lat: 47.397971, Lon: 8.546164, Alt: 0.34m
22:21:43 [POS] Lat: 47.397971, Lon: 8.546164, Alt: 0.34m
22:21:43 [POS] Lat: 47.397971, Lon: 8.546164, Alt: 0.34m
22:21:43 [POS] Lat: 47.397971, Lon: 8.546164, Alt: 0.34m
22:21:43 [POS] Lat: 47.397971, Lon: 8.546164, Alt: 0.35m
22:21:43 [POS] Lat: 47.397971, Lon: 8.546164, Alt: 0.35m
22:21:43 [POS] Lat: 47.397971, Lon: 8.546164, Alt: 0.35m
22:21:43 [POS] Lat: 47.397971, Lon: 8.546164, Alt: 0.35m
22:21:43 [POS] Lat: 47.397971, Lon: 8.546164, Alt: 0.35m
22:21:43 [POS] Lat: 47.397971, Lon: 8.546164, Alt: 0.35m
22:21:43 [POS] Lat: 47.397971, Lon: 8.546164, Alt: 0.35m
22:21:43 [POS] Lat: 47.397971, Lon: 8.546164, Alt: 0.36m
22:21:43 [POS] Lat: 47.397971, Lon: 8.546164, Alt: 0.36m
22:21:43 [POS] Lat: 47.397971, Lon: 8.546164, Alt: 0.36m
22:21:43 [POS] Lat: 47.397971, Lon: 8.546164, Alt: 0.36m
22:21:43 [POS] Lat: 47.397971, Lon: 8.546164, Alt: 0.37m
22:21:43 [POS] Lat: 47.397971, Lon: 8.546164, Alt: 0.37m
22:21:43 [POS] Lat: 47.397971, Lon: 8.546164, Alt: 0.37m
22:21:43 [POS] Lat: 47.397971, Lon: 8.546164, Alt: 0.37m
22:21:43 [POS] Lat: 47.397971, Lon: 8.546164, Alt: 0.37m
22:21:43 [POS] Lat: 47.397971, Lon: 8.546164, Alt: 0.37m
22:21:43 [POS] Lat: 47.397971, Lon: 8.546164, Alt: 0.37m
22:21:43 [POS] Lat: 47.397971, Lon: 8.546164, Alt: 0.37m
22:21:43 [POS] Lat: 47.397971, Lon: 8.546164, Alt: 0.37m
22:21:43 [POS] Lat: 47.397971, Lon: 8.546164, Alt: 0.37m
22:21:43 [POS] Lat: 47.397971, Lon: 8.546164, Alt: 0.37m
22:21:43 [POS] Lat: 47.397971, Lon: 8.546164, Alt: 0.37m
22:21:43 [POS] Lat: 47.397971, Lon: 8.546164, Alt: 0.37m
22:21:43 [POS] Lat: 47.397971, Lon: 8.546164, Alt: 0.38m
22:21:43 [POS] Lat: 47.397971, Lon: 8.546164, Alt: 0.38m
22:21:43 [POS] Lat: 47.397971, Lon: 8.546164, Alt: 0.38m
22:21:43 [POS] Lat: 47.397971, Lon: 8.546164, Alt: 0.38m
22:21:43 [POS] Lat: 47.397971, Lon: 8.546164, Alt: 0.38m
22:21:43 [POS] Lat: 47.397971, Lon: 8.546164, Alt: 0.38m
22:21:43 [POS] Lat: 47.397971, Lon: 8.546164, Alt: 0.38m
22:21:43 [POS] Lat: 47.397971, Lon: 8.546164, Alt: 0.39m
22:21:43 [POS] Lat: 47.397971, Lon: 8.546164, Alt: 0.39m
22:21:43 [POS] Lat: 47.397971, Lon: 8.546164, Alt: 0.39m
22:21:44 [POS] Lat: 47.397971, Lon: 8.546164, Alt: 0.39m
22:21:44 [POS] Lat: 47.397971, Lon: 8.546164, Alt: 0.40m
22:21:44 [POS] Lat: 47.397971, Lon: 8.546164, Alt: 0.40m
22:21:44 [POS] Lat: 47.397971, Lon: 8.546164, Alt: 0.40m
22:21:44 [POS] Lat: 47.397971, Lon: 8.546164, Alt: 0.40m
22:21:44 [POS] Lat: 47.397971, Lon: 8.546164, Alt: 0.40m
22:21:44 [POS] Lat: 47.397971, Lon: 8.546164, Alt: 0.40m
22:21:44 [POS] Lat: 47.397971, Lon: 8.546164, Alt: 0.40m
22:21:44 [POS] Lat: 47.397971, Lon: 8.546164, Alt: 0.41m
22:21:44 [POS] Lat: 47.397971, Lon: 8.546164, Alt: 0.41m
22:21:44 [POS] Lat: 47.397971, Lon: 8.546164, Alt: 0.41m
22:21:44 [POS] Lat: 47.397971, Lon: 8.546164, Alt: 0.41m
22:21:44 [POS] Lat: 47.397971, Lon: 8.546164, Alt: 0.41m
22:21:44 [POS] Lat: 47.397971, Lon: 8.546164, Alt: 0.41m
22:21:44 [POS] Lat: 47.397971, Lon: 8.546164, Alt: 0.41m
22:21:44 [POS] Lat: 47.397971, Lon: 8.546164, Alt: 0.41m
22:21:44 [POS] Lat: 47.397971, Lon: 8.546164, Alt: 0.41m
22:21:44 [POS] Lat: 47.397971, Lon: 8.546164, Alt: 0.41m
22:21:44 [POS] Lat: 47.397971, Lon: 8.546164, Alt: 0.41m
22:21:44 [POS] Lat: 47.397971, Lon: 8.546164, Alt: 0.41m
22:21:44 [POS] Lat: 47.397971, Lon: 8.546164, Alt: 0.41m
22:21:44 [POS] Lat: 47.397971, Lon: 8.546164, Alt: 0.41m
22:21:44 [POS] Lat: 47.397971, Lon: 8.546164, Alt: 0.41m
22:21:44 [POS] Lat: 47.397971, Lon: 8.546164, Alt: 0.41m
22:21:44 [POS] Lat: 47.397971, Lon: 8.546164, Alt: 0.41m
22:21:44 [POS] Lat: 47.397971, Lon: 8.546164, Alt: 0.41m
22:21:44 [POS] Lat: 47.397971, Lon: 8.546164, Alt: 0.41m
22:21:44 [POS] Lat: 47.397971, Lon: 8.546164, Alt: 0.42m
22:21:44 [PROG] Waypoint 0 of 4
22:21:44 [POS] Lat: 47.397971, Lon: 8.546164, Alt: 0.42m
22:21:44 [POS] Lat: 47.397971, Lon: 8.546164, Alt: 0.42m
22:21:44 [POS] Lat: 47.397971, Lon: 8.546164, Alt: 0.42m
22:21:44 [POS] Lat: 47.397971, Lon: 8.546164, Alt: 0.42m
22:21:44 [POS] Lat: 47.397971, Lon: 8.546164, Alt: 0.42m
22:21:44 [POS] Lat: 47.397971, Lon: 8.546164, Alt: 0.42m
22:21:44 [POS] Lat: 47.397971, Lon: 8.546164, Alt: 0.42m
22:21:44 [POS] Lat: 47.397971, Lon: 8.546164, Alt: 0.42m
22:21:44 [POS] Lat: 47.397971, Lon: 8.546164, Alt: 0.42m
22:21:44 [POS] Lat: 47.397971, Lon: 8.546164, Alt: 0.42m
22:21:44 [POS] Lat: 47.397971, Lon: 8.546164, Alt: 0.42m
22:21:44 [POS] Lat: 47.397971, Lon: 8.546164, Alt: 0.42m
22:21:44 [POS] Lat: 47.397971, Lon: 8.546164, Alt: 0.42m
22:21:44 [POS] Lat: 47.397971, Lon: 8.546164, Alt: 0.43m
22:21:44 [POS] Lat: 47.397971, Lon: 8.546164, Alt: 0.43m
22:21:44 [POS] Lat: 47.397971, Lon: 8.546164, Alt: 0.43m
22:21:44 [POS] Lat: 47.397971, Lon: 8.546164, Alt: 0.43m
22:21:44 [POS] Lat: 47.397971, Lon: 8.546164, Alt: 0.43m
22:21:44 [POS] Lat: 47.397971, Lon: 8.546164, Alt: 0.43m
22:21:44 [BAT] Percentage: 100, Voltage: 16.20V
22:21:44 [POS] Lat: 47.397971, Lon: 8.546164, Alt: 0.43m
22:21:44 [POS] Lat: 47.397971, Lon: 8.546164, Alt: 0.43m
22:21:44 [POS] Lat: 47.397971, Lon: 8.546164, Alt: 0.43m
22:21:45 [POS] Lat: 47.397971, Lon: 8.546164, Alt: 0.43m
22:21:45 [POS] Lat: 47.397971, Lon: 8.546164, Alt: 0.43m
22:21:45 [POS] Lat: 47.397971, Lon: 8.546164, Alt: 0.43m
22:21:45 [POS] Lat: 47.397971, Lon: 8.546164, Alt: 0.43m
22:21:45 [POS] Lat: 47.397971, Lon: 8.546164, Alt: 0.43m
22:21:45 [POS] Lat: 47.397971, Lon: 8.546164, Alt: 0.43m
22:21:45 [POS] Lat: 47.397971, Lon: 8.546164, Alt: 0.43m
22:21:45 [POS] Lat: 47.397971, Lon: 8.546164, Alt: 0.43m
22:21:45 [POS] Lat: 47.397971, Lon: 8.546164, Alt: 0.43m
22:21:45 [POS] Lat: 47.397971, Lon: 8.546164, Alt: 0.43m
22:21:45 [POS] Lat: 47.397971, Lon: 8.546164, Alt: 0.43m
22:21:45 [POS] Lat: 47.397971, Lon: 8.546164, Alt: 0.43m
22:21:45 [POS] Lat: 47.397971, Lon: 8.546164, Alt: 0.43m
22:21:45 [POS] Lat: 47.397971, Lon: 8.546164, Alt: 0.43m
22:21:45 [POS] Lat: 47.397971, Lon: 8.546164, Alt: 0.42m
22:21:45 [POS] Lat: 47.397971, Lon: 8.546164, Alt: 0.42m
22:21:45 [POS] Lat: 47.397971, Lon: 8.546164, Alt: 0.42m
22:21:45 [POS] Lat: 47.397971, Lon: 8.546164, Alt: 0.42m
22:21:45 [POS] Lat: 47.397971, Lon: 8.546164, Alt: 0.42m
22:21:45 [POS] Lat: 47.397971, Lon: 8.546164, Alt: 0.43m
22:21:45 [POS] Lat: 47.397971, Lon: 8.546164, Alt: 0.43m
22:21:45 [POS] Lat: 47.397971, Lon: 8.546164, Alt: 0.43m
22:21:45 [POS] Lat: 47.397971, Lon: 8.546164, Alt: 0.43m
22:21:45 [POS] Lat: 47.397971, Lon: 8.546164, Alt: 0.43m
22:21:45 [POS] Lat: 47.397971, Lon: 8.546164, Alt: 0.43m
22:21:45 [POS] Lat: 47.397971, Lon: 8.546164, Alt: 0.43m
22:21:45 [POS] Lat: 47.397971, Lon: 8.546164, Alt: 0.43m
22:21:45 [POS] Lat: 47.397971, Lon: 8.546164, Alt: 0.43m
22:21:45 [POS] Lat: 47.397971, Lon: 8.546164, Alt: 0.43m
22:21:45 [POS] Lat: 47.397971, Lon: 8.546164, Alt: 0.42m
22:21:45 [POS] Lat: 47.397971, Lon: 8.546164, Alt: 0.42m
22:21:45 [POS] Lat: 47.397971, Lon: 8.546164, Alt: 0.42m
22:21:45 [POS] Lat: 47.397971, Lon: 8.546164, Alt: 0.42m
22:21:45 [POS] Lat: 47.397971, Lon: 8.546164, Alt: 0.42m
22:21:45 [POS] Lat: 47.397971, Lon: 8.546164, Alt: 0.42m
22:21:45 [POS] Lat: 47.397971, Lon: 8.546164, Alt: 0.42m
22:21:45 [POS] Lat: 47.397971, Lon: 8.546164, Alt: 0.42m
22:21:45 [POS] Lat: 47.397971, Lon: 8.546164, Alt: 0.42m
22:21:45 [POS] Lat: 47.397971, Lon: 8.546164, Alt: 0.43m
22:21:45 [POS] Lat: 47.397971, Lon: 8.546164, Alt: 0.43m
22:21:45 [POS] Lat: 47.397971, Lon: 8.546164, Alt: 0.43m
22:21:45 [POS] Lat: 47.397971, Lon: 8.546164, Alt: 0.43m
22:21:45 [POS] Lat: 47.397971, Lon: 8.546164, Alt: 0.43m
22:21:45 [POS] Lat: 47.397971, Lon: 8.546164, Alt: 0.43m
22:21:45 [POS] Lat: 47.397971, Lon: 8.546164, Alt: 0.43m
22:21:45 [POS] Lat: 47.397971, Lon: 8.546164, Alt: 0.43m
22:21:45 [POS] Lat: 47.397971, Lon: 8.546164, Alt: 0.43m
22:21:45 [POS] Lat: 47.397971, Lon: 8.546164, Alt: 0.43m
22:21:45 [POS] Lat: 47.397971, Lon: 8.546164, Alt: 0.43m
22:21:46 [POS] Lat: 47.397971, Lon: 8.546164, Alt: 0.43m
22:21:46 [POS] Lat: 47.397971, Lon: 8.546164, Alt: 0.43m
22:21:46 [POS] Lat: 47.397971, Lon: 8.546164, Alt: 0.43m
22:21:46 [POS] Lat: 47.397971, Lon: 8.546164, Alt: 0.43m
22:21:46 [POS] Lat: 47.397971, Lon: 8.546164, Alt: 0.43m
22:21:46 [POS] Lat: 47.397971, Lon: 8.546164, Alt: 0.43m
22:21:46 [POS] Lat: 47.397971, Lon: 8.546164, Alt: 0.43m
22:21:46 [POS] Lat: 47.397971, Lon: 8.546164, Alt: 0.43m
22:21:46 [POS] Lat: 47.397971, Lon: 8.546164, Alt: 0.43m
22:21:46 [POS] Lat: 47.397971, Lon: 8.546164, Alt: 0.43m
22:21:46 [POS] Lat: 47.397971, Lon: 8.546164, Alt: 0.43m
22:21:46 [POS] Lat: 47.397971, Lon: 8.546164, Alt: 0.42m
22:21:46 [POS] Lat: 47.397971, Lon: 8.546164, Alt: 0.42m
22:21:46 [POS] Lat: 47.397971, Lon: 8.546164, Alt: 0.42m
22:21:46 [POS] Lat: 47.397971, Lon: 8.546164, Alt: 0.42m
22:21:46 [POS] Lat: 47.397971, Lon: 8.546164, Alt: 0.42m
22:21:46 [POS] Lat: 47.397971, Lon: 8.546164, Alt: 0.42m
22:21:46 [POS] Lat: 47.397971, Lon: 8.546164, Alt: 0.41m
22:21:46 [POS] Lat: 47.397971, Lon: 8.546164, Alt: 0.41m
22:21:46 [POS] Lat: 47.397971, Lon: 8.546164, Alt: 0.41m
22:21:46 [POS] Lat: 47.397971, Lon: 8.546164, Alt: 0.41m
22:21:46 [POS] Lat: 47.397971, Lon: 8.546164, Alt: 0.41m
22:21:46 [POS] Lat: 47.397971, Lon: 8.546164, Alt: 0.41m
22:21:46 [POS] Lat: 47.397971, Lon: 8.546164, Alt: 0.41m
22:21:46 [POS] Lat: 47.397971, Lon: 8.546164, Alt: 0.41m
22:21:46 [POS] Lat: 47.397971, Lon: 8.546164, Alt: 0.41m
22:21:46 [POS] Lat: 47.397971, Lon: 8.546164, Alt: 0.41m
22:21:46 [POS] Lat: 47.397971, Lon: 8.546164, Alt: 0.41m
22:21:46 [POS] Lat: 47.397971, Lon: 8.546164, Alt: 0.41m
22:21:46 [POS] Lat: 47.397971, Lon: 8.546164, Alt: 0.41m
22:21:46 [POS] Lat: 47.397971, Lon: 8.546164, Alt: 0.41m
22:21:46 [POS] Lat: 47.397971, Lon: 8.546164, Alt: 0.41m
22:21:46 [POS] Lat: 47.397971, Lon: 8.546164, Alt: 0.41m
22:21:46 [POS] Lat: 47.397971, Lon: 8.546164, Alt: 0.41m
22:21:46 [POS] Lat: 47.397971, Lon: 8.546164, Alt: 0.41m
22:21:46 [POS] Lat: 47.397971, Lon: 8.546164, Alt: 0.41m
22:21:46 [POS] Lat: 47.397971, Lon: 8.546164, Alt: 0.41m
22:21:46 [POS] Lat: 47.397971, Lon: 8.546164, Alt: 0.41m
22:21:46 [POS] Lat: 47.397971, Lon: 8.546164, Alt: 0.41m
22:21:46 [POS] Lat: 47.397971, Lon: 8.546164, Alt: 0.41m
22:21:46 [POS] Lat: 47.397971, Lon: 8.546164, Alt: 0.41m
22:21:46 [POS] Lat: 47.397971, Lon: 8.546164, Alt: 0.40m
22:21:46 [POS] Lat: 47.397971, Lon: 8.546164, Alt: 0.40m
22:21:46 [POS] Lat: 47.397971, Lon: 8.546164, Alt: 0.40m
22:21:46 [POS] Lat: 47.397971, Lon: 8.546164, Alt: 0.40m
22:21:46 [POS] Lat: 47.397971, Lon: 8.546164, Alt: 0.40m
22:21:46 [POS] Lat: 47.397971, Lon: 8.546164, Alt: 0.40m
22:21:46 [POS] Lat: 47.397971, Lon: 8.546164, Alt: 0.40m
22:21:46 [BAT] Percentage: 100, Voltage: 16.20V
22:21:46 [POS] Lat: 47.397971, Lon: 8.546164, Alt: 0.40m
22:21:47 [POS] Lat: 47.397971, Lon: 8.546164, Alt: 0.40m
22:21:47 [POS] Lat: 47.397971, Lon: 8.546164, Alt: 0.40m
22:21:47 [POS] Lat: 47.397971, Lon: 8.546164, Alt: 0.40m
22:21:47 [POS] Lat: 47.397971, Lon: 8.546164, Alt: 0.39m
22:21:47 [POS] Lat: 47.397971, Lon: 8.546164, Alt: 0.39m
22:21:47 [POS] Lat: 47.397971, Lon: 8.546164, Alt: 0.39m
22:21:47 [POS] Lat: 47.397971, Lon: 8.546164, Alt: 0.39m
22:21:47 [POS] Lat: 47.397971, Lon: 8.546164, Alt: 0.39m
22:21:47 [POS] Lat: 47.397971, Lon: 8.546164, Alt: 0.39m
22:21:47 [POS] Lat: 47.397971, Lon: 8.546164, Alt: 0.39m
22:21:47 [POS] Lat: 47.397971, Lon: 8.546164, Alt: 0.38m
22:21:47 [POS] Lat: 47.397971, Lon: 8.546164, Alt: 0.38m
22:21:47 [POS] Lat: 47.397971, Lon: 8.546164, Alt: 0.38m
22:21:47 [POS] Lat: 47.397971, Lon: 8.546164, Alt: 0.38m
22:21:47 [POS] Lat: 47.397971, Lon: 8.546164, Alt: 0.38m
22:21:47 [POS] Lat: 47.397971, Lon: 8.546164, Alt: 0.38m
22:21:47 [POS] Lat: 47.397971, Lon: 8.546164, Alt: 0.38m
22:21:47 [POS] Lat: 47.397971, Lon: 8.546164, Alt: 0.39m
22:21:47 [POS] Lat: 47.397971, Lon: 8.546164, Alt: 0.39m
22:21:47 [POS] Lat: 47.397971, Lon: 8.546164, Alt: 0.39m
22:21:47 [POS] Lat: 47.397971, Lon: 8.546164, Alt: 0.39m
22:21:47 [POS] Lat: 47.397971, Lon: 8.546164, Alt: 0.39m
22:21:47 [POS] Lat: 47.397971, Lon: 8.546164, Alt: 0.39m
22:21:47 [POS] Lat: 47.397971, Lon: 8.546164, Alt: 0.39m
22:21:47 [POS] Lat: 47.397971, Lon: 8.546164, Alt: 0.39m
22:21:47 [POS] Lat: 47.397971, Lon: 8.546164, Alt: 0.39m
22:21:47 [POS] Lat: 47.397971, Lon: 8.546164, Alt: 0.39m
22:21:47 [POS] Lat: 47.397971, Lon: 8.546164, Alt: 0.39m
22:21:47 [POS] Lat: 47.397971, Lon: 8.546164, Alt: 0.39m
22:21:47 [POS] Lat: 47.397971, Lon: 8.546164, Alt: 0.39m
22:21:47 [POS] Lat: 47.397971, Lon: 8.546164, Alt: 0.39m
22:21:47 [POS] Lat: 47.397971, Lon: 8.546164, Alt: 0.39m
22:21:47 [POS] Lat: 47.397971, Lon: 8.546164, Alt: 0.39m
22:21:47 [POS] Lat: 47.397971, Lon: 8.546164, Alt: 0.39m
22:21:47 [POS] Lat: 47.397971, Lon: 8.546164, Alt: 0.39m
22:21:47 [POS] Lat: 47.397971, Lon: 8.546164, Alt: 0.39m
22:21:47 [POS] Lat: 47.397971, Lon: 8.546164, Alt: 0.39m
22:21:47 [POS] Lat: 47.397971, Lon: 8.546164, Alt: 0.39m
22:21:47 [POS] Lat: 47.397971, Lon: 8.546164, Alt: 0.39m
22:21:47 [POS] Lat: 47.397971, Lon: 8.546164, Alt: 0.39m
22:21:47 [POS] Lat: 47.397971, Lon: 8.546164, Alt: 0.39m
22:21:47 [POS] Lat: 47.397971, Lon: 8.546164, Alt: 0.40m
22:21:47 [POS] Lat: 47.397971, Lon: 8.546164, Alt: 0.40m
22:21:47 [POS] Lat: 47.397971, Lon: 8.546164, Alt: 0.40m
22:21:47 [POS] Lat: 47.397971, Lon: 8.546164, Alt: 0.40m
22:21:47 [POS] Lat: 47.397971, Lon: 8.546164, Alt: 0.40m
22:21:47 [POS] Lat: 47.397971, Lon: 8.546164, Alt: 0.40m
22:21:47 [POS] Lat: 47.397971, Lon: 8.546164, Alt: 0.40m
22:21:47 [POS] Lat: 47.397971, Lon: 8.546164, Alt: 0.40m
22:21:47 [POS] Lat: 47.397971, Lon: 8.546164, Alt: 0.40m
22:21:48 [POS] Lat: 47.397971, Lon: 8.546164, Alt: 0.39m
22:21:48 [POS] Lat: 47.397971, Lon: 8.546164, Alt: 0.39m
22:21:48 [POS] Lat: 47.397971, Lon: 8.546164, Alt: 0.39m
22:21:48 [POS] Lat: 47.397971, Lon: 8.546164, Alt: 0.39m
22:21:48 [POS] Lat: 47.397971, Lon: 8.546164, Alt: 0.39m
22:21:48 [POS] Lat: 47.397971, Lon: 8.546164, Alt: 0.39m
22:21:48 [POS] Lat: 47.397971, Lon: 8.546164, Alt: 0.39m
22:21:48 [POS] Lat: 47.397971, Lon: 8.546164, Alt: 0.39m
22:21:48 [POS] Lat: 47.397971, Lon: 8.546164, Alt: 0.39m
22:21:48 [POS] Lat: 47.397971, Lon: 8.546164, Alt: 0.39m
22:21:48 [POS] Lat: 47.397971, Lon: 8.546164, Alt: 0.39m
22:21:48 [POS] Lat: 47.397971, Lon: 8.546164, Alt: 0.38m
22:21:48 [POS] Lat: 47.397971, Lon: 8.546164, Alt: 0.38m
22:21:48 [POS] Lat: 47.397971, Lon: 8.546164, Alt: 0.38m
22:21:48 [POS] Lat: 47.397971, Lon: 8.546164, Alt: 0.38m
22:21:48 [POS] Lat: 47.397971, Lon: 8.546164, Alt: 0.38m
22:21:48 [POS] Lat: 47.397971, Lon: 8.546164, Alt: 0.38m
22:21:48 [POS] Lat: 47.397971, Lon: 8.546164, Alt: 0.38m
22:21:48 [POS] Lat: 47.397971, Lon: 8.546164, Alt: 0.38m
22:21:48 [POS] Lat: 47.397971, Lon: 8.546164, Alt: 0.38m
22:21:48 [POS] Lat: 47.397971, Lon: 8.546164, Alt: 0.38m
22:21:48 [POS] Lat: 47.397971, Lon: 8.546164, Alt: 0.37m
22:21:48 [POS] Lat: 47.397971, Lon: 8.546164, Alt: 0.37m
22:21:48 [POS] Lat: 47.397971, Lon: 8.546164, Alt: 0.37m
22:21:48 [POS] Lat: 47.397971, Lon: 8.546164, Alt: 0.37m
22:21:48 [POS] Lat: 47.397971, Lon: 8.546164, Alt: 0.37m
22:21:48 [POS] Lat: 47.397971, Lon: 8.546164, Alt: 0.37m
22:21:48 [POS] Lat: 47.397971, Lon: 8.546164, Alt: 0.37m
22:21:48 [POS] Lat: 47.397971, Lon: 8.546164, Alt: 0.37m
22:21:48 [POS] Lat: 47.397971, Lon: 8.546164, Alt: 0.37m
22:21:48 [POS] Lat: 47.397971, Lon: 8.546164, Alt: 0.37m
22:21:48 [POS] Lat: 47.397971, Lon: 8.546164, Alt: 0.37m
22:21:48 [POS] Lat: 47.397971, Lon: 8.546164, Alt: 0.37m
22:21:48 [POS] Lat: 47.397971, Lon: 8.546164, Alt: 0.37m
22:21:48 [POS] Lat: 47.397970, Lon: 8.546164, Alt: 0.37m
22:21:48 [POS] Lat: 47.397970, Lon: 8.546164, Alt: 0.37m
22:21:48 [POS] Lat: 47.397970, Lon: 8.546164, Alt: 0.37m
22:21:48 [POS] Lat: 47.397970, Lon: 8.546164, Alt: 0.37m
22:21:48 [POS] Lat: 47.397970, Lon: 8.546164, Alt: 0.37m
22:21:48 [POS] Lat: 47.397970, Lon: 8.546164, Alt: 0.37m
22:21:48 [POS] Lat: 47.397970, Lon: 8.546164, Alt: 0.37m
22:21:48 [POS] Lat: 47.397970, Lon: 8.546164, Alt: 0.37m
22:21:48 [POS] Lat: 47.397970, Lon: 8.546164, Alt: 0.37m
22:21:48 [POS] Lat: 47.397970, Lon: 8.546164, Alt: 0.37m
22:21:48 [POS] Lat: 47.397970, Lon: 8.546164, Alt: 0.37m
22:21:48 [POS] Lat: 47.397971, Lon: 8.546164, Alt: 0.37m
22:21:48 [POS] Lat: 47.397971, Lon: 8.546164, Alt: 0.37m
22:21:48 [POS] Lat: 47.397971, Lon: 8.546164, Alt: 0.37m
22:21:48 [POS] Lat: 47.397971, Lon: 8.546164, Alt: 0.37m
22:21:48 [BAT] Percentage: 100, Voltage: 16.20V
22:21:49 [POS] Lat: 47.397971, Lon: 8.546164, Alt: 0.37m
22:21:49 [POS] Lat: 47.397971, Lon: 8.546164, Alt: 0.37m
22:21:49 [POS] Lat: 47.397971, Lon: 8.546164, Alt: 0.37m
22:21:49 [POS] Lat: 47.397971, Lon: 8.546164, Alt: 0.37m
22:21:49 [POS] Lat: 47.397971, Lon: 8.546164, Alt: 0.37m
22:21:49 [POS] Lat: 47.397971, Lon: 8.546164, Alt: 0.38m
22:21:49 [POS] Lat: 47.397971, Lon: 8.546164, Alt: 0.38m
22:21:49 [POS] Lat: 47.397971, Lon: 8.546164, Alt: 0.38m
22:21:49 [POS] Lat: 47.397971, Lon: 8.546164, Alt: 0.38m
22:21:49 [POS] Lat: 47.397971, Lon: 8.546164, Alt: 0.38m
22:21:49 [POS] Lat: 47.397971, Lon: 8.546164, Alt: 0.39m
22:21:49 [POS] Lat: 47.397971, Lon: 8.546164, Alt: 0.39m
22:21:49 [POS] Lat: 47.397971, Lon: 8.546164, Alt: 0.39m
22:21:49 [POS] Lat: 47.397971, Lon: 8.546164, Alt: 0.39m
22:21:49 [POS] Lat: 47.397971, Lon: 8.546164, Alt: 0.39m
22:21:49 [POS] Lat: 47.397971, Lon: 8.546164, Alt: 0.39m
22:21:49 [POS] Lat: 47.397971, Lon: 8.546164, Alt: 0.39m
22:21:49 [POS] Lat: 47.397971, Lon: 8.546164, Alt: 0.40m
22:21:49 [POS] Lat: 47.397971, Lon: 8.546164, Alt: 0.40m
22:21:49 [POS] Lat: 47.397971, Lon: 8.546164, Alt: 0.40m
22:21:49 [POS] Lat: 47.397971, Lon: 8.546164, Alt: 0.40m
22:21:49 [POS] Lat: 47.397971, Lon: 8.546164, Alt: 0.40m
22:21:49 [POS] Lat: 47.397971, Lon: 8.546164, Alt: 0.40m
22:21:49 [POS] Lat: 47.397971, Lon: 8.546164, Alt: 0.40m
22:21:49 [POS] Lat: 47.397971, Lon: 8.546164, Alt: 0.40m
22:21:49 [POS] Lat: 47.397971, Lon: 8.546164, Alt: 0.41m
22:21:49 [POS] Lat: 47.397971, Lon: 8.546164, Alt: 0.41m
22:21:49 [POS] Lat: 47.397971, Lon: 8.546164, Alt: 0.41m
22:21:49 [POS] Lat: 47.397971, Lon: 8.546164, Alt: 0.41m
22:21:49 [POS] Lat: 47.397971, Lon: 8.546164, Alt: 0.41m
22:21:49 [POS] Lat: 47.397971, Lon: 8.546164, Alt: 0.41m
22:21:49 [POS] Lat: 47.397971, Lon: 8.546164, Alt: 0.42m
22:21:49 [POS] Lat: 47.397971, Lon: 8.546164, Alt: 0.42m
22:21:49 [POS] Lat: 47.397971, Lon: 8.546164, Alt: 0.42m
22:21:49 [POS] Lat: 47.397971, Lon: 8.546164, Alt: 0.43m
22:21:49 [POS] Lat: 47.397971, Lon: 8.546164, Alt: 0.43m
22:21:49 [POS] Lat: 47.397971, Lon: 8.546164, Alt: 0.43m
22:21:49 [POS] Lat: 47.397971, Lon: 8.546164, Alt: 0.43m
22:21:49 [POS] Lat: 47.397971, Lon: 8.546164, Alt: 0.44m
22:21:49 [POS] Lat: 47.397971, Lon: 8.546164, Alt: 0.44m
22:21:49 [POS] Lat: 47.397971, Lon: 8.546164, Alt: 0.44m
22:21:49 [POS] Lat: 47.397971, Lon: 8.546164, Alt: 0.44m
22:21:49 [POS] Lat: 47.397971, Lon: 8.546164, Alt: 0.44m
22:21:49 [POS] Lat: 47.397971, Lon: 8.546164, Alt: 0.44m
22:21:49 [POS] Lat: 47.397971, Lon: 8.546164, Alt: 0.45m
22:21:49 [POS] Lat: 47.397971, Lon: 8.546164, Alt: 0.45m
22:21:49 [POS] Lat: 47.397971, Lon: 8.546164, Alt: 0.45m
22:21:49 [POS] Lat: 47.397971, Lon: 8.546164, Alt: 0.45m
22:21:49 [POS] Lat: 47.397971, Lon: 8.546164, Alt: 0.46m
22:21:49 [POS] Lat: 47.397971, Lon: 8.546164, Alt: 0.46m
22:21:50 [POS] Lat: 47.397971, Lon: 8.546164, Alt: 0.46m
22:21:50 [POS] Lat: 47.397971, Lon: 8.546164, Alt: 0.46m
22:21:50 [POS] Lat: 47.397971, Lon: 8.546164, Alt: 0.46m
22:21:50 [POS] Lat: 47.397971, Lon: 8.546164, Alt: 0.46m
22:21:50 [POS] Lat: 47.397971, Lon: 8.546164, Alt: 0.46m
22:21:50 [POS] Lat: 47.397971, Lon: 8.546164, Alt: 0.46m
22:21:50 [POS] Lat: 47.397971, Lon: 8.546164, Alt: 0.46m
22:21:50 [POS] Lat: 47.397971, Lon: 8.546164, Alt: 0.46m
22:21:50 [POS] Lat: 47.397971, Lon: 8.546164, Alt: 0.46m
22:21:50 [POS] Lat: 47.397971, Lon: 8.546164, Alt: 0.46m
22:21:50 [POS] Lat: 47.397971, Lon: 8.546164, Alt: 0.46m
22:21:50 [POS] Lat: 47.397971, Lon: 8.546164, Alt: 0.46m
22:21:50 [POS] Lat: 47.397971, Lon: 8.546164, Alt: 0.46m
22:21:50 [POS] Lat: 47.397971, Lon: 8.546164, Alt: 0.46m
22:21:50 [POS] Lat: 47.397971, Lon: 8.546164, Alt: 0.46m
22:21:50 [POS] Lat: 47.397971, Lon: 8.546164, Alt: 0.46m
22:21:50 [POS] Lat: 47.397971, Lon: 8.546164, Alt: 0.46m
22:21:50 [POS] Lat: 47.397971, Lon: 8.546164, Alt: 0.46m
22:21:50 [POS] Lat: 47.397971, Lon: 8.546164, Alt: 0.46m
22:21:50 [POS] Lat: 47.397971, Lon: 8.546164, Alt: 0.46m
22:21:50 [POS] Lat: 47.397971, Lon: 8.546164, Alt: 0.46m
22:21:50 [POS] Lat: 47.397971, Lon: 8.546164, Alt: 0.46m
22:21:50 [POS] Lat: 47.397971, Lon: 8.546164, Alt: 0.46m
22:21:50 [POS] Lat: 47.397971, Lon: 8.546164, Alt: 0.46m
22:21:50 [POS] Lat: 47.397971, Lon: 8.546164, Alt: 0.46m
22:21:50 [POS] Lat: 47.397971, Lon: 8.546164, Alt: 0.46m
22:21:50 [POS] Lat: 47.397971, Lon: 8.546164, Alt: 0.46m
22:21:50 [POS] Lat: 47.397971, Lon: 8.546164, Alt: 0.46m
22:21:50 [POS] Lat: 47.397971, Lon: 8.546164, Alt: 0.46m
22:21:50 [POS] Lat: 47.397971, Lon: 8.546164, Alt: 0.46m
22:21:50 [POS] Lat: 47.397971, Lon: 8.546164, Alt: 0.46m
22:21:50 [POS] Lat: 47.397971, Lon: 8.546164, Alt: 0.47m
22:21:50 [POS] Lat: 47.397971, Lon: 8.546164, Alt: 0.47m
22:21:50 [POS] Lat: 47.397971, Lon: 8.546164, Alt: 0.47m
22:21:50 [POS] Lat: 47.397971, Lon: 8.546164, Alt: 0.47m
22:21:50 [POS] Lat: 47.397971, Lon: 8.546164, Alt: 0.47m
22:21:50 [POS] Lat: 47.397971, Lon: 8.546164, Alt: 0.47m
22:21:50 [POS] Lat: 47.397971, Lon: 8.546164, Alt: 0.47m
22:21:50 [POS] Lat: 47.397971, Lon: 8.546164, Alt: 0.47m
22:21:50 [POS] Lat: 47.397971, Lon: 8.546164, Alt: 0.47m
22:21:50 [POS] Lat: 47.397971, Lon: 8.546164, Alt: 0.47m
22:21:50 [POS] Lat: 47.397971, Lon: 8.546164, Alt: 0.47m
22:21:50 [POS] Lat: 47.397971, Lon: 8.546164, Alt: 0.48m
22:21:50 [POS] Lat: 47.397970, Lon: 8.546164, Alt: 0.47m
22:21:50 [POS] Lat: 47.397970, Lon: 8.546164, Alt: 0.47m
22:21:50 [POS] Lat: 47.397970, Lon: 8.546164, Alt: 0.47m
22:21:50 [POS] Lat: 47.397970, Lon: 8.546164, Alt: 0.47m
22:21:50 [POS] Lat: 47.397970, Lon: 8.546164, Alt: 0.47m
22:21:50 [POS] Lat: 47.397970, Lon: 8.546164, Alt: 0.47m
22:21:51 [POS] Lat: 47.397970, Lon: 8.546164, Alt: 0.47m
22:21:51 [BAT] Percentage: 100, Voltage: 16.20V
22:21:51 [POS] Lat: 47.397970, Lon: 8.546164, Alt: 0.47m
22:21:51 [POS] Lat: 47.397970, Lon: 8.546164, Alt: 0.47m
22:21:51 [POS] Lat: 47.397970, Lon: 8.546164, Alt: 0.47m
22:21:51 [POS] Lat: 47.397970, Lon: 8.546164, Alt: 0.47m
22:21:51 [POS] Lat: 47.397970, Lon: 8.546164, Alt: 0.47m
22:21:51 [POS] Lat: 47.397970, Lon: 8.546164, Alt: 0.47m
22:21:51 [POS] Lat: 47.397970, Lon: 8.546164, Alt: 0.47m
22:21:51 [POS] Lat: 47.397970, Lon: 8.546164, Alt: 0.47m
22:21:51 [POS] Lat: 47.397970, Lon: 8.546164, Alt: 0.47m
22:21:51 [POS] Lat: 47.397970, Lon: 8.546164, Alt: 0.47m
22:21:51 [POS] Lat: 47.397970, Lon: 8.546164, Alt: 0.47m
22:21:51 [POS] Lat: 47.397970, Lon: 8.546164, Alt: 0.47m
22:21:51 [POS] Lat: 47.397970, Lon: 8.546164, Alt: 0.47m
22:21:51 [POS] Lat: 47.397970, Lon: 8.546164, Alt: 0.47m
22:21:51 [POS] Lat: 47.397970, Lon: 8.546164, Alt: 0.47m
22:21:51 [POS] Lat: 47.397970, Lon: 8.546164, Alt: 0.47m
22:21:51 [POS] Lat: 47.397970, Lon: 8.546164, Alt: 0.47m
22:21:51 [POS] Lat: 47.397970, Lon: 8.546164, Alt: 0.47m
22:21:51 [POS] Lat: 47.397970, Lon: 8.546164, Alt: 0.47m
22:21:51 [POS] Lat: 47.397970, Lon: 8.546164, Alt: 0.46m
22:21:51 [POS] Lat: 47.397970, Lon: 8.546164, Alt: 0.46m
22:21:51 [POS] Lat: 47.397970, Lon: 8.546164, Alt: 0.46m
22:21:51 [POS] Lat: 47.397970, Lon: 8.546164, Alt: 0.46m
22:21:51 [POS] Lat: 47.397970, Lon: 8.546164, Alt: 0.46m
22:21:51 [POS] Lat: 47.397970, Lon: 8.546164, Alt: 0.46m
22:21:51 [POS] Lat: 47.397970, Lon: 8.546164, Alt: 0.46m
22:21:51 [POS] Lat: 47.397970, Lon: 8.546164, Alt: 0.46m
22:21:51 [POS] Lat: 47.397970, Lon: 8.546164, Alt: 0.45m
22:21:51 [POS] Lat: 47.397970, Lon: 8.546164, Alt: 0.45m
22:21:51 [POS] Lat: 47.397970, Lon: 8.546164, Alt: 0.45m
22:21:51 [POS] Lat: 47.397970, Lon: 8.546164, Alt: 0.45m
22:21:51 [POS] Lat: 47.397970, Lon: 8.546164, Alt: 0.45m
22:21:51 [POS] Lat: 47.397970, Lon: 8.546164, Alt: 0.45m
22:21:51 [POS] Lat: 47.397970, Lon: 8.546164, Alt: 0.45m
22:21:51 [POS] Lat: 47.397970, Lon: 8.546164, Alt: 0.45m
22:21:51 [POS] Lat: 47.397970, Lon: 8.546164, Alt: 0.46m
22:21:51 [POS] Lat: 47.397970, Lon: 8.546164, Alt: 0.46m
22:21:51 [POS] Lat: 47.397970, Lon: 8.546164, Alt: 0.46m
22:21:51 [POS] Lat: 47.397970, Lon: 8.546164, Alt: 0.46m
22:21:51 [POS] Lat: 47.397970, Lon: 8.546164, Alt: 0.46m
22:21:51 [POS] Lat: 47.397970, Lon: 8.546164, Alt: 0.46m
22:21:51 [POS] Lat: 47.397970, Lon: 8.546164, Alt: 0.46m
22:21:51 [POS] Lat: 47.397970, Lon: 8.546164, Alt: 0.46m
22:21:51 [POS] Lat: 47.397970, Lon: 8.546164, Alt: 0.46m
22:21:51 [POS] Lat: 47.397970, Lon: 8.546164, Alt: 0.46m
22:21:51 [POS] Lat: 47.397970, Lon: 8.546164, Alt: 0.46m
22:21:51 [POS] Lat: 47.397970, Lon: 8.546164, Alt: 0.46m
22:21:51 [POS] Lat: 47.397970, Lon: 8.546164, Alt: 0.46m
22:21:52 [POS] Lat: 47.397970, Lon: 8.546164, Alt: 0.46m
22:21:52 [POS] Lat: 47.397970, Lon: 8.546164, Alt: 0.46m
22:21:52 [POS] Lat: 47.397970, Lon: 8.546164, Alt: 0.46m
22:21:52 [POS] Lat: 47.397970, Lon: 8.546164, Alt: 0.46m
22:21:52 [POS] Lat: 47.397970, Lon: 8.546164, Alt: 0.46m
22:21:52 [POS] Lat: 47.397970, Lon: 8.546164, Alt: 0.46m
22:21:52 [POS] Lat: 47.397970, Lon: 8.546164, Alt: 0.46m
22:21:52 [POS] Lat: 47.397970, Lon: 8.546164, Alt: 0.46m
22:21:52 [POS] Lat: 47.397970, Lon: 8.546164, Alt: 0.46m
22:21:52 [POS] Lat: 47.397970, Lon: 8.546164, Alt: 0.47m
22:21:52 [POS] Lat: 47.397970, Lon: 8.546165, Alt: 0.47m
22:21:52 [POS] Lat: 47.397970, Lon: 8.546165, Alt: 0.47m
22:21:52 [POS] Lat: 47.397970, Lon: 8.546165, Alt: 0.47m
22:21:52 [POS] Lat: 47.397970, Lon: 8.546165, Alt: 0.47m
22:21:52 [POS] Lat: 47.397970, Lon: 8.546165, Alt: 0.48m
22:21:52 [POS] Lat: 47.397970, Lon: 8.546165, Alt: 0.48m
22:21:52 [POS] Lat: 47.397970, Lon: 8.546165, Alt: 0.49m
22:21:52 [POS] Lat: 47.397970, Lon: 8.546165, Alt: 0.49m
22:21:52 [POS] Lat: 47.397970, Lon: 8.546165, Alt: 0.49m
22:21:52 [POS] Lat: 47.397970, Lon: 8.546165, Alt: 0.50m
22:21:52 [POS] Lat: 47.397970, Lon: 8.546165, Alt: 0.50m
22:21:52 [POS] Lat: 47.397970, Lon: 8.546165, Alt: 0.50m
22:21:52 [POS] Lat: 47.397970, Lon: 8.546165, Alt: 0.50m
22:21:52 [POS] Lat: 47.397970, Lon: 8.546165, Alt: 0.51m
22:21:52 [POS] Lat: 47.397970, Lon: 8.546165, Alt: 0.51m
22:21:52 [POS] Lat: 47.397970, Lon: 8.546165, Alt: 0.51m
22:21:52 [POS] Lat: 47.397970, Lon: 8.546165, Alt: 0.52m
22:21:52 [POS] Lat: 47.397970, Lon: 8.546165, Alt: 0.52m
22:21:52 [POS] Lat: 47.397970, Lon: 8.546165, Alt: 0.52m
22:21:52 [POS] Lat: 47.397970, Lon: 8.546165, Alt: 0.52m
22:21:52 [POS] Lat: 47.397970, Lon: 8.546165, Alt: 0.53m
22:21:52 [POS] Lat: 47.397970, Lon: 8.546165, Alt: 0.53m
22:21:52 [POS] Lat: 47.397970, Lon: 8.546165, Alt: 0.53m
22:21:52 [POS] Lat: 47.397970, Lon: 8.546165, Alt: 0.53m
22:21:52 [POS] Lat: 47.397970, Lon: 8.546165, Alt: 0.53m
22:21:52 [POS] Lat: 47.397970, Lon: 8.546165, Alt: 0.54m
22:21:52 [POS] Lat: 47.397970, Lon: 8.546165, Alt: 0.54m
22:21:52 [POS] Lat: 47.397970, Lon: 8.546165, Alt: 0.54m
22:21:52 [POS] Lat: 47.397970, Lon: 8.546165, Alt: 0.54m
22:21:52 [POS] Lat: 47.397970, Lon: 8.546165, Alt: 0.54m
22:21:52 [POS] Lat: 47.397970, Lon: 8.546165, Alt: 0.54m
22:21:52 [POS] Lat: 47.397970, Lon: 8.546165, Alt: 0.54m
22:21:52 [POS] Lat: 47.397970, Lon: 8.546165, Alt: 0.54m
22:21:52 [POS] Lat: 47.397970, Lon: 8.546165, Alt: 0.54m
22:21:52 [POS] Lat: 47.397970, Lon: 8.546165, Alt: 0.54m
22:21:52 [POS] Lat: 47.397970, Lon: 8.546165, Alt: 0.54m
22:21:52 [POS] Lat: 47.397970, Lon: 8.546165, Alt: 0.54m
22:21:52 [POS] Lat: 47.397970, Lon: 8.546165, Alt: 0.55m
22:21:52 [POS] Lat: 47.397970, Lon: 8.546165, Alt: 0.55m
22:21:52 [POS] Lat: 47.397970, Lon: 8.546165, Alt: 0.55m
22:21:53 [POS] Lat: 47.397970, Lon: 8.546165, Alt: 0.55m
22:21:53 [POS] Lat: 47.397970, Lon: 8.546165, Alt: 0.55m
22:21:53 [BAT] Percentage: 100, Voltage: 16.20V
22:21:53 [POS] Lat: 47.397970, Lon: 8.546165, Alt: 0.55m
22:21:53 [POS] Lat: 47.397970, Lon: 8.546165, Alt: 0.56m
22:21:53 [POS] Lat: 47.397970, Lon: 8.546165, Alt: 0.56m
22:21:53 [POS] Lat: 47.397970, Lon: 8.546165, Alt: 0.56m
22:21:53 [POS] Lat: 47.397970, Lon: 8.546165, Alt: 0.56m
22:21:53 [POS] Lat: 47.397970, Lon: 8.546165, Alt: 0.00m
22:21:53 [POS] Lat: 47.397970, Lon: 8.546165, Alt: 0.00m
22:21:53 [POS] Lat: 47.397970, Lon: 8.546165, Alt: 0.00m
22:21:53 [POS] Lat: 47.397970, Lon: 8.546165, Alt: 0.00m
22:21:53 [POS] Lat: 47.397970, Lon: 8.546165, Alt: 0.00m
22:21:53 [POS] Lat: 47.397970, Lon: 8.546165, Alt: 0.01m
22:21:53 [POS] Lat: 47.397970, Lon: 8.546165, Alt: 0.01m
22:21:53 [POS] Lat: 47.397970, Lon: 8.546165, Alt: 0.01m
22:21:53 [POS] Lat: 47.397970, Lon: 8.546165, Alt: 0.00m
22:21:53 [POS] Lat: 47.397970, Lon: 8.546165, Alt: 0.00m
22:21:53 [POS] Lat: 47.397970, Lon: 8.546165, Alt: 0.00m
22:21:53 [POS] Lat: 47.397971, Lon: 8.546165, Alt: 0.00m
22:21:53 [POS] Lat: 47.397971, Lon: 8.546165, Alt: 0.00m
22:21:53 [POS] Lat: 47.397971, Lon: 8.546165, Alt: 0.00m
22:21:53 [POS] Lat: 47.397971, Lon: 8.546165, Alt: 0.00m
22:21:53 [POS] Lat: 47.397971, Lon: 8.546165, Alt: -0.00m
22:21:53 [POS] Lat: 47.397971, Lon: 8.546165, Alt: -0.00m
22:21:53 [POS] Lat: 47.397971, Lon: 8.546165, Alt: -0.00m
22:21:53 [POS] Lat: 47.397971, Lon: 8.546165, Alt: -0.00m
22:21:53 [POS] Lat: 47.397971, Lon: 8.546164, Alt: -0.01m
22:21:53 [POS] Lat: 47.397971, Lon: 8.546164, Alt: -0.01m
22:21:53 [POS] Lat: 47.397971, Lon: 8.546164, Alt: -0.01m
22:21:53 [POS] Lat: 47.397971, Lon: 8.546164, Alt: -0.01m
22:21:53 [POS] Lat: 47.397971, Lon: 8.546164, Alt: -0.01m
22:21:53 [POS] Lat: 47.397971, Lon: 8.546164, Alt: -0.01m
22:21:53 [POS] Lat: 47.397971, Lon: 8.546164, Alt: -0.02m
22:21:53 [POS] Lat: 47.397971, Lon: 8.546164, Alt: -0.02m
22:21:53 [POS] Lat: 47.397971, Lon: 8.546164, Alt: -0.03m
22:21:53 [POS] Lat: 47.397971, Lon: 8.546164, Alt: -0.03m
22:21:53 [POS] Lat: 47.397971, Lon: 8.546164, Alt: -0.03m
22:21:53 [POS] Lat: 47.397971, Lon: 8.546164, Alt: -0.03m
22:21:53 [POS] Lat: 47.397971, Lon: 8.546164, Alt: -0.04m
22:21:53 [POS] Lat: 47.397971, Lon: 8.546164, Alt: -0.04m
22:21:53 [POS] Lat: 47.397971, Lon: 8.546164, Alt: -0.04m
22:21:53 [POS] Lat: 47.397971, Lon: 8.546164, Alt: -0.04m
22:21:53 [POS] Lat: 47.397971, Lon: 8.546164, Alt: -0.04m
22:21:53 [POS] Lat: 47.397971, Lon: 8.546164, Alt: -0.04m
22:21:53 [POS] Lat: 47.397971, Lon: 8.546164, Alt: -0.05m
22:21:53 [POS] Lat: 47.397971, Lon: 8.546164, Alt: -0.05m
22:21:53 [POS] Lat: 47.397971, Lon: 8.546164, Alt: -0.05m
22:21:53 [POS] Lat: 47.397971, Lon: 8.546164, Alt: -0.05m
22:21:53 [POS] Lat: 47.397971, Lon: 8.546164, Alt: -0.05m
22:21:54 [POS] Lat: 47.397971, Lon: 8.546164, Alt: -0.05m
22:21:54 [POS] Lat: 47.397971, Lon: 8.546164, Alt: -0.05m
22:21:54 [POS] Lat: 47.397971, Lon: 8.546164, Alt: -0.05m
22:21:54 [POS] Lat: 47.397971, Lon: 8.546164, Alt: -0.06m
22:21:54 [POS] Lat: 47.397971, Lon: 8.546164, Alt: -0.06m
22:21:54 [POS] Lat: 47.397971, Lon: 8.546164, Alt: -0.06m
22:21:54 [POS] Lat: 47.397971, Lon: 8.546164, Alt: -0.06m
22:21:54 [POS] Lat: 47.397971, Lon: 8.546164, Alt: -0.06m
22:21:54 [POS] Lat: 47.397971, Lon: 8.546164, Alt: -0.06m
22:21:54 [POS] Lat: 47.397971, Lon: 8.546164, Alt: -0.07m
22:21:54 [POS] Lat: 47.397971, Lon: 8.546164, Alt: -0.07m
22:21:54 [POS] Lat: 47.397971, Lon: 8.546164, Alt: -0.07m
22:21:54 [POS] Lat: 47.397971, Lon: 8.546164, Alt: -0.07m
22:21:54 [POS] Lat: 47.397971, Lon: 8.546164, Alt: -0.07m
22:21:54 [POS] Lat: 47.397971, Lon: 8.546164, Alt: -0.07m
22:21:54 [POS] Lat: 47.397971, Lon: 8.546164, Alt: -0.08m
22:21:54 [POS] Lat: 47.397971, Lon: 8.546164, Alt: -0.08m
22:21:54 [POS] Lat: 47.397971, Lon: 8.546164, Alt: -0.08m
22:21:54 [POS] Lat: 47.397971, Lon: 8.546164, Alt: -0.08m
22:21:54 [POS] Lat: 47.397971, Lon: 8.546164, Alt: -0.09m
22:21:54 [POS] Lat: 47.397971, Lon: 8.546164, Alt: -0.09m
22:21:54 [POS] Lat: 47.397971, Lon: 8.546164, Alt: -0.09m
22:21:54 [POS] Lat: 47.397971, Lon: 8.546164, Alt: -0.09m
22:21:54 [POS] Lat: 47.397971, Lon: 8.546164, Alt: -0.09m
22:21:54 [POS] Lat: 47.397971, Lon: 8.546164, Alt: -0.09m
22:21:54 [POS] Lat: 47.397971, Lon: 8.546164, Alt: -0.10m
22:21:54 [POS] Lat: 47.397971, Lon: 8.546164, Alt: -0.10m
22:21:54 [POS] Lat: 47.397971, Lon: 8.546164, Alt: -0.10m
22:21:54 [POS] Lat: 47.397971, Lon: 8.546164, Alt: -0.10m
22:21:54 [POS] Lat: 47.397970, Lon: 8.546164, Alt: -0.10m
22:21:54 [POS] Lat: 47.397970, Lon: 8.546164, Alt: -0.10m
22:21:54 [POS] Lat: 47.397970, Lon: 8.546164, Alt: -0.11m
22:21:54 [POS] Lat: 47.397970, Lon: 8.546164, Alt: -0.11m
22:21:54 [POS] Lat: 47.397970, Lon: 8.546164, Alt: -0.11m
22:21:54 [POS] Lat: 47.397970, Lon: 8.546164, Alt: -0.11m
22:21:54 [POS] Lat: 47.397970, Lon: 8.546164, Alt: -0.11m
22:21:54 [POS] Lat: 47.397970, Lon: 8.546164, Alt: -0.11m
22:21:54 [POS] Lat: 47.397970, Lon: 8.546164, Alt: -0.11m
22:21:54 [POS] Lat: 47.397970, Lon: 8.546164, Alt: -0.11m
22:21:54 [POS] Lat: 47.397970, Lon: 8.546164, Alt: -0.11m
22:21:54 [POS] Lat: 47.397970, Lon: 8.546164, Alt: -0.11m
22:21:54 [POS] Lat: 47.397970, Lon: 8.546164, Alt: -0.11m
22:21:54 [POS] Lat: 47.397970, Lon: 8.546164, Alt: -0.11m
22:21:54 [POS] Lat: 47.397970, Lon: 8.546164, Alt: -0.11m
22:21:54 [POS] Lat: 47.397970, Lon: 8.546164, Alt: -0.11m
22:21:54 [POS] Lat: 47.397970, Lon: 8.546164, Alt: -0.11m
22:21:54 [POS] Lat: 47.397970, Lon: 8.546164, Alt: -0.11m
22:21:54 [POS] Lat: 47.397970, Lon: 8.546164, Alt: -0.11m
22:21:54 [POS] Lat: 47.397970, Lon: 8.546164, Alt: -0.11m
22:21:54 [POS] Lat: 47.397970, Lon: 8.546164, Alt: -0.11m
22:21:55 [POS] Lat: 47.397970, Lon: 8.546164, Alt: -0.11m
22:21:55 [POS] Lat: 47.397970, Lon: 8.546164, Alt: -0.11m
22:21:55 [POS] Lat: 47.397970, Lon: 8.546164, Alt: -0.11m
22:21:55 [BAT] Percentage: 100, Voltage: 16.20V
22:21:55 [POS] Lat: 47.397970, Lon: 8.546164, Alt: -0.11m
22:21:55 [POS] Lat: 47.397970, Lon: 8.546164, Alt: -0.11m
22:21:55 [POS] Lat: 47.397970, Lon: 8.546164, Alt: -0.11m
22:21:55 [POS] Lat: 47.397970, Lon: 8.546164, Alt: -0.11m
22:21:55 [POS] Lat: 47.397970, Lon: 8.546164, Alt: -0.11m
22:21:55 [POS] Lat: 47.397970, Lon: 8.546164, Alt: -0.11m
22:21:55 [POS] Lat: 47.397970, Lon: 8.546164, Alt: -0.11m
22:21:55 [POS] Lat: 47.397970, Lon: 8.546164, Alt: -0.11m
22:21:55 [POS] Lat: 47.397970, Lon: 8.546164, Alt: -0.11m
22:21:55 [POS] Lat: 47.397970, Lon: 8.546164, Alt: -0.11m
22:21:55 [POS] Lat: 47.397970, Lon: 8.546164, Alt: -0.12m
22:21:55 [POS] Lat: 47.397970, Lon: 8.546164, Alt: -0.12m
22:21:55 [POS] Lat: 47.397970, Lon: 8.546164, Alt: -0.12m
22:21:55 [POS] Lat: 47.397970, Lon: 8.546164, Alt: -0.12m
22:21:55 [POS] Lat: 47.397970, Lon: 8.546164, Alt: -0.12m
22:21:55 [POS] Lat: 47.397970, Lon: 8.546164, Alt: -0.12m
22:21:55 [POS] Lat: 47.397970, Lon: 8.546164, Alt: -0.12m
22:21:55 [POS] Lat: 47.397970, Lon: 8.546164, Alt: -0.12m
22:21:55 [POS] Lat: 47.397970, Lon: 8.546164, Alt: -0.12m
22:21:55 [POS] Lat: 47.397970, Lon: 8.546164, Alt: -0.12m
22:21:55 [POS] Lat: 47.397970, Lon: 8.546164, Alt: -0.12m
22:21:55 [POS] Lat: 47.397970, Lon: 8.546164, Alt: -0.12m
22:21:55 [POS] Lat: 47.397970, Lon: 8.546164, Alt: -0.12m
22:21:55 [POS] Lat: 47.397970, Lon: 8.546164, Alt: -0.12m
22:21:55 [POS] Lat: 47.397970, Lon: 8.546164, Alt: -0.12m
22:21:55 [POS] Lat: 47.397970, Lon: 8.546164, Alt: -0.12m
22:21:55 [POS] Lat: 47.397970, Lon: 8.546164, Alt: -0.12m
22:21:55 [POS] Lat: 47.397970, Lon: 8.546164, Alt: -0.12m
22:21:55 [POS] Lat: 47.397970, Lon: 8.546164, Alt: -0.12m
22:21:55 [POS] Lat: 47.397970, Lon: 8.546164, Alt: -0.12m
22:21:55 [POS] Lat: 47.397970, Lon: 8.546164, Alt: -0.11m
22:21:55 [POS] Lat: 47.397970, Lon: 8.546164, Alt: -0.11m
22:21:55 [POS] Lat: 47.397970, Lon: 8.546164, Alt: -0.11m
22:21:55 [POS] Lat: 47.397970, Lon: 8.546164, Alt: -0.11m
22:21:55 [POS] Lat: 47.397970, Lon: 8.546164, Alt: -0.11m
22:21:55 [POS] Lat: 47.397970, Lon: 8.546164, Alt: -0.11m
22:21:55 [POS] Lat: 47.397970, Lon: 8.546164, Alt: -0.11m
22:21:55 [POS] Lat: 47.397970, Lon: 8.546164, Alt: -0.11m
22:21:55 [POS] Lat: 47.397970, Lon: 8.546164, Alt: -0.10m
22:21:55 [POS] Lat: 47.397970, Lon: 8.546164, Alt: -0.10m
22:21:55 [POS] Lat: 47.397970, Lon: 8.546164, Alt: -0.10m
22:21:55 [POS] Lat: 47.397970, Lon: 8.546164, Alt: -0.10m
22:21:55 [POS] Lat: 47.397970, Lon: 8.546164, Alt: -0.10m
22:21:55 [POS] Lat: 47.397970, Lon: 8.546164, Alt: -0.10m
22:21:55 [POS] Lat: 47.397970, Lon: 8.546164, Alt: -0.10m
22:21:55 [POS] Lat: 47.397970, Lon: 8.546164, Alt: -0.10m
22:21:56 [POS] Lat: 47.397970, Lon: 8.546164, Alt: -0.10m
22:21:56 [POS] Lat: 47.397970, Lon: 8.546164, Alt: -0.10m
22:21:56 [POS] Lat: 47.397970, Lon: 8.546164, Alt: -0.10m
22:21:56 [POS] Lat: 47.397970, Lon: 8.546164, Alt: -0.10m
22:21:56 [POS] Lat: 47.397970, Lon: 8.546164, Alt: -0.10m
22:21:56 [POS] Lat: 47.397970, Lon: 8.546164, Alt: -0.10m
22:21:56 [POS] Lat: 47.397970, Lon: 8.546164, Alt: -0.10m
22:21:56 [POS] Lat: 47.397970, Lon: 8.546164, Alt: -0.10m
22:21:56 [POS] Lat: 47.397970, Lon: 8.546164, Alt: -0.10m
22:21:56 [POS] Lat: 47.397970, Lon: 8.546164, Alt: -0.10m
22:21:56 [POS] Lat: 47.397970, Lon: 8.546164, Alt: -0.10m
22:21:56 [POS] Lat: 47.397970, Lon: 8.546164, Alt: -0.10m
22:21:56 [POS] Lat: 47.397970, Lon: 8.546164, Alt: -0.10m
22:21:56 [POS] Lat: 47.397970, Lon: 8.546164, Alt: -0.10m
22:21:56 [POS] Lat: 47.397970, Lon: 8.546164, Alt: -0.10m
22:21:56 [POS] Lat: 47.397970, Lon: 8.546164, Alt: -0.10m
22:21:56 [POS] Lat: 47.397970, Lon: 8.546164, Alt: -0.10m
22:21:56 [POS] Lat: 47.397970, Lon: 8.546164, Alt: -0.10m
22:21:56 [POS] Lat: 47.397970, Lon: 8.546163, Alt: -0.10m
22:21:56 [POS] Lat: 47.397970, Lon: 8.546163, Alt: -0.10m
22:21:56 [POS] Lat: 47.397970, Lon: 8.546163, Alt: -0.09m
22:21:56 [POS] Lat: 47.397970, Lon: 8.546163, Alt: -0.09m
22:21:56 [POS] Lat: 47.397970, Lon: 8.546163, Alt: -0.09m
22:21:56 [POS] Lat: 47.397970, Lon: 8.546163, Alt: -0.09m
22:21:56 [POS] Lat: 47.397970, Lon: 8.546163, Alt: -0.09m
22:21:56 [POS] Lat: 47.397970, Lon: 8.546163, Alt: -0.09m
22:21:56 [POS] Lat: 47.397970, Lon: 8.546163, Alt: -0.08m
22:21:56 [POS] Lat: 47.397970, Lon: 8.546163, Alt: -0.08m
22:21:56 [POS] Lat: 47.397970, Lon: 8.546163, Alt: -0.08m
22:21:56 [POS] Lat: 47.397970, Lon: 8.546163, Alt: -0.08m
22:21:56 [POS] Lat: 47.397970, Lon: 8.546163, Alt: -0.08m
22:21:56 [POS] Lat: 47.397970, Lon: 8.546163, Alt: -0.08m
22:21:56 [POS] Lat: 47.397970, Lon: 8.546163, Alt: -0.08m
22:21:56 [POS] Lat: 47.397970, Lon: 8.546163, Alt: -0.08m
22:21:56 [POS] Lat: 47.397970, Lon: 8.546163, Alt: -0.08m
22:21:56 [POS] Lat: 47.397970, Lon: 8.546163, Alt: -0.08m
22:21:56 [POS] Lat: 47.397970, Lon: 8.546163, Alt: -0.08m
22:21:56 [POS] Lat: 47.397970, Lon: 8.546163, Alt: -0.08m
22:21:56 [POS] Lat: 47.397970, Lon: 8.546163, Alt: -0.08m
22:21:56 [POS] Lat: 47.397970, Lon: 8.546163, Alt: -0.08m
22:21:56 [POS] Lat: 47.397970, Lon: 8.546163, Alt: -0.08m
22:21:56 [POS] Lat: 47.397970, Lon: 8.546164, Alt: -0.07m
22:21:56 [POS] Lat: 47.397970, Lon: 8.546164, Alt: -0.07m
22:21:56 [POS] Lat: 47.397970, Lon: 8.546164, Alt: -0.07m
22:21:56 [POS] Lat: 47.397970, Lon: 8.546164, Alt: -0.07m
22:21:56 [POS] Lat: 47.397970, Lon: 8.546164, Alt: -0.07m
22:21:56 [POS] Lat: 47.397970, Lon: 8.546164, Alt: -0.06m
22:21:56 [POS] Lat: 47.397970, Lon: 8.546164, Alt: -0.06m
22:21:56 [POS] Lat: 47.397970, Lon: 8.546164, Alt: -0.06m
22:21:57 [POS] Lat: 47.397970, Lon: 8.546164, Alt: -0.06m
22:21:57 [POS] Lat: 47.397970, Lon: 8.546164, Alt: -0.06m
22:21:57 [POS] Lat: 47.397970, Lon: 8.546164, Alt: -0.06m
22:21:57 [POS] Lat: 47.397970, Lon: 8.546164, Alt: -0.06m
22:21:57 [POS] Lat: 47.397970, Lon: 8.546164, Alt: -0.05m
22:21:57 [BAT] Percentage: 100, Voltage: 16.20V
22:21:57 [POS] Lat: 47.397970, Lon: 8.546164, Alt: -0.05m
22:21:57 [POS] Lat: 47.397970, Lon: 8.546164, Alt: -0.05m
22:21:57 [POS] Lat: 47.397970, Lon: 8.546164, Alt: -0.05m
22:21:57 [POS] Lat: 47.397970, Lon: 8.546164, Alt: -0.05m
22:21:57 [POS] Lat: 47.397970, Lon: 8.546164, Alt: -0.04m
22:21:57 [POS] Lat: 47.397970, Lon: 8.546164, Alt: -0.04m
22:21:57 [POS] Lat: 47.397970, Lon: 8.546164, Alt: -0.04m
22:21:57 [POS] Lat: 47.397970, Lon: 8.546164, Alt: -0.04m
22:21:57 [POS] Lat: 47.397970, Lon: 8.546164, Alt: -0.04m
22:21:57 [POS] Lat: 47.397970, Lon: 8.546164, Alt: -0.04m
22:21:57 [POS] Lat: 47.397970, Lon: 8.546164, Alt: -0.03m
22:21:57 [POS] Lat: 47.397970, Lon: 8.546164, Alt: -0.03m
22:21:57 [POS] Lat: 47.397970, Lon: 8.546164, Alt: -0.03m
22:21:57 [POS] Lat: 47.397970, Lon: 8.546164, Alt: -0.03m
22:21:57 [POS] Lat: 47.397970, Lon: 8.546164, Alt: -0.03m
22:21:57 [POS] Lat: 47.397970, Lon: 8.546164, Alt: -0.03m
22:21:57 [POS] Lat: 47.397970, Lon: 8.546164, Alt: -0.02m
22:21:57 [POS] Lat: 47.397970, Lon: 8.546164, Alt: -0.02m
22:21:57 [POS] Lat: 47.397970, Lon: 8.546164, Alt: -0.02m
22:21:57 [POS] Lat: 47.397970, Lon: 8.546164, Alt: -0.02m
22:21:57 [POS] Lat: 47.397970, Lon: 8.546164, Alt: -0.02m
22:21:57 [POS] Lat: 47.397970, Lon: 8.546164, Alt: -0.02m
22:21:57 [POS] Lat: 47.397970, Lon: 8.546164, Alt: -0.02m
22:21:57 [POS] Lat: 47.397970, Lon: 8.546164, Alt: -0.02m
22:21:57 [POS] Lat: 47.397970, Lon: 8.546164, Alt: -0.02m
22:21:57 [POS] Lat: 47.397970, Lon: 8.546164, Alt: -0.02m
22:21:57 [POS] Lat: 47.397970, Lon: 8.546164, Alt: -0.02m
22:21:57 [POS] Lat: 47.397970, Lon: 8.546164, Alt: -0.02m
22:21:57 [POS] Lat: 47.397970, Lon: 8.546164, Alt: -0.02m
22:21:57 [POS] Lat: 47.397970, Lon: 8.546164, Alt: -0.01m
22:21:57 [POS] Lat: 47.397970, Lon: 8.546164, Alt: -0.01m
22:21:57 [POS] Lat: 47.397970, Lon: 8.546164, Alt: -0.01m
22:21:57 [POS] Lat: 47.397970, Lon: 8.546164, Alt: -0.01m
22:21:57 [POS] Lat: 47.397970, Lon: 8.546164, Alt: -0.01m
22:21:57 [POS] Lat: 47.397970, Lon: 8.546164, Alt: -0.01m
22:21:57 [POS] Lat: 47.397970, Lon: 8.546164, Alt: -0.01m
22:21:57 [POS] Lat: 47.397970, Lon: 8.546164, Alt: -0.01m
22:21:57 [POS] Lat: 47.397970, Lon: 8.546164, Alt: -0.01m
22:21:57 [POS] Lat: 47.397970, Lon: 8.546164, Alt: -0.01m
22:21:57 [POS] Lat: 47.397970, Lon: 8.546164, Alt: -0.01m
22:21:57 [POS] Lat: 47.397970, Lon: 8.546164, Alt: -0.01m
22:21:57 [POS] Lat: 47.397970, Lon: 8.546164, Alt: -0.01m
22:21:57 [POS] Lat: 47.397970, Lon: 8.546164, Alt: -0.01m
22:21:57 [POS] Lat: 47.397970, Lon: 8.546164, Alt: -0.01m
22:21:57 [POS] Lat: 47.397970, Lon: 8.546164, Alt: -0.01m
22:21:58 [POS] Lat: 47.397970, Lon: 8.546164, Alt: -0.01m
22:21:58 [POS] Lat: 47.397970, Lon: 8.546164, Alt: -0.01m
22:21:58 [POS] Lat: 47.397970, Lon: 8.546164, Alt: -0.01m
22:21:58 [POS] Lat: 47.397970, Lon: 8.546164, Alt: -0.01m
22:21:58 [POS] Lat: 47.397970, Lon: 8.546164, Alt: -0.01m
22:21:58 [POS] Lat: 47.397970, Lon: 8.546164, Alt: -0.01m
22:21:58 [POS] Lat: 47.397970, Lon: 8.546164, Alt: -0.00m
22:21:58 [POS] Lat: 47.397970, Lon: 8.546164, Alt: -0.00m
22:21:58 [POS] Lat: 47.397970, Lon: 8.546164, Alt: 0.00m
22:21:58 [POS] Lat: 47.397970, Lon: 8.546164, Alt: 0.00m
22:21:58 [POS] Lat: 47.397970, Lon: 8.546164, Alt: 0.00m
22:21:58 [POS] Lat: 47.397970, Lon: 8.546164, Alt: 0.00m
22:21:58 [POS] Lat: 47.397970, Lon: 8.546164, Alt: 0.00m
22:21:58 [POS] Lat: 47.397970, Lon: 8.546164, Alt: 0.00m
22:21:58 [POS] Lat: 47.397970, Lon: 8.546164, Alt: 0.01m
22:21:58 [POS] Lat: 47.397970, Lon: 8.546164, Alt: 0.01m
22:21:58 [POS] Lat: 47.397970, Lon: 8.546164, Alt: 0.01m
22:21:58 [POS] Lat: 47.397970, Lon: 8.546164, Alt: 0.01m
22:21:58 [POS] Lat: 47.397970, Lon: 8.546164, Alt: 0.01m
22:21:58 [POS] Lat: 47.397970, Lon: 8.546164, Alt: 0.01m
22:21:58 [POS] Lat: 47.397970, Lon: 8.546164, Alt: 0.01m
22:21:58 [POS] Lat: 47.397970, Lon: 8.546164, Alt: 0.01m
22:21:58 [POS] Lat: 47.397970, Lon: 8.546164, Alt: 0.01m
22:21:58 [POS] Lat: 47.397970, Lon: 8.546164, Alt: 0.02m
22:21:58 [POS] Lat: 47.397970, Lon: 8.546164, Alt: 0.02m
22:21:58 [POS] Lat: 47.397970, Lon: 8.546164, Alt: 0.02m
22:21:58 [POS] Lat: 47.397970, Lon: 8.546164, Alt: 0.02m
22:21:58 [POS] Lat: 47.397970, Lon: 8.546164, Alt: 0.03m
22:21:58 [POS] Lat: 47.397970, Lon: 8.546164, Alt: 0.03m
22:21:58 [POS] Lat: 47.397970, Lon: 8.546164, Alt: 0.03m
22:21:58 [POS] Lat: 47.397970, Lon: 8.546164, Alt: 0.03m
22:21:58 [POS] Lat: 47.397970, Lon: 8.546164, Alt: 0.04m
22:21:58 [POS] Lat: 47.397970, Lon: 8.546164, Alt: 0.04m
22:21:58 [POS] Lat: 47.397970, Lon: 8.546164, Alt: 0.04m
22:21:58 [POS] Lat: 47.397970, Lon: 8.546164, Alt: 0.04m
22:21:58 [POS] Lat: 47.397970, Lon: 8.546164, Alt: 0.05m
22:21:58 [POS] Lat: 47.397970, Lon: 8.546164, Alt: 0.05m
22:21:58 [POS] Lat: 47.397970, Lon: 8.546164, Alt: 0.05m
22:21:58 [POS] Lat: 47.397970, Lon: 8.546164, Alt: 0.05m
22:21:58 [POS] Lat: 47.397970, Lon: 8.546164, Alt: 0.05m
22:21:58 [POS] Lat: 47.397970, Lon: 8.546164, Alt: 0.05m
22:21:58 [POS] Lat: 47.397970, Lon: 8.546164, Alt: 0.06m
22:21:58 [POS] Lat: 47.397970, Lon: 8.546164, Alt: 0.06m
22:21:58 [POS] Lat: 47.397970, Lon: 8.546164, Alt: 0.06m
22:21:58 [POS] Lat: 47.397970, Lon: 8.546164, Alt: 0.06m
22:21:58 [POS] Lat: 47.397970, Lon: 8.546164, Alt: 0.06m
22:21:58 [POS] Lat: 47.397970, Lon: 8.546164, Alt: 0.06m
22:21:58 [POS] Lat: 47.397970, Lon: 8.546164, Alt: 0.07m
22:21:58 [POS] Lat: 47.397970, Lon: 8.546164, Alt: 0.07m
22:21:59 [POS] Lat: 47.397970, Lon: 8.546164, Alt: 0.06m
22:21:59 [POS] Lat: 47.397970, Lon: 8.546164, Alt: 0.06m
22:21:59 [POS] Lat: 47.397970, Lon: 8.546164, Alt: 0.06m
22:21:59 [POS] Lat: 47.397970, Lon: 8.546164, Alt: 0.06m
22:21:59 [POS] Lat: 47.397970, Lon: 8.546164, Alt: 0.06m
22:21:59 [POS] Lat: 47.397970, Lon: 8.546164, Alt: 0.06m
22:21:59 [BAT] Percentage: 100, Voltage: 16.20V
22:21:59 [POS] Lat: 47.397971, Lon: 8.546164, Alt: 0.06m
22:21:59 [POS] Lat: 47.397971, Lon: 8.546164, Alt: 0.06m
22:21:59 [POS] Lat: 47.397971, Lon: 8.546164, Alt: 0.06m
22:21:59 [POS] Lat: 47.397971, Lon: 8.546164, Alt: 0.06m
22:21:59 [POS] Lat: 47.397971, Lon: 8.546164, Alt: 0.06m
22:21:59 [POS] Lat: 47.397971, Lon: 8.546164, Alt: 0.06m
22:21:59 [POS] Lat: 47.397971, Lon: 8.546164, Alt: 0.06m
22:21:59 [POS] Lat: 47.397971, Lon: 8.546164, Alt: 0.05m
22:21:59 [POS] Lat: 47.397971, Lon: 8.546164, Alt: 0.05m
22:21:59 [POS] Lat: 47.397971, Lon: 8.546164, Alt: 0.05m
22:21:59 [POS] Lat: 47.397971, Lon: 8.546164, Alt: 0.05m
22:21:59 [POS] Lat: 47.397971, Lon: 8.546164, Alt: 0.05m
22:21:59 [POS] Lat: 47.397971, Lon: 8.546164, Alt: 0.05m
22:21:59 [POS] Lat: 47.397971, Lon: 8.546164, Alt: 0.05m
22:21:59 [POS] Lat: 47.397971, Lon: 8.546164, Alt: 0.05m
22:21:59 [POS] Lat: 47.397971, Lon: 8.546164, Alt: 0.05m
22:21:59 [POS] Lat: 47.397971, Lon: 8.546164, Alt: 0.05m
22:21:59 [POS] Lat: 47.397971, Lon: 8.546164, Alt: 0.05m
22:21:59 [POS] Lat: 47.397971, Lon: 8.546164, Alt: 0.05m
22:21:59 [POS] Lat: 47.397971, Lon: 8.546164, Alt: 0.04m
22:21:59 [POS] Lat: 47.397971, Lon: 8.546164, Alt: 0.04m
22:21:59 [POS] Lat: 47.397971, Lon: 8.546164, Alt: 0.04m
22:21:59 [POS] Lat: 47.397971, Lon: 8.546164, Alt: 0.04m
22:21:59 [POS] Lat: 47.397971, Lon: 8.546164, Alt: 0.04m
22:21:59 [POS] Lat: 47.397971, Lon: 8.546164, Alt: 0.04m
22:21:59 [POS] Lat: 47.397971, Lon: 8.546164, Alt: 0.04m
22:21:59 [POS] Lat: 47.397971, Lon: 8.546164, Alt: 0.04m
22:21:59 [POS] Lat: 47.397971, Lon: 8.546164, Alt: 0.03m
22:21:59 [POS] Lat: 47.397971, Lon: 8.546164, Alt: 0.03m
22:21:59 [POS] Lat: 47.397971, Lon: 8.546164, Alt: 0.03m
22:21:59 [POS] Lat: 47.397971, Lon: 8.546164, Alt: 0.03m
22:21:59 [POS] Lat: 47.397971, Lon: 8.546164, Alt: 0.03m
22:21:59 [POS] Lat: 47.397971, Lon: 8.546164, Alt: 0.03m
22:21:59 [POS] Lat: 47.397971, Lon: 8.546164, Alt: 0.03m
22:21:59 [POS] Lat: 47.397971, Lon: 8.546164, Alt: 0.03m
22:21:59 [POS] Lat: 47.397971, Lon: 8.546164, Alt: 0.03m
22:21:59 [POS] Lat: 47.397971, Lon: 8.546164, Alt: 0.03m
22:21:59 [POS] Lat: 47.397971, Lon: 8.546164, Alt: 0.03m
22:21:59 [POS] Lat: 47.397971, Lon: 8.546164, Alt: 0.03m
22:21:59 [POS] Lat: 47.397971, Lon: 8.546164, Alt: 0.03m
22:21:59 [POS] Lat: 47.397971, Lon: 8.546164, Alt: 0.03m
22:21:59 [POS] Lat: 47.397971, Lon: 8.546164, Alt: 0.03m
22:21:59 [POS] Lat: 47.397971, Lon: 8.546164, Alt: 0.03m
22:22:00 [POS] Lat: 47.397971, Lon: 8.546164, Alt: 0.03m
22:22:00 [POS] Lat: 47.397971, Lon: 8.546164, Alt: 0.03m
22:22:00 [POS] Lat: 47.397971, Lon: 8.546164, Alt: 0.03m
22:22:00 [POS] Lat: 47.397971, Lon: 8.546164, Alt: 0.03m
22:22:00 [POS] Lat: 47.397971, Lon: 8.546164, Alt: 0.03m
22:22:00 [POS] Lat: 47.397971, Lon: 8.546164, Alt: 0.04m
22:22:00 [POS] Lat: 47.397971, Lon: 8.546164, Alt: 0.04m
22:22:00 [POS] Lat: 47.397971, Lon: 8.546164, Alt: 0.04m
22:22:00 [POS] Lat: 47.397971, Lon: 8.546164, Alt: 0.04m
22:22:00 [POS] Lat: 47.397971, Lon: 8.546164, Alt: 0.04m
22:22:00 [POS] Lat: 47.397971, Lon: 8.546164, Alt: 0.04m
22:22:00 [POS] Lat: 47.397971, Lon: 8.546164, Alt: 0.04m
22:22:00 [POS] Lat: 47.397971, Lon: 8.546164, Alt: 0.04m
22:22:00 [POS] Lat: 47.397971, Lon: 8.546164, Alt: 0.04m
22:22:00 [POS] Lat: 47.397971, Lon: 8.546164, Alt: 0.04m
22:22:00 [POS] Lat: 47.397971, Lon: 8.546164, Alt: 0.04m
22:22:00 [POS] Lat: 47.397971, Lon: 8.546164, Alt: 0.05m
22:22:00 [POS] Lat: 47.397971, Lon: 8.546164, Alt: 0.05m
22:22:00 [POS] Lat: 47.397971, Lon: 8.546164, Alt: 0.05m
22:22:00 [POS] Lat: 47.397971, Lon: 8.546164, Alt: 0.05m
22:22:00 [POS] Lat: 47.397971, Lon: 8.546164, Alt: 0.05m
22:22:00 [POS] Lat: 47.397971, Lon: 8.546164, Alt: 0.05m
22:22:00 [POS] Lat: 47.397971, Lon: 8.546164, Alt: 0.05m
22:22:00 [POS] Lat: 47.397971, Lon: 8.546164, Alt: 0.06m
22:22:00 [POS] Lat: 47.397971, Lon: 8.546164, Alt: 0.06m
22:22:00 [POS] Lat: 47.397971, Lon: 8.546164, Alt: 0.06m
22:22:00 [POS] Lat: 47.397971, Lon: 8.546164, Alt: 0.06m
22:22:00 [POS] Lat: 47.397971, Lon: 8.546164, Alt: 0.06m
22:22:00 [POS] Lat: 47.397971, Lon: 8.546164, Alt: 0.06m
22:22:00 [POS] Lat: 47.397971, Lon: 8.546164, Alt: 0.06m
22:22:00 [POS] Lat: 47.397971, Lon: 8.546164, Alt: 0.07m
22:22:00 [POS] Lat: 47.397971, Lon: 8.546164, Alt: 0.07m
22:22:00 [POS] Lat: 47.397971, Lon: 8.546164, Alt: 0.07m
22:22:00 [POS] Lat: 47.397971, Lon: 8.546164, Alt: 0.07m
22:22:00 [POS] Lat: 47.397971, Lon: 8.546164, Alt: 0.08m
22:22:00 [POS] Lat: 47.397971, Lon: 8.546164, Alt: 0.08m
22:22:00 [POS] Lat: 47.397971, Lon: 8.546164, Alt: 0.08m
22:22:00 [POS] Lat: 47.397971, Lon: 8.546164, Alt: 0.09m
22:22:00 [POS] Lat: 47.397971, Lon: 8.546164, Alt: 0.09m
22:22:00 [POS] Lat: 47.397971, Lon: 8.546164, Alt: 0.09m
22:22:00 [POS] Lat: 47.397971, Lon: 8.546164, Alt: 0.09m
22:22:00 [POS] Lat: 47.397971, Lon: 8.546164, Alt: 0.10m
22:22:00 [POS] Lat: 47.397971, Lon: 8.546164, Alt: 0.10m
22:22:00 [POS] Lat: 47.397971, Lon: 8.546164, Alt: 0.10m
22:22:00 [POS] Lat: 47.397971, Lon: 8.546164, Alt: 0.10m
22:22:00 [POS] Lat: 47.397971, Lon: 8.546164, Alt: 0.11m
22:22:00 [POS] Lat: 47.397971, Lon: 8.546164, Alt: 0.11m
22:22:00 [POS] Lat: 47.397971, Lon: 8.546164, Alt: 0.11m
22:22:00 [POS] Lat: 47.397971, Lon: 8.546164, Alt: 0.11m
22:22:00 [POS] Lat: 47.397971, Lon: 8.546164, Alt: 0.12m
22:22:01 [POS] Lat: 47.397971, Lon: 8.546164, Alt: 0.12m
22:22:01 [POS] Lat: 47.397971, Lon: 8.546164, Alt: 0.12m
22:22:01 [POS] Lat: 47.397971, Lon: 8.546164, Alt: 0.12m
22:22:01 [POS] Lat: 47.397971, Lon: 8.546164, Alt: 0.12m
22:22:01 [POS] Lat: 47.397971, Lon: 8.546164, Alt: 0.13m
22:22:01 [POS] Lat: 47.397970, Lon: 8.546164, Alt: 0.13m
22:22:01 [POS] Lat: 47.397970, Lon: 8.546164, Alt: 0.13m
22:22:01 [BAT] Percentage: 100, Voltage: 16.20V
22:22:01 [POS] Lat: 47.397970, Lon: 8.546164, Alt: 0.13m
22:22:01 [POS] Lat: 47.397970, Lon: 8.546164, Alt: 0.13m
22:22:01 [POS] Lat: 47.397970, Lon: 8.546164, Alt: 0.13m
22:22:01 [POS] Lat: 47.397970, Lon: 8.546164, Alt: 0.13m
22:22:01 [POS] Lat: 47.397970, Lon: 8.546164, Alt: 0.13m
22:22:01 [POS] Lat: 47.397970, Lon: 8.546164, Alt: 0.13m
22:22:01 [POS] Lat: 47.397970, Lon: 8.546164, Alt: 0.13m
22:22:01 [POS] Lat: 47.397970, Lon: 8.546164, Alt: 0.13m
22:22:01 [POS] Lat: 47.397970, Lon: 8.546164, Alt: 0.13m
22:22:01 [POS] Lat: 47.397970, Lon: 8.546164, Alt: 0.13m
22:22:01 [POS] Lat: 47.397970, Lon: 8.546164, Alt: 0.14m
22:22:01 [POS] Lat: 47.397970, Lon: 8.546164, Alt: 0.14m
22:22:01 [POS] Lat: 47.397970, Lon: 8.546164, Alt: 0.14m
22:22:01 [POS] Lat: 47.397970, Lon: 8.546164, Alt: 0.14m
22:22:01 [POS] Lat: 47.397970, Lon: 8.546164, Alt: 0.14m
22:22:01 [POS] Lat: 47.397970, Lon: 8.546164, Alt: 0.14m
22:22:01 [POS] Lat: 47.397970, Lon: 8.546164, Alt: 0.15m
22:22:01 [POS] Lat: 47.397970, Lon: 8.546164, Alt: 0.15m
22:22:01 [POS] Lat: 47.397970, Lon: 8.546164, Alt: 0.15m
22:22:01 [POS] Lat: 47.397970, Lon: 8.546164, Alt: 0.15m
22:22:01 [POS] Lat: 47.397970, Lon: 8.546164, Alt: 0.16m
22:22:01 [POS] Lat: 47.397970, Lon: 8.546164, Alt: 0.16m
22:22:01 [POS] Lat: 47.397970, Lon: 8.546164, Alt: 0.16m
22:22:01 [POS] Lat: 47.397970, Lon: 8.546164, Alt: 0.16m
22:22:01 [POS] Lat: 47.397970, Lon: 8.546164, Alt: 0.17m
22:22:01 [POS] Lat: 47.397970, Lon: 8.546164, Alt: 0.17m
22:22:01 [POS] Lat: 47.397970, Lon: 8.546164, Alt: 0.17m
22:22:01 [POS] Lat: 47.397970, Lon: 8.546164, Alt: 0.18m
22:22:01 [POS] Lat: 47.397970, Lon: 8.546164, Alt: 0.18m
22:22:01 [POS] Lat: 47.397970, Lon: 8.546164, Alt: 0.18m
22:22:01 [POS] Lat: 47.397970, Lon: 8.546164, Alt: 0.19m
22:22:01 [POS] Lat: 47.397970, Lon: 8.546164, Alt: 0.19m
22:22:01 [POS] Lat: 47.397970, Lon: 8.546164, Alt: 0.19m
22:22:01 [POS] Lat: 47.397970, Lon: 8.546164, Alt: 0.19m
22:22:01 [POS] Lat: 47.397970, Lon: 8.546164, Alt: 0.19m
22:22:01 [POS] Lat: 47.397970, Lon: 8.546164, Alt: 0.19m
22:22:01 [POS] Lat: 47.397970, Lon: 8.546164, Alt: 0.20m
22:22:01 [POS] Lat: 47.397970, Lon: 8.546164, Alt: 0.20m
22:22:01 [POS] Lat: 47.397970, Lon: 8.546164, Alt: 0.20m
22:22:01 [POS] Lat: 47.397970, Lon: 8.546164, Alt: 0.20m
22:22:01 [POS] Lat: 47.397970, Lon: 8.546164, Alt: 0.20m
22:22:01 [POS] Lat: 47.397970, Lon: 8.546164, Alt: 0.20m
22:22:02 [POS] Lat: 47.397970, Lon: 8.546164, Alt: 0.20m
22:22:02 [POS] Lat: 47.397970, Lon: 8.546164, Alt: 0.20m
22:22:02 [POS] Lat: 47.397970, Lon: 8.546164, Alt: 0.20m
22:22:02 [POS] Lat: 47.397970, Lon: 8.546164, Alt: 0.20m
22:22:02 [POS] Lat: 47.397970, Lon: 8.546164, Alt: 0.20m
22:22:02 [POS] Lat: 47.397970, Lon: 8.546164, Alt: 0.20m
22:22:02 [POS] Lat: 47.397970, Lon: 8.546164, Alt: 0.20m
22:22:02 [POS] Lat: 47.397970, Lon: 8.546164, Alt: 0.19m
22:22:02 [POS] Lat: 47.397970, Lon: 8.546164, Alt: 0.19m
22:22:02 [POS] Lat: 47.397970, Lon: 8.546164, Alt: 0.19m
22:22:02 [POS] Lat: 47.397970, Lon: 8.546164, Alt: 0.19m
22:22:02 [POS] Lat: 47.397970, Lon: 8.546164, Alt: 0.19m
22:22:02 [POS] Lat: 47.397970, Lon: 8.546164, Alt: 0.19m
22:22:02 [POS] Lat: 47.397970, Lon: 8.546164, Alt: 0.18m
22:22:02 [POS] Lat: 47.397970, Lon: 8.546164, Alt: 0.18m
22:22:02 [POS] Lat: 47.397970, Lon: 8.546164, Alt: 0.18m
22:22:02 [POS] Lat: 47.397970, Lon: 8.546164, Alt: 0.17m
22:22:02 [POS] Lat: 47.397970, Lon: 8.546164, Alt: 0.17m
22:22:02 [POS] Lat: 47.397970, Lon: 8.546164, Alt: 0.17m
22:22:02 [POS] Lat: 47.397970, Lon: 8.546164, Alt: 0.17m
22:22:02 [POS] Lat: 47.397970, Lon: 8.546164, Alt: 0.17m
22:22:02 [POS] Lat: 47.397970, Lon: 8.546164, Alt: 0.16m
22:22:02 [POS] Lat: 47.397970, Lon: 8.546164, Alt: 0.16m
22:22:02 [POS] Lat: 47.397970, Lon: 8.546164, Alt: 0.16m
22:22:02 [POS] Lat: 47.397970, Lon: 8.546164, Alt: 0.16m
22:22:02 [POS] Lat: 47.397970, Lon: 8.546164, Alt: 0.16m
22:22:02 [POS] Lat: 47.397970, Lon: 8.546164, Alt: 0.16m
22:22:02 [POS] Lat: 47.397970, Lon: 8.546164, Alt: 0.16m
22:22:02 [POS] Lat: 47.397970, Lon: 8.546164, Alt: 0.15m
22:22:02 [POS] Lat: 47.397970, Lon: 8.546164, Alt: 0.15m
22:22:02 [POS] Lat: 47.397970, Lon: 8.546164, Alt: 0.15m
22:22:02 [POS] Lat: 47.397970, Lon: 8.546164, Alt: 0.15m
22:22:02 [POS] Lat: 47.397970, Lon: 8.546164, Alt: 0.15m
22:22:02 [POS] Lat: 47.397970, Lon: 8.546164, Alt: 0.15m
22:22:02 [POS] Lat: 47.397970, Lon: 8.546164, Alt: 0.15m
22:22:02 [POS] Lat: 47.397970, Lon: 8.546164, Alt: 0.15m
22:22:02 [POS] Lat: 47.397970, Lon: 8.546164, Alt: 0.15m
22:22:02 [POS] Lat: 47.397970, Lon: 8.546164, Alt: 0.15m
22:22:02 [POS] Lat: 47.397970, Lon: 8.546164, Alt: 0.15m
22:22:02 [POS] Lat: 47.397970, Lon: 8.546164, Alt: 0.15m
22:22:02 [POS] Lat: 47.397970, Lon: 8.546164, Alt: 0.15m
22:22:02 [POS] Lat: 47.397970, Lon: 8.546164, Alt: 0.15m
22:22:02 [POS] Lat: 47.397970, Lon: 8.546164, Alt: 0.14m
22:22:02 [POS] Lat: 47.397970, Lon: 8.546164, Alt: 0.14m
22:22:02 [POS] Lat: 47.397970, Lon: 8.546164, Alt: 0.14m
22:22:02 [POS] Lat: 47.397970, Lon: 8.546164, Alt: 0.14m
22:22:02 [POS] Lat: 47.397970, Lon: 8.546164, Alt: 0.14m
22:22:02 [POS] Lat: 47.397970, Lon: 8.546164, Alt: 0.14m
22:22:02 [POS] Lat: 47.397970, Lon: 8.546164, Alt: 0.14m
22:22:02 [POS] Lat: 47.397970, Lon: 8.546164, Alt: 0.14m
22:22:03 [POS] Lat: 47.397970, Lon: 8.546164, Alt: 0.14m
22:22:03 [POS] Lat: 47.397970, Lon: 8.546164, Alt: 0.13m
22:22:03 [POS] Lat: 47.397970, Lon: 8.546164, Alt: 0.13m
22:22:03 [POS] Lat: 47.397970, Lon: 8.546164, Alt: 0.13m
22:22:03 [POS] Lat: 47.397970, Lon: 8.546164, Alt: 0.13m
22:22:03 [POS] Lat: 47.397970, Lon: 8.546164, Alt: 0.12m
22:22:03 [POS] Lat: 47.397970, Lon: 8.546164, Alt: 0.12m
22:22:03 [POS] Lat: 47.397970, Lon: 8.546164, Alt: 0.12m
22:22:03 [BAT] Percentage: 100, Voltage: 16.20V
22:22:03 [POS] Lat: 47.397970, Lon: 8.546164, Alt: 0.12m
22:22:03 [POS] Lat: 47.397970, Lon: 8.546164, Alt: 0.12m
22:22:03 [POS] Lat: 47.397970, Lon: 8.546164, Alt: 0.12m
22:22:03 [POS] Lat: 47.397970, Lon: 8.546164, Alt: 0.12m
22:22:03 [POS] Lat: 47.397970, Lon: 8.546164, Alt: 0.12m
22:22:03 [POS] Lat: 47.397970, Lon: 8.546164, Alt: 0.12m
22:22:03 [POS] Lat: 47.397970, Lon: 8.546164, Alt: 0.12m
22:22:03 [POS] Lat: 47.397970, Lon: 8.546164, Alt: 0.12m
22:22:03 [POS] Lat: 47.397970, Lon: 8.546164, Alt: 0.12m
22:22:03 [POS] Lat: 47.397970, Lon: 8.546164, Alt: 0.12m
22:22:03 [POS] Lat: 47.397970, Lon: 8.546164, Alt: 0.13m
22:22:03 [POS] Lat: 47.397970, Lon: 8.546164, Alt: 0.13m
22:22:03 [POS] Lat: 47.397970, Lon: 8.546164, Alt: 0.12m
22:22:03 [POS] Lat: 47.397970, Lon: 8.546164, Alt: 0.12m
22:22:03 [POS] Lat: 47.397970, Lon: 8.546164, Alt: 0.12m
22:22:03 [POS] Lat: 47.397970, Lon: 8.546164, Alt: 0.12m
22:22:03 [POS] Lat: 47.397970, Lon: 8.546164, Alt: 0.12m
22:22:03 [POS] Lat: 47.397970, Lon: 8.546164, Alt: 0.12m
22:22:03 [POS] Lat: 47.397970, Lon: 8.546164, Alt: 0.12m
22:22:03 [POS] Lat: 47.397970, Lon: 8.546164, Alt: 0.12m
22:22:03 [POS] Lat: 47.397970, Lon: 8.546164, Alt: 0.11m
22:22:03 [POS] Lat: 47.397970, Lon: 8.546164, Alt: 0.11m
22:22:03 [POS] Lat: 47.397970, Lon: 8.546164, Alt: 0.11m
22:22:03 [POS] Lat: 47.397970, Lon: 8.546164, Alt: 0.11m
22:22:03 [POS] Lat: 47.397970, Lon: 8.546164, Alt: 0.11m
22:22:03 [POS] Lat: 47.397970, Lon: 8.546164, Alt: 0.11m
22:22:03 [POS] Lat: 47.397970, Lon: 8.546164, Alt: 0.11m
22:22:03 [POS] Lat: 47.397970, Lon: 8.546164, Alt: 0.10m
22:22:03 [POS] Lat: 47.397970, Lon: 8.546164, Alt: 0.10m
22:22:03 [POS] Lat: 47.397970, Lon: 8.546164, Alt: 0.10m
22:22:03 [POS] Lat: 47.397970, Lon: 8.546164, Alt: 0.10m
22:22:03 [POS] Lat: 47.397970, Lon: 8.546164, Alt: 0.10m
22:22:03 [POS] Lat: 47.397970, Lon: 8.546164, Alt: 0.10m
22:22:03 [POS] Lat: 47.397970, Lon: 8.546164, Alt: 0.10m
22:22:03 [POS] Lat: 47.397970, Lon: 8.546164, Alt: 0.10m
22:22:03 [POS] Lat: 47.397970, Lon: 8.546164, Alt: 0.10m
22:22:03 [POS] Lat: 47.397970, Lon: 8.546164, Alt: 0.10m
22:22:03 [POS] Lat: 47.397970, Lon: 8.546164, Alt: 0.10m
22:22:03 [POS] Lat: 47.397970, Lon: 8.546164, Alt: 0.10m
22:22:03 [POS] Lat: 47.397970, Lon: 8.546164, Alt: 0.10m
22:22:03 [POS] Lat: 47.397970, Lon: 8.546164, Alt: 0.10m
22:22:04 [POS] Lat: 47.397970, Lon: 8.546164, Alt: 0.10m
22:22:04 [POS] Lat: 47.397970, Lon: 8.546164, Alt: 0.10m
22:22:04 [POS] Lat: 47.397970, Lon: 8.546164, Alt: 0.10m
22:22:04 [POS] Lat: 47.397970, Lon: 8.546164, Alt: 0.09m
22:22:04 [POS] Lat: 47.397970, Lon: 8.546164, Alt: 0.09m
22:22:04 [POS] Lat: 47.397970, Lon: 8.546164, Alt: 0.09m
22:22:04 [POS] Lat: 47.397970, Lon: 8.546164, Alt: 0.09m
22:22:04 [POS] Lat: 47.397970, Lon: 8.546164, Alt: 0.09m
22:22:04 [POS] Lat: 47.397970, Lon: 8.546164, Alt: 0.09m
22:22:04 [POS] Lat: 47.397970, Lon: 8.546164, Alt: 0.09m
22:22:04 [POS] Lat: 47.397970, Lon: 8.546164, Alt: 0.09m
22:22:04 [POS] Lat: 47.397970, Lon: 8.546164, Alt: 0.09m
22:22:04 [POS] Lat: 47.397970, Lon: 8.546164, Alt: 0.09m
22:22:04 [POS] Lat: 47.397970, Lon: 8.546164, Alt: 0.09m
22:22:04 [POS] Lat: 47.397970, Lon: 8.546164, Alt: 0.09m
22:22:04 [POS] Lat: 47.397970, Lon: 8.546164, Alt: 0.09m
22:22:04 [POS] Lat: 47.397970, Lon: 8.546164, Alt: 0.09m
22:22:04 [POS] Lat: 47.397970, Lon: 8.546164, Alt: 0.09m
22:22:04 [POS] Lat: 47.397970, Lon: 8.546164, Alt: 0.09m
22:22:04 [POS] Lat: 47.397970, Lon: 8.546164, Alt: 0.09m
22:22:04 [POS] Lat: 47.397970, Lon: 8.546164, Alt: 0.09m
22:22:04 [POS] Lat: 47.397970, Lon: 8.546164, Alt: 0.09m
22:22:04 [POS] Lat: 47.397970, Lon: 8.546164, Alt: 0.09m
22:22:04 [POS] Lat: 47.397970, Lon: 8.546164, Alt: 0.09m
22:22:04 [POS] Lat: 47.397970, Lon: 8.546164, Alt: 0.09m
22:22:04 [POS] Lat: 47.397970, Lon: 8.546164, Alt: 0.09m
22:22:04 [POS] Lat: 47.397970, Lon: 8.546164, Alt: 0.09m
22:22:04 [POS] Lat: 47.397970, Lon: 8.546164, Alt: 0.09m
22:22:04 [POS] Lat: 47.397970, Lon: 8.546164, Alt: 0.09m
22:22:04 [POS] Lat: 47.397970, Lon: 8.546164, Alt: 0.09m
22:22:04 [POS] Lat: 47.397970, Lon: 8.546164, Alt: 0.09m
22:22:04 [POS] Lat: 47.397970, Lon: 8.546164, Alt: 0.09m
22:22:04 [POS] Lat: 47.397970, Lon: 8.546164, Alt: 0.09m
22:22:04 [POS] Lat: 47.397970, Lon: 8.546164, Alt: 0.09m
22:22:04 [POS] Lat: 47.397970, Lon: 8.546164, Alt: 0.09m
22:22:04 [POS] Lat: 47.397970, Lon: 8.546164, Alt: 0.09m
22:22:04 [POS] Lat: 47.397970, Lon: 8.546164, Alt: 0.09m
22:22:04 [POS] Lat: 47.397970, Lon: 8.546164, Alt: 0.09m
22:22:04 [POS] Lat: 47.397970, Lon: 8.546164, Alt: 0.09m
22:22:04 [POS] Lat: 47.397970, Lon: 8.546164, Alt: 0.09m
22:22:04 [POS] Lat: 47.397970, Lon: 8.546164, Alt: 0.09m
22:22:04 [POS] Lat: 47.397970, Lon: 8.546164, Alt: 0.09m
22:22:04 [POS] Lat: 47.397970, Lon: 8.546164, Alt: 0.09m
22:22:04 [POS] Lat: 47.397970, Lon: 8.546164, Alt: 0.09m
22:22:04 [POS] Lat: 47.397970, Lon: 8.546164, Alt: 0.09m
22:22:04 [POS] Lat: 47.397970, Lon: 8.546164, Alt: 0.08m
22:22:04 [POS] Lat: 47.397970, Lon: 8.546164, Alt: 0.08m
22:22:04 [POS] Lat: 47.397970, Lon: 8.546164, Alt: 0.08m
22:22:04 [POS] Lat: 47.397970, Lon: 8.546164, Alt: 0.08m
22:22:04 [POS] Lat: 47.397970, Lon: 8.546164, Alt: 0.08m
22:22:05 [POS] Lat: 47.397970, Lon: 8.546164, Alt: 0.08m
22:22:05 [POS] Lat: 47.397970, Lon: 8.546164, Alt: 0.08m
22:22:05 [POS] Lat: 47.397970, Lon: 8.546164, Alt: 0.08m
22:22:05 [POS] Lat: 47.397970, Lon: 8.546164, Alt: 0.08m
22:22:05 [POS] Lat: 47.397970, Lon: 8.546164, Alt: 0.08m
22:22:05 [POS] Lat: 47.397970, Lon: 8.546164, Alt: 0.08m
22:22:05 [POS] Lat: 47.397970, Lon: 8.546164, Alt: 0.07m
22:22:05 [POS] Lat: 47.397970, Lon: 8.546164, Alt: 0.07m
22:22:05 [POS] Lat: 47.397970, Lon: 8.546164, Alt: 0.07m
22:22:05 [BAT] Percentage: 100, Voltage: 16.20V
22:22:05 [POS] Lat: 47.397970, Lon: 8.546164, Alt: 0.07m
22:22:05 [POS] Lat: 47.397970, Lon: 8.546164, Alt: 0.07m
22:22:05 [POS] Lat: 47.397970, Lon: 8.546164, Alt: 0.07m
22:22:05 [POS] Lat: 47.397970, Lon: 8.546164, Alt: 0.07m
22:22:05 [POS] Lat: 47.397970, Lon: 8.546164, Alt: 0.07m
22:22:05 [POS] Lat: 47.397970, Lon: 8.546164, Alt: 0.07m
22:22:05 [POS] Lat: 47.397970, Lon: 8.546164, Alt: 0.07m
22:22:05 [POS] Lat: 47.397970, Lon: 8.546164, Alt: 0.07m
22:22:05 [POS] Lat: 47.397970, Lon: 8.546164, Alt: 0.07m
22:22:05 [POS] Lat: 47.397970, Lon: 8.546164, Alt: 0.07m
22:22:05 [POS] Lat: 47.397970, Lon: 8.546164, Alt: 0.07m
22:22:05 [POS] Lat: 47.397970, Lon: 8.546164, Alt: 0.07m
22:22:05 [POS] Lat: 47.397970, Lon: 8.546164, Alt: 0.07m
22:22:05 [POS] Lat: 47.397970, Lon: 8.546164, Alt: 0.07m
22:22:05 [POS] Lat: 47.397970, Lon: 8.546164, Alt: 0.07m
22:22:05 [POS] Lat: 47.397970, Lon: 8.546164, Alt: 0.07m
22:22:05 [POS] Lat: 47.397970, Lon: 8.546164, Alt: 0.07m
22:22:05 [POS] Lat: 47.397970, Lon: 8.546164, Alt: 0.07m
22:22:05 [POS] Lat: 47.397970, Lon: 8.546164, Alt: 0.07m
22:22:05 [POS] Lat: 47.397970, Lon: 8.546164, Alt: 0.07m
22:22:05 [POS] Lat: 47.397970, Lon: 8.546164, Alt: 0.07m
22:22:05 [POS] Lat: 47.397970, Lon: 8.546164, Alt: 0.06m
22:22:05 [POS] Lat: 47.397970, Lon: 8.546164, Alt: 0.06m
22:22:05 [POS] Lat: 47.397970, Lon: 8.546164, Alt: 0.06m
22:22:05 [POS] Lat: 47.397970, Lon: 8.546164, Alt: 0.06m
22:22:05 [POS] Lat: 47.397970, Lon: 8.546164, Alt: 0.06m
22:22:05 [POS] Lat: 47.397970, Lon: 8.546164, Alt: 0.06m
22:22:05 [POS] Lat: 47.397970, Lon: 8.546164, Alt: 0.06m
22:22:05 [POS] Lat: 47.397970, Lon: 8.546164, Alt: 0.05m
22:22:05 [POS] Lat: 47.397970, Lon: 8.546164, Alt: 0.05m
22:22:05 [POS] Lat: 47.397970, Lon: 8.546164, Alt: 0.05m
22:22:05 [POS] Lat: 47.397970, Lon: 8.546164, Alt: 0.05m
22:22:05 [POS] Lat: 47.397970, Lon: 8.546164, Alt: 0.04m
22:22:05 [POS] Lat: 47.397970, Lon: 8.546164, Alt: 0.04m
22:22:05 [POS] Lat: 47.397970, Lon: 8.546164, Alt: 0.04m
22:22:05 [POS] Lat: 47.397970, Lon: 8.546164, Alt: 0.04m
22:22:05 [POS] Lat: 47.397970, Lon: 8.546164, Alt: 0.04m
22:22:05 [POS] Lat: 47.397970, Lon: 8.546164, Alt: 0.04m
22:22:05 [POS] Lat: 47.397970, Lon: 8.546164, Alt: 0.04m
22:22:05 [POS] Lat: 47.397970, Lon: 8.546164, Alt: 0.04m
22:22:06 [POS] Lat: 47.397970, Lon: 8.546164, Alt: 0.04m
22:22:06 [POS] Lat: 47.397970, Lon: 8.546164, Alt: 0.04m
22:22:06 [POS] Lat: 47.397970, Lon: 8.546164, Alt: 0.04m
22:22:06 [POS] Lat: 47.397970, Lon: 8.546164, Alt: 0.04m
22:22:06 [POS] Lat: 47.397970, Lon: 8.546164, Alt: 0.04m
22:22:06 [POS] Lat: 47.397970, Lon: 8.546164, Alt: 0.04m
22:22:06 [POS] Lat: 47.397970, Lon: 8.546164, Alt: 0.04m
22:22:06 [POS] Lat: 47.397970, Lon: 8.546164, Alt: 0.04m
22:22:06 [POS] Lat: 47.397970, Lon: 8.546164, Alt: 0.04m
22:22:06 [POS] Lat: 47.397970, Lon: 8.546164, Alt: 0.04m
22:22:06 [POS] Lat: 47.397970, Lon: 8.546164, Alt: 0.04m
22:22:06 [POS] Lat: 47.397970, Lon: 8.546164, Alt: 0.04m
22:22:06 [POS] Lat: 47.397970, Lon: 8.546164, Alt: 0.04m
22:22:06 [POS] Lat: 47.397970, Lon: 8.546164, Alt: 0.04m
22:22:06 [POS] Lat: 47.397970, Lon: 8.546164, Alt: 0.04m
22:22:06 [POS] Lat: 47.397970, Lon: 8.546164, Alt: 0.04m
22:22:06 [POS] Lat: 47.397970, Lon: 8.546164, Alt: 0.04m
22:22:06 [POS] Lat: 47.397970, Lon: 8.546164, Alt: 0.04m
22:22:06 [POS] Lat: 47.397970, Lon: 8.546164, Alt: 0.05m
22:22:06 [POS] Lat: 47.397970, Lon: 8.546164, Alt: 0.05m
22:22:06 [POS] Lat: 47.397970, Lon: 8.546164, Alt: 0.05m
22:22:06 [POS] Lat: 47.397970, Lon: 8.546164, Alt: 0.05m
22:22:06 [POS] Lat: 47.397970, Lon: 8.546164, Alt: 0.05m
22:22:06 [POS] Lat: 47.397970, Lon: 8.546164, Alt: 0.05m
22:22:06 [POS] Lat: 47.397970, Lon: 8.546164, Alt: 0.05m
22:22:06 [POS] Lat: 47.397970, Lon: 8.546164, Alt: 0.05m
22:22:06 [POS] Lat: 47.397970, Lon: 8.546164, Alt: 0.05m
22:22:06 [POS] Lat: 47.397970, Lon: 8.546164, Alt: 0.05m
22:22:06 [POS] Lat: 47.397970, Lon: 8.546164, Alt: 0.05m
22:22:06 [POS] Lat: 47.397970, Lon: 8.546164, Alt: 0.05m
22:22:06 [POS] Lat: 47.397970, Lon: 8.546164, Alt: 0.05m
22:22:06 [POS] Lat: 47.397970, Lon: 8.546164, Alt: 0.05m
22:22:06 [POS] Lat: 47.397970, Lon: 8.546164, Alt: 0.05m
22:22:06 [POS] Lat: 47.397970, Lon: 8.546164, Alt: 0.05m
22:22:06 [POS] Lat: 47.397970, Lon: 8.546164, Alt: 0.05m
22:22:06 [POS] Lat: 47.397970, Lon: 8.546164, Alt: 0.05m
22:22:06 [POS] Lat: 47.397970, Lon: 8.546164, Alt: 0.05m
22:22:06 [POS] Lat: 47.397970, Lon: 8.546164, Alt: 0.05m
22:22:06 [POS] Lat: 47.397970, Lon: 8.546164, Alt: 0.05m
22:22:06 [POS] Lat: 47.397970, Lon: 8.546164, Alt: 0.05m
22:22:06 [POS] Lat: 47.397970, Lon: 8.546164, Alt: 0.05m
22:22:06 [POS] Lat: 47.397970, Lon: 8.546164, Alt: 0.05m
22:22:06 [POS] Lat: 47.397970, Lon: 8.546164, Alt: 0.05m
22:22:06 [POS] Lat: 47.397970, Lon: 8.546164, Alt: 0.05m
22:22:06 [POS] Lat: 47.397970, Lon: 8.546164, Alt: 0.05m
22:22:06 [POS] Lat: 47.397970, Lon: 8.546164, Alt: 0.05m
22:22:06 [POS] Lat: 47.397970, Lon: 8.546164, Alt: 0.05m
22:22:06 [POS] Lat: 47.397970, Lon: 8.546164, Alt: 0.05m
22:22:06 [POS] Lat: 47.397970, Lon: 8.546164, Alt: 0.05m
22:22:07 [POS] Lat: 47.397970, Lon: 8.546164, Alt: 0.05m
22:22:07 [POS] Lat: 47.397970, Lon: 8.546164, Alt: 0.05m
22:22:07 [POS] Lat: 47.397970, Lon: 8.546164, Alt: 0.05m
22:22:07 [POS] Lat: 47.397970, Lon: 8.546164, Alt: 0.05m
22:22:07 [POS] Lat: 47.397970, Lon: 8.546164, Alt: 0.05m
22:22:07 [POS] Lat: 47.397970, Lon: 8.546164, Alt: 0.05m
22:22:07 [POS] Lat: 47.397970, Lon: 8.546164, Alt: 0.05m
22:22:07 [POS] Lat: 47.397970, Lon: 8.546164, Alt: 0.06m
22:22:07 [POS] Lat: 47.397970, Lon: 8.546164, Alt: 0.06m
22:22:07 [POS] Lat: 47.397970, Lon: 8.546164, Alt: 0.06m
22:22:07 [POS] Lat: 47.397970, Lon: 8.546164, Alt: 0.06m
22:22:07 [BAT] Percentage: 100, Voltage: 16.20V
22:22:07 [POS] Lat: 47.397970, Lon: 8.546164, Alt: 0.06m
22:22:07 [POS] Lat: 47.397970, Lon: 8.546164, Alt: 0.05m
22:22:07 [POS] Lat: 47.397970, Lon: 8.546164, Alt: 0.05m
22:22:07 [POS] Lat: 47.397970, Lon: 8.546164, Alt: 0.05m
22:22:07 [POS] Lat: 47.397970, Lon: 8.546164, Alt: 0.05m
22:22:07 [POS] Lat: 47.397970, Lon: 8.546164, Alt: 0.05m
22:22:07 [POS] Lat: 47.397970, Lon: 8.546164, Alt: 0.05m
22:22:07 [POS] Lat: 47.397970, Lon: 8.546164, Alt: 0.05m
22:22:07 [POS] Lat: 47.397970, Lon: 8.546164, Alt: 0.05m
22:22:07 [POS] Lat: 47.397970, Lon: 8.546164, Alt: 0.05m
22:22:07 [POS] Lat: 47.397970, Lon: 8.546164, Alt: 0.05m
22:22:07 [POS] Lat: 47.397970, Lon: 8.546164, Alt: 0.05m
22:22:07 [POS] Lat: 47.397970, Lon: 8.546164, Alt: 0.05m
22:22:07 [POS] Lat: 47.397970, Lon: 8.546164, Alt: 0.05m
22:22:07 [POS] Lat: 47.397970, Lon: 8.546164, Alt: 0.05m
22:22:07 [POS] Lat: 47.397970, Lon: 8.546164, Alt: 0.05m
22:22:07 [POS] Lat: 47.397970, Lon: 8.546164, Alt: 0.05m
22:22:07 [POS] Lat: 47.397970, Lon: 8.546164, Alt: 0.05m
22:22:07 [POS] Lat: 47.397970, Lon: 8.546164, Alt: 0.05m
22:22:07 [POS] Lat: 47.397970, Lon: 8.546164, Alt: 0.04m
22:22:07 [POS] Lat: 47.397970, Lon: 8.546164, Alt: 0.04m
22:22:07 [POS] Lat: 47.397970, Lon: 8.546164, Alt: 0.04m
22:22:07 [POS] Lat: 47.397970, Lon: 8.546164, Alt: 0.04m
22:22:07 [POS] Lat: 47.397970, Lon: 8.546164, Alt: 0.04m
22:22:07 [POS] Lat: 47.397970, Lon: 8.546164, Alt: 0.04m
22:22:07 [POS] Lat: 47.397970, Lon: 8.546164, Alt: 0.04m
22:22:07 [POS] Lat: 47.397970, Lon: 8.546164, Alt: 0.04m
22:22:07 [POS] Lat: 47.397970, Lon: 8.546164, Alt: 0.04m
22:22:07 [POS] Lat: 47.397970, Lon: 8.546164, Alt: 0.04m
22:22:07 [POS] Lat: 47.397970, Lon: 8.546164, Alt: 0.04m
22:22:07 [POS] Lat: 47.397970, Lon: 8.546164, Alt: 0.04m
22:22:07 [POS] Lat: 47.397970, Lon: 8.546164, Alt: 0.04m
22:22:07 [POS] Lat: 47.397970, Lon: 8.546164, Alt: 0.04m
22:22:07 [POS] Lat: 47.397970, Lon: 8.546164, Alt: 0.04m
22:22:07 [POS] Lat: 47.397970, Lon: 8.546164, Alt: 0.04m
22:22:07 [POS] Lat: 47.397970, Lon: 8.546164, Alt: 0.04m
22:22:07 [POS] Lat: 47.397970, Lon: 8.546164, Alt: 0.04m
22:22:07 [POS] Lat: 47.397970, Lon: 8.546164, Alt: 0.04m
22:22:07 [POS] Lat: 47.397970, Lon: 8.546164, Alt: 0.04m
22:22:08 [POS] Lat: 47.397970, Lon: 8.546164, Alt: 0.04m
22:22:08 [POS] Lat: 47.397970, Lon: 8.546164, Alt: 0.04m
22:22:08 [POS] Lat: 47.397970, Lon: 8.546164, Alt: 0.04m
22:22:08 [POS] Lat: 47.397970, Lon: 8.546164, Alt: 0.05m
22:22:08 [POS] Lat: 47.397970, Lon: 8.546164, Alt: 0.05m
22:22:08 [POS] Lat: 47.397970, Lon: 8.546164, Alt: 0.04m
22:22:08 [POS] Lat: 47.397970, Lon: 8.546164, Alt: 0.04m
22:22:08 [POS] Lat: 47.397970, Lon: 8.546164, Alt: 0.04m
22:22:08 [POS] Lat: 47.397970, Lon: 8.546164, Alt: 0.04m
22:22:08 [POS] Lat: 47.397970, Lon: 8.546164, Alt: 0.04m
22:22:08 [POS] Lat: 47.397970, Lon: 8.546164, Alt: 0.05m
22:22:08 [POS] Lat: 47.397970, Lon: 8.546164, Alt: 0.05m
22:22:08 [POS] Lat: 47.397970, Lon: 8.546164, Alt: 0.05m
22:22:08 [POS] Lat: 47.397970, Lon: 8.546164, Alt: 0.05m
22:22:08 [POS] Lat: 47.397970, Lon: 8.546164, Alt: 0.05m
22:22:08 [POS] Lat: 47.397970, Lon: 8.546164, Alt: 0.05m
22:22:08 [POS] Lat: 47.397970, Lon: 8.546164, Alt: 0.05m
22:22:08 [POS] Lat: 47.397970, Lon: 8.546164, Alt: 0.05m
22:22:08 [POS] Lat: 47.397970, Lon: 8.546164, Alt: 0.05m
22:22:08 [POS] Lat: 47.397970, Lon: 8.546164, Alt: 0.05m
22:22:08 [POS] Lat: 47.397970, Lon: 8.546164, Alt: 0.05m
22:22:08 [POS] Lat: 47.397970, Lon: 8.546164, Alt: 0.05m
22:22:08 [POS] Lat: 47.397970, Lon: 8.546164, Alt: 0.05m
22:22:08 [POS] Lat: 47.397970, Lon: 8.546164, Alt: 0.05m
22:22:08 [POS] Lat: 47.397970, Lon: 8.546164, Alt: 0.05m
22:22:08 [POS] Lat: 47.397970, Lon: 8.546164, Alt: 0.05m
22:22:08 [POS] Lat: 47.397970, Lon: 8.546164, Alt: 0.05m
22:22:08 [POS] Lat: 47.397970, Lon: 8.546164, Alt: 0.05m
22:22:08 [POS] Lat: 47.397970, Lon: 8.546164, Alt: 0.05m
22:22:08 [POS] Lat: 47.397970, Lon: 8.546164, Alt: 0.05m
22:22:08 [POS] Lat: 47.397970, Lon: 8.546164, Alt: 0.05m
22:22:08 [POS] Lat: 47.397970, Lon: 8.546164, Alt: 0.06m
22:22:08 [POS] Lat: 47.397970, Lon: 8.546164, Alt: 0.06m
22:22:08 [POS] Lat: 47.397970, Lon: 8.546164, Alt: 0.06m
22:22:08 [POS] Lat: 47.397970, Lon: 8.546164, Alt: 0.06m
22:22:08 [POS] Lat: 47.397970, Lon: 8.546164, Alt: 0.06m
22:22:08 [POS] Lat: 47.397970, Lon: 8.546164, Alt: 0.06m
22:22:08 [POS] Lat: 47.397970, Lon: 8.546164, Alt: 0.06m
22:22:08 [POS] Lat: 47.397970, Lon: 8.546164, Alt: 0.06m
22:22:08 [POS] Lat: 47.397970, Lon: 8.546164, Alt: 0.06m
22:22:08 [POS] Lat: 47.397970, Lon: 8.546164, Alt: 0.06m
22:22:08 [POS] Lat: 47.397970, Lon: 8.546164, Alt: 0.06m
22:22:08 [POS] Lat: 47.397970, Lon: 8.546164, Alt: 0.05m
22:22:08 [POS] Lat: 47.397970, Lon: 8.546164, Alt: 0.05m
22:22:08 [POS] Lat: 47.397970, Lon: 8.546164, Alt: 0.05m
22:22:08 [POS] Lat: 47.397970, Lon: 8.546164, Alt: 0.05m
22:22:08 [POS] Lat: 47.397970, Lon: 8.546164, Alt: 0.05m
22:22:08 [POS] Lat: 47.397971, Lon: 8.546164, Alt: 0.05m
22:22:08 [POS] Lat: 47.397971, Lon: 8.546164, Alt: 0.05m
22:22:09 [POS] Lat: 47.397971, Lon: 8.546164, Alt: 0.05m
22:22:09 [POS] Lat: 47.397971, Lon: 8.546164, Alt: 0.05m
22:22:09 [POS] Lat: 47.397971, Lon: 8.546164, Alt: 0.05m
22:22:09 [POS] Lat: 47.397971, Lon: 8.546164, Alt: 0.05m
22:22:09 [POS] Lat: 47.397971, Lon: 8.546164, Alt: 0.05m
22:22:09 [POS] Lat: 47.397971, Lon: 8.546164, Alt: 0.05m
22:22:09 [POS] Lat: 47.397971, Lon: 8.546164, Alt: 0.05m
22:22:09 [POS] Lat: 47.397971, Lon: 8.546164, Alt: 0.05m
22:22:09 [POS] Lat: 47.397971, Lon: 8.546164, Alt: 0.05m
22:22:09 [POS] Lat: 47.397971, Lon: 8.546164, Alt: 0.05m
22:22:09 [POS] Lat: 47.397971, Lon: 8.546164, Alt: 0.05m
22:22:09 [POS] Lat: 47.397971, Lon: 8.546164, Alt: 0.05m
22:22:09 [BAT] Percentage: 100, Voltage: 16.20V
22:22:09 [POS] Lat: 47.397971, Lon: 8.546164, Alt: 0.05m
22:22:09 [POS] Lat: 47.397971, Lon: 8.546164, Alt: 0.05m
22:22:09 [POS] Lat: 47.397971, Lon: 8.546164, Alt: 0.05m
22:22:09 [POS] Lat: 47.397971, Lon: 8.546164, Alt: 0.05m
22:22:09 [POS] Lat: 47.397971, Lon: 8.546164, Alt: 0.06m
22:22:09 [POS] Lat: 47.397971, Lon: 8.546164, Alt: 0.06m
22:22:09 [POS] Lat: 47.397971, Lon: 8.546164, Alt: 0.06m
22:22:09 [POS] Lat: 47.397971, Lon: 8.546164, Alt: 0.06m
22:22:09 [POS] Lat: 47.397971, Lon: 8.546164, Alt: 0.06m
22:22:09 [POS] Lat: 47.397971, Lon: 8.546164, Alt: 0.06m
22:22:09 [POS] Lat: 47.397971, Lon: 8.546164, Alt: 0.06m
22:22:09 [POS] Lat: 47.397971, Lon: 8.546164, Alt: 0.06m
22:22:09 [POS] Lat: 47.397971, Lon: 8.546164, Alt: 0.05m
22:22:09 [POS] Lat: 47.397971, Lon: 8.546164, Alt: 0.05m
22:22:09 [POS] Lat: 47.397971, Lon: 8.546164, Alt: 0.05m
22:22:09 [POS] Lat: 47.397971, Lon: 8.546164, Alt: 0.05m
22:22:09 [POS] Lat: 47.397971, Lon: 8.546164, Alt: 0.05m
22:22:09 [POS] Lat: 47.397971, Lon: 8.546164, Alt: 0.05m
22:22:09 [POS] Lat: 47.397971, Lon: 8.546164, Alt: 0.05m
22:22:09 [POS] Lat: 47.397971, Lon: 8.546164, Alt: 0.05m
22:22:09 [POS] Lat: 47.397971, Lon: 8.546164, Alt: 0.05m
22:22:09 [POS] Lat: 47.397971, Lon: 8.546164, Alt: 0.05m
22:22:09 [POS] Lat: 47.397971, Lon: 8.546164, Alt: 0.05m
22:22:09 [POS] Lat: 47.397971, Lon: 8.546163, Alt: 0.05m
22:22:09 [POS] Lat: 47.397971, Lon: 8.546163, Alt: 0.05m
22:22:09 [POS] Lat: 47.397971, Lon: 8.546163, Alt: 0.05m
22:22:09 [POS] Lat: 47.397971, Lon: 8.546163, Alt: 0.05m
22:22:09 [POS] Lat: 47.397971, Lon: 8.546163, Alt: 0.05m
22:22:09 [POS] Lat: 47.397971, Lon: 8.546163, Alt: 0.05m
22:22:09 [POS] Lat: 47.397971, Lon: 8.546163, Alt: 0.05m
22:22:09 [POS] Lat: 47.397971, Lon: 8.546163, Alt: 0.05m
22:22:09 [POS] Lat: 47.397971, Lon: 8.546163, Alt: 0.05m
22:22:09 [POS] Lat: 47.397971, Lon: 8.546163, Alt: 0.06m
22:22:09 [POS] Lat: 47.397971, Lon: 8.546163, Alt: 0.06m
22:22:09 [POS] Lat: 47.397971, Lon: 8.546163, Alt: 0.06m
22:22:09 [POS] Lat: 47.397971, Lon: 8.546164, Alt: 0.06m
22:22:09 [POS] Lat: 47.397971, Lon: 8.546164, Alt: 0.06m
22:22:09 [POS] Lat: 47.397971, Lon: 8.546164, Alt: 0.06m
22:22:10 [POS] Lat: 47.397971, Lon: 8.546164, Alt: 0.07m
22:22:10 [POS] Lat: 47.397971, Lon: 8.546164, Alt: 0.07m
22:22:10 [POS] Lat: 47.397971, Lon: 8.546164, Alt: 0.07m
22:22:10 [POS] Lat: 47.397971, Lon: 8.546164, Alt: 0.07m
22:22:10 [POS] Lat: 47.397971, Lon: 8.546164, Alt: 0.07m
22:22:10 [POS] Lat: 47.397971, Lon: 8.546164, Alt: 0.08m
22:22:10 [POS] Lat: 47.397971, Lon: 8.546164, Alt: 0.08m
22:22:10 [POS] Lat: 47.397971, Lon: 8.546164, Alt: 0.08m
22:22:10 [POS] Lat: 47.397971, Lon: 8.546164, Alt: 0.08m
22:22:10 [POS] Lat: 47.397971, Lon: 8.546164, Alt: 0.08m
22:22:10 [POS] Lat: 47.397971, Lon: 8.546164, Alt: 0.08m
22:22:10 [POS] Lat: 47.397971, Lon: 8.546164, Alt: 0.09m
22:22:10 [POS] Lat: 47.397971, Lon: 8.546164, Alt: 0.09m
22:22:10 [POS] Lat: 47.397971, Lon: 8.546164, Alt: 0.09m
22:22:10 [POS] Lat: 47.397971, Lon: 8.546164, Alt: 0.09m
22:22:10 [POS] Lat: 47.397971, Lon: 8.546164, Alt: 0.09m
22:22:10 [POS] Lat: 47.397971, Lon: 8.546164, Alt: 0.09m
22:22:10 [POS] Lat: 47.397971, Lon: 8.546164, Alt: 0.09m
22:22:10 [POS] Lat: 47.397971, Lon: 8.546164, Alt: 0.10m
22:22:10 [POS] Lat: 47.397971, Lon: 8.546164, Alt: 0.10m
22:22:10 [POS] Lat: 47.397971, Lon: 8.546164, Alt: 0.10m
22:22:10 [POS] Lat: 47.397971, Lon: 8.546164, Alt: 0.10m
22:22:10 [POS] Lat: 47.397971, Lon: 8.546164, Alt: 0.11m
22:22:10 [POS] Lat: 47.397971, Lon: 8.546164, Alt: 0.11m
22:22:10 [POS] Lat: 47.397971, Lon: 8.546164, Alt: 0.11m
22:22:10 [POS] Lat: 47.397971, Lon: 8.546164, Alt: 0.11m
22:22:10 [POS] Lat: 47.397971, Lon: 8.546164, Alt: 0.12m
22:22:10 [POS] Lat: 47.397971, Lon: 8.546164, Alt: 0.12m
22:22:10 [POS] Lat: 47.397971, Lon: 8.546164, Alt: 0.12m
22:22:10 [POS] Lat: 47.397971, Lon: 8.546164, Alt: 0.12m
22:22:10 [POS] Lat: 47.397971, Lon: 8.546164, Alt: 0.12m
22:22:10 [POS] Lat: 47.397971, Lon: 8.546164, Alt: 0.12m
22:22:10 [POS] Lat: 47.397971, Lon: 8.546164, Alt: 0.13m
22:22:10 [POS] Lat: 47.397971, Lon: 8.546164, Alt: 0.13m
22:22:10 [POS] Lat: 47.397971, Lon: 8.546164, Alt: 0.13m
22:22:10 [POS] Lat: 47.397971, Lon: 8.546164, Alt: 0.13m
22:22:10 [POS] Lat: 47.397971, Lon: 8.546164, Alt: 0.13m
22:22:10 [POS] Lat: 47.397971, Lon: 8.546164, Alt: 0.13m
22:22:10 [POS] Lat: 47.397971, Lon: 8.546164, Alt: 0.14m
22:22:10 [POS] Lat: 47.397971, Lon: 8.546164, Alt: 0.14m
22:22:10 [POS] Lat: 47.397971, Lon: 8.546164, Alt: 0.14m
22:22:10 [POS] Lat: 47.397971, Lon: 8.546164, Alt: 0.14m
22:22:10 [POS] Lat: 47.397971, Lon: 8.546164, Alt: 0.14m
22:22:10 [POS] Lat: 47.397971, Lon: 8.546164, Alt: 0.14m
22:22:10 [POS] Lat: 47.397971, Lon: 8.546164, Alt: 0.14m
22:22:10 [POS] Lat: 47.397971, Lon: 8.546164, Alt: 0.14m
22:22:10 [POS] Lat: 47.397971, Lon: 8.546164, Alt: 0.15m
22:22:10 [POS] Lat: 47.397971, Lon: 8.546164, Alt: 0.15m
22:22:10 [POS] Lat: 47.397971, Lon: 8.546164, Alt: 0.15m
22:22:11 [POS] Lat: 47.397971, Lon: 8.546164, Alt: 0.15m
22:22:11 [POS] Lat: 47.397971, Lon: 8.546164, Alt: 0.15m
22:22:11 [POS] Lat: 47.397971, Lon: 8.546164, Alt: 0.15m
22:22:11 [POS] Lat: 47.397971, Lon: 8.546164, Alt: 0.15m
22:22:11 [POS] Lat: 47.397971, Lon: 8.546164, Alt: 0.15m
22:22:11 [POS] Lat: 47.397971, Lon: 8.546164, Alt: 0.15m
22:22:11 [POS] Lat: 47.397971, Lon: 8.546164, Alt: 0.15m
22:22:11 [POS] Lat: 47.397971, Lon: 8.546164, Alt: 0.15m
22:22:11 [POS] Lat: 47.397971, Lon: 8.546164, Alt: 0.15m
22:22:11 [POS] Lat: 47.397971, Lon: 8.546164, Alt: 0.15m
22:22:11 [POS] Lat: 47.397971, Lon: 8.546164, Alt: 0.15m
22:22:11 [POS] Lat: 47.397971, Lon: 8.546164, Alt: 0.15m
22:22:11 [POS] Lat: 47.397971, Lon: 8.546164, Alt: 0.15m
22:22:11 [BAT] Percentage: 100, Voltage: 16.20V
22:22:11 [POS] Lat: 47.397971, Lon: 8.546164, Alt: 0.15m
22:22:11 [POS] Lat: 47.397971, Lon: 8.546164, Alt: 0.15m
22:22:11 [POS] Lat: 47.397971, Lon: 8.546164, Alt: 0.15m
22:22:11 [POS] Lat: 47.397971, Lon: 8.546164, Alt: 0.15m
22:22:11 [POS] Lat: 47.397971, Lon: 8.546164, Alt: 0.15m
22:22:11 [POS] Lat: 47.397971, Lon: 8.546164, Alt: 0.15m
22:22:11 [POS] Lat: 47.397971, Lon: 8.546164, Alt: 0.15m
22:22:11 [POS] Lat: 47.397971, Lon: 8.546164, Alt: 0.15m
22:22:11 [POS] Lat: 47.397971, Lon: 8.546164, Alt: 0.15m
22:22:11 [POS] Lat: 47.397971, Lon: 8.546164, Alt: 0.15m
22:22:11 [POS] Lat: 47.397971, Lon: 8.546164, Alt: 0.15m
22:22:11 [POS] Lat: 47.397971, Lon: 8.546164, Alt: 0.15m
22:22:11 [POS] Lat: 47.397971, Lon: 8.546164, Alt: 0.15m
22:22:11 [POS] Lat: 47.397971, Lon: 8.546164, Alt: 0.15m
22:22:11 [POS] Lat: 47.397971, Lon: 8.546164, Alt: 0.15m
22:22:11 [POS] Lat: 47.397971, Lon: 8.546164, Alt: 0.15m
22:22:11 [POS] Lat: 47.397971, Lon: 8.546164, Alt: 0.15m
22:22:11 [POS] Lat: 47.397971, Lon: 8.546164, Alt: 0.15m
22:22:11 [POS] Lat: 47.397971, Lon: 8.546164, Alt: 0.14m
22:22:11 [POS] Lat: 47.397971, Lon: 8.546164, Alt: 0.14m
22:22:11 [POS] Lat: 47.397971, Lon: 8.546164, Alt: 0.14m
22:22:11 [POS] Lat: 47.397971, Lon: 8.546164, Alt: 0.14m
22:22:11 [POS] Lat: 47.397971, Lon: 8.546164, Alt: 0.14m
22:22:11 [POS] Lat: 47.397971, Lon: 8.546164, Alt: 0.14m
22:22:11 [POS] Lat: 47.397971, Lon: 8.546164, Alt: 0.14m
22:22:11 [POS] Lat: 47.397971, Lon: 8.546164, Alt: 0.14m
22:22:11 [POS] Lat: 47.397971, Lon: 8.546164, Alt: 0.13m
22:22:11 [POS] Lat: 47.397971, Lon: 8.546164, Alt: 0.13m
22:22:11 [POS] Lat: 47.397971, Lon: 8.546164, Alt: 0.13m
22:22:11 [POS] Lat: 47.397971, Lon: 8.546164, Alt: 0.13m
22:22:11 [POS] Lat: 47.397971, Lon: 8.546164, Alt: 0.13m
22:22:11 [POS] Lat: 47.397971, Lon: 8.546164, Alt: 0.13m
22:22:11 [POS] Lat: 47.397971, Lon: 8.546164, Alt: 0.13m
22:22:11 [POS] Lat: 47.397971, Lon: 8.546164, Alt: 0.13m
22:22:11 [POS] Lat: 47.397971, Lon: 8.546164, Alt: 0.13m
22:22:11 [POS] Lat: 47.397971, Lon: 8.546164, Alt: 0.13m
22:22:12 [POS] Lat: 47.397971, Lon: 8.546164, Alt: 0.13m
22:22:12 [POS] Lat: 47.397971, Lon: 8.546164, Alt: 0.13m
22:22:12 [POS] Lat: 47.397971, Lon: 8.546164, Alt: 0.13m
22:22:12 [POS] Lat: 47.397971, Lon: 8.546164, Alt: 0.13m
22:22:12 [POS] Lat: 47.397971, Lon: 8.546164, Alt: 0.13m
22:22:12 [POS] Lat: 47.397971, Lon: 8.546164, Alt: 0.13m
22:22:12 [POS] Lat: 47.397971, Lon: 8.546164, Alt: 0.13m
22:22:12 [POS] Lat: 47.397971, Lon: 8.546164, Alt: 0.13m
22:22:12 [POS] Lat: 47.397971, Lon: 8.546164, Alt: 0.13m
22:22:12 [POS] Lat: 47.397971, Lon: 8.546164, Alt: 0.13m
22:22:12 [POS] Lat: 47.397971, Lon: 8.546164, Alt: 0.13m
22:22:12 [POS] Lat: 47.397971, Lon: 8.546164, Alt: 0.13m
22:22:12 [POS] Lat: 47.397971, Lon: 8.546164, Alt: 0.13m
22:22:12 [POS] Lat: 47.397971, Lon: 8.546164, Alt: 0.13m
22:22:12 [POS] Lat: 47.397971, Lon: 8.546164, Alt: 0.13m
22:22:12 [POS] Lat: 47.397971, Lon: 8.546164, Alt: 0.13m
22:22:12 [POS] Lat: 47.397971, Lon: 8.546164, Alt: 0.13m
22:22:12 [POS] Lat: 47.397971, Lon: 8.546164, Alt: 0.13m
22:22:12 [POS] Lat: 47.397971, Lon: 8.546164, Alt: 0.13m
22:22:12 [POS] Lat: 47.397971, Lon: 8.546164, Alt: 0.13m
22:22:12 [POS] Lat: 47.397971, Lon: 8.546164, Alt: 0.14m
22:22:12 [POS] Lat: 47.397971, Lon: 8.546164, Alt: 0.14m
22:22:12 [POS] Lat: 47.397971, Lon: 8.546164, Alt: 0.14m
22:22:12 [POS] Lat: 47.397971, Lon: 8.546164, Alt: 0.14m
22:22:12 [POS] Lat: 47.397971, Lon: 8.546164, Alt: 0.14m
22:22:12 [POS] Lat: 47.397971, Lon: 8.546164, Alt: 0.14m
22:22:12 [POS] Lat: 47.397971, Lon: 8.546164, Alt: 0.14m
22:22:12 [POS] Lat: 47.397971, Lon: 8.546164, Alt: 0.14m
22:22:12 [POS] Lat: 47.397971, Lon: 8.546164, Alt: 0.14m
22:22:12 [POS] Lat: 47.397971, Lon: 8.546164, Alt: 0.14m
22:22:12 [POS] Lat: 47.397971, Lon: 8.546164, Alt: 0.14m
22:22:12 [POS] Lat: 47.397971, Lon: 8.546165, Alt: 0.14m
22:22:12 [POS] Lat: 47.397971, Lon: 8.546165, Alt: 0.14m
22:22:12 [POS] Lat: 47.397971, Lon: 8.546165, Alt: 0.14m
22:22:12 [POS] Lat: 47.397971, Lon: 8.546165, Alt: 0.14m
22:22:12 [POS] Lat: 47.397971, Lon: 8.546165, Alt: 0.14m
22:22:12 [POS] Lat: 47.397971, Lon: 8.546165, Alt: 0.13m
22:22:12 [POS] Lat: 47.397971, Lon: 8.546165, Alt: 0.13m
22:22:12 [POS] Lat: 47.397971, Lon: 8.546165, Alt: 0.13m
22:22:12 [POS] Lat: 47.397971, Lon: 8.546165, Alt: 0.13m
22:22:12 [POS] Lat: 47.397971, Lon: 8.546165, Alt: 0.13m
22:22:12 [POS] Lat: 47.397971, Lon: 8.546165, Alt: 0.13m
22:22:12 [POS] Lat: 47.397971, Lon: 8.546165, Alt: 0.13m
22:22:12 [POS] Lat: 47.397971, Lon: 8.546165, Alt: 0.13m
22:22:12 [POS] Lat: 47.397971, Lon: 8.546165, Alt: 0.12m
22:22:12 [POS] Lat: 47.397971, Lon: 8.546165, Alt: 0.12m
22:22:12 [POS] Lat: 47.397971, Lon: 8.546165, Alt: 0.12m
22:22:12 [POS] Lat: 47.397971, Lon: 8.546165, Alt: 0.12m
22:22:12 [POS] Lat: 47.397971, Lon: 8.546165, Alt: 0.12m
22:22:13 [POS] Lat: 47.397971, Lon: 8.546165, Alt: 0.12m
22:22:13 [POS] Lat: 47.397971, Lon: 8.546165, Alt: 0.12m
22:22:13 [POS] Lat: 47.397971, Lon: 8.546165, Alt: 0.12m
22:22:13 [POS] Lat: 47.397971, Lon: 8.546165, Alt: 0.12m
22:22:13 [POS] Lat: 47.397971, Lon: 8.546165, Alt: 0.12m
22:22:13 [POS] Lat: 47.397971, Lon: 8.546165, Alt: 0.12m
22:22:13 [POS] Lat: 47.397971, Lon: 8.546165, Alt: 0.11m
22:22:13 [POS] Lat: 47.397971, Lon: 8.546165, Alt: 0.11m
22:22:13 [POS] Lat: 47.397971, Lon: 8.546165, Alt: 0.11m
22:22:13 [POS] Lat: 47.397971, Lon: 8.546165, Alt: 0.11m
22:22:13 [POS] Lat: 47.397971, Lon: 8.546165, Alt: 0.11m
22:22:13 [POS] Lat: 47.397971, Lon: 8.546165, Alt: 0.11m
22:22:13 [POS] Lat: 47.397971, Lon: 8.546165, Alt: 0.11m
22:22:13 [POS] Lat: 47.397971, Lon: 8.546165, Alt: 0.10m
22:22:13 [POS] Lat: 47.397971, Lon: 8.546165, Alt: 0.10m
22:22:13 [BAT] Percentage: 100, Voltage: 16.20V
22:22:13 [POS] Lat: 47.397971, Lon: 8.546165, Alt: 0.10m
22:22:13 [POS] Lat: 47.397971, Lon: 8.546165, Alt: 0.10m
22:22:13 [POS] Lat: 47.397971, Lon: 8.546165, Alt: 0.09m
22:22:13 [POS] Lat: 47.397971, Lon: 8.546165, Alt: 0.09m
22:22:13 [POS] Lat: 47.397971, Lon: 8.546165, Alt: 0.09m
22:22:13 [POS] Lat: 47.397971, Lon: 8.546165, Alt: 0.09m
22:22:13 [POS] Lat: 47.397971, Lon: 8.546165, Alt: 0.09m
22:22:13 [POS] Lat: 47.397971, Lon: 8.546165, Alt: 0.08m
22:22:13 [POS] Lat: 47.397971, Lon: 8.546165, Alt: 0.08m
22:22:13 [POS] Lat: 47.397971, Lon: 8.546165, Alt: 0.08m
22:22:13 [POS] Lat: 47.397971, Lon: 8.546165, Alt: 0.08m
22:22:13 [POS] Lat: 47.397971, Lon: 8.546165, Alt: 0.08m
22:22:13 [POS] Lat: 47.397971, Lon: 8.546165, Alt: 0.08m
22:22:13 [POS] Lat: 47.397971, Lon: 8.546165, Alt: 0.07m
22:22:13 [POS] Lat: 47.397971, Lon: 8.546165, Alt: 0.07m
22:22:13 [POS] Lat: 47.397971, Lon: 8.546165, Alt: 0.07m
22:22:13 [POS] Lat: 47.397971, Lon: 8.546165, Alt: 0.07m
22:22:13 [POS] Lat: 47.397971, Lon: 8.546165, Alt: 0.07m
22:22:13 [POS] Lat: 47.397971, Lon: 8.546165, Alt: 0.07m
22:22:13 [POS] Lat: 47.397971, Lon: 8.546165, Alt: 0.07m
22:22:13 [POS] Lat: 47.397971, Lon: 8.546165, Alt: 0.07m
22:22:13 [POS] Lat: 47.397971, Lon: 8.546165, Alt: 0.07m
22:22:13 [POS] Lat: 47.397971, Lon: 8.546165, Alt: 0.07m
22:22:13 [POS] Lat: 47.397971, Lon: 8.546165, Alt: 0.07m
22:22:13 [POS] Lat: 47.397971, Lon: 8.546165, Alt: 0.06m
22:22:13 [POS] Lat: 47.397971, Lon: 8.546165, Alt: 0.06m
22:22:13 [POS] Lat: 47.397971, Lon: 8.546165, Alt: 0.06m
22:22:13 [POS] Lat: 47.397971, Lon: 8.546165, Alt: 0.06m
22:22:13 [POS] Lat: 47.397971, Lon: 8.546165, Alt: 0.06m
22:22:13 [POS] Lat: 47.397971, Lon: 8.546165, Alt: 0.06m
22:22:13 [POS] Lat: 47.397971, Lon: 8.546165, Alt: 0.05m
22:22:13 [POS] Lat: 47.397971, Lon: 8.546165, Alt: 0.05m
22:22:13 [POS] Lat: 47.397971, Lon: 8.546165, Alt: 0.05m
22:22:13 [POS] Lat: 47.397971, Lon: 8.546165, Alt: 0.05m
22:22:13 [POS] Lat: 47.397971, Lon: 8.546165, Alt: 0.04m
22:22:14 [POS] Lat: 47.397971, Lon: 8.546165, Alt: 0.04m
22:22:14 [POS] Lat: 47.397971, Lon: 8.546165, Alt: 0.04m
22:22:14 [POS] Lat: 47.397971, Lon: 8.546165, Alt: 0.04m
22:22:14 [POS] Lat: 47.397971, Lon: 8.546165, Alt: 0.04m
22:22:14 [POS] Lat: 47.397971, Lon: 8.546165, Alt: 0.04m
22:22:14 [POS] Lat: 47.397971, Lon: 8.546165, Alt: 0.03m
22:22:14 [POS] Lat: 47.397971, Lon: 8.546165, Alt: 0.03m
22:22:14 [POS] Lat: 47.397971, Lon: 8.546165, Alt: 0.03m
22:22:14 [POS] Lat: 47.397971, Lon: 8.546165, Alt: 0.03m
22:22:14 [POS] Lat: 47.397971, Lon: 8.546165, Alt: 0.03m
22:22:14 [POS] Lat: 47.397971, Lon: 8.546165, Alt: 0.03m
22:22:14 [POS] Lat: 47.397971, Lon: 8.546165, Alt: 0.03m
22:22:14 [POS] Lat: 47.397971, Lon: 8.546165, Alt: 0.03m
22:22:14 [POS] Lat: 47.397971, Lon: 8.546165, Alt: 0.04m
22:22:14 [POS] Lat: 47.397971, Lon: 8.546165, Alt: 0.03m
22:22:14 [POS] Lat: 47.397971, Lon: 8.546165, Alt: 0.03m
22:22:14 [POS] Lat: 47.397971, Lon: 8.546165, Alt: 0.03m
22:22:14 [POS] Lat: 47.397971, Lon: 8.546165, Alt: 0.03m
22:22:14 [POS] Lat: 47.397971, Lon: 8.546165, Alt: 0.03m
22:22:14 [POS] Lat: 47.397971, Lon: 8.546165, Alt: 0.03m
22:22:14 [POS] Lat: 47.397971, Lon: 8.546165, Alt: 0.03m
22:22:14 [POS] Lat: 47.397971, Lon: 8.546165, Alt: 0.03m
22:22:14 [POS] Lat: 47.397971, Lon: 8.546165, Alt: 0.03m
22:22:14 [POS] Lat: 47.397971, Lon: 8.546165, Alt: 0.03m
22:22:14 [POS] Lat: 47.397971, Lon: 8.546165, Alt: 0.03m
22:22:14 [POS] Lat: 47.397971, Lon: 8.546165, Alt: 0.03m
22:22:14 [POS] Lat: 47.397971, Lon: 8.546165, Alt: 0.03m
22:22:14 [POS] Lat: 47.397971, Lon: 8.546165, Alt: 0.03m
22:22:14 [POS] Lat: 47.397971, Lon: 8.546165, Alt: 0.03m
22:22:14 [POS] Lat: 47.397971, Lon: 8.546165, Alt: 0.03m
22:22:14 [POS] Lat: 47.397971, Lon: 8.546165, Alt: 0.03m
22:22:14 [POS] Lat: 47.397971, Lon: 8.546165, Alt: 0.03m
22:22:14 [POS] Lat: 47.397971, Lon: 8.546165, Alt: 0.03m
22:22:14 [POS] Lat: 47.397971, Lon: 8.546165, Alt: 0.02m
22:22:14 [POS] Lat: 47.397971, Lon: 8.546165, Alt: 0.02m
22:22:14 [POS] Lat: 47.397971, Lon: 8.546165, Alt: 0.02m
22:22:14 [POS] Lat: 47.397971, Lon: 8.546165, Alt: 0.02m
22:22:14 [POS] Lat: 47.397971, Lon: 8.546165, Alt: 0.02m
22:22:14 [POS] Lat: 47.397971, Lon: 8.546165, Alt: 0.02m
22:22:14 [POS] Lat: 47.397971, Lon: 8.546165, Alt: 0.02m
22:22:14 [POS] Lat: 47.397971, Lon: 8.546165, Alt: 0.01m
22:22:14 [POS] Lat: 47.397971, Lon: 8.546165, Alt: 0.01m
22:22:14 [POS] Lat: 47.397971, Lon: 8.546165, Alt: 0.01m
22:22:14 [POS] Lat: 47.397971, Lon: 8.546165, Alt: 0.01m
22:22:14 [POS] Lat: 47.397971, Lon: 8.546165, Alt: 0.01m
22:22:14 [POS] Lat: 47.397971, Lon: 8.546165, Alt: 0.01m
22:22:14 [POS] Lat: 47.397971, Lon: 8.546165, Alt: 0.01m
22:22:14 [POS] Lat: 47.397971, Lon: 8.546165, Alt: 0.01m
22:22:14 [POS] Lat: 47.397971, Lon: 8.546165, Alt: 0.01m
22:22:15 [POS] Lat: 47.397971, Lon: 8.546165, Alt: 0.00m
22:22:15 [POS] Lat: 47.397971, Lon: 8.546165, Alt: 0.00m
22:22:15 [POS] Lat: 47.397971, Lon: 8.546165, Alt: 0.00m
22:22:15 [POS] Lat: 47.397971, Lon: 8.546165, Alt: 0.00m
22:22:15 [POS] Lat: 47.397971, Lon: 8.546165, Alt: 0.00m
22:22:15 [POS] Lat: 47.397971, Lon: 8.546165, Alt: 0.00m
22:22:15 [POS] Lat: 47.397971, Lon: 8.546165, Alt: 0.00m
22:22:15 [POS] Lat: 47.397971, Lon: 8.546165, Alt: 0.00m
22:22:15 [POS] Lat: 47.397971, Lon: 8.546165, Alt: 0.00m
22:22:15 [POS] Lat: 47.397971, Lon: 8.546165, Alt: 0.00m
22:22:15 [POS] Lat: 47.397971, Lon: 8.546165, Alt: -0.00m
22:22:15 [POS] Lat: 47.397971, Lon: 8.546165, Alt: -0.00m
22:22:15 [POS] Lat: 47.397971, Lon: 8.546165, Alt: -0.00m
22:22:15 [POS] Lat: 47.397971, Lon: 8.546165, Alt: -0.01m
22:22:15 [POS] Lat: 47.397971, Lon: 8.546165, Alt: -0.01m
22:22:15 [POS] Lat: 47.397971, Lon: 8.546165, Alt: -0.01m
22:22:15 [BAT] Percentage: 100, Voltage: 16.20V
22:22:15 [POS] Lat: 47.397971, Lon: 8.546164, Alt: -0.01m
22:22:15 [POS] Lat: 47.397971, Lon: 8.546164, Alt: -0.01m
22:22:15 [POS] Lat: 47.397970, Lon: 8.546164, Alt: -0.01m
22:22:15 [POS] Lat: 47.397970, Lon: 8.546164, Alt: -0.02m
22:22:15 [POS] Lat: 47.397970, Lon: 8.546164, Alt: -0.02m
22:22:15 [POS] Lat: 47.397970, Lon: 8.546164, Alt: -0.02m
22:22:15 [POS] Lat: 47.397970, Lon: 8.546164, Alt: -0.02m
22:22:15 [POS] Lat: 47.397970, Lon: 8.546164, Alt: -0.02m
22:22:15 [POS] Lat: 47.397970, Lon: 8.546164, Alt: -0.03m
22:22:15 [POS] Lat: 47.397970, Lon: 8.546164, Alt: -0.03m
22:22:15 [POS] Lat: 47.397970, Lon: 8.546164, Alt: -0.03m
22:22:15 [POS] Lat: 47.397970, Lon: 8.546164, Alt: -0.03m
22:22:15 [POS] Lat: 47.397970, Lon: 8.546164, Alt: -0.03m
22:22:15 [POS] Lat: 47.397970, Lon: 8.546164, Alt: -0.03m
22:22:15 [POS] Lat: 47.397970, Lon: 8.546164, Alt: -0.03m
22:22:15 [POS] Lat: 47.397970, Lon: 8.546164, Alt: -0.04m
22:22:15 [POS] Lat: 47.397970, Lon: 8.546164, Alt: -0.04m
22:22:15 [POS] Lat: 47.397970, Lon: 8.546164, Alt: -0.04m
22:22:15 [POS] Lat: 47.397970, Lon: 8.546164, Alt: -0.04m
22:22:15 [POS] Lat: 47.397970, Lon: 8.546164, Alt: -0.04m
22:22:15 [POS] Lat: 47.397970, Lon: 8.546164, Alt: -0.04m
22:22:15 [POS] Lat: 47.397970, Lon: 8.546164, Alt: -0.05m
22:22:15 [POS] Lat: 47.397970, Lon: 8.546164, Alt: -0.05m
22:22:15 [POS] Lat: 47.397970, Lon: 8.546164, Alt: -0.05m
22:22:15 [POS] Lat: 47.397970, Lon: 8.546164, Alt: -0.05m
22:22:15 [POS] Lat: 47.397970, Lon: 8.546164, Alt: -0.05m
22:22:15 [POS] Lat: 47.397970, Lon: 8.546164, Alt: -0.06m
22:22:15 [POS] Lat: 47.397970, Lon: 8.546164, Alt: -0.06m
22:22:15 [POS] Lat: 47.397970, Lon: 8.546164, Alt: -0.06m
22:22:15 [POS] Lat: 47.397970, Lon: 8.546164, Alt: -0.06m
22:22:15 [POS] Lat: 47.397970, Lon: 8.546164, Alt: -0.06m
22:22:15 [POS] Lat: 47.397970, Lon: 8.546164, Alt: -0.07m
22:22:15 [POS] Lat: 47.397970, Lon: 8.546164, Alt: -0.07m
22:22:16 [POS] Lat: 47.397970, Lon: 8.546164, Alt: -0.07m
22:22:16 [POS] Lat: 47.397970, Lon: 8.546164, Alt: -0.07m
22:22:16 [POS] Lat: 47.397970, Lon: 8.546164, Alt: -0.08m
22:22:16 [POS] Lat: 47.397970, Lon: 8.546164, Alt: -0.08m
22:22:16 [POS] Lat: 47.397970, Lon: 8.546164, Alt: -0.08m
22:22:16 [POS] Lat: 47.397970, Lon: 8.546164, Alt: -0.08m
22:22:16 [POS] Lat: 47.397970, Lon: 8.546164, Alt: -0.08m
22:22:16 [POS] Lat: 47.397970, Lon: 8.546164, Alt: -0.08m
22:22:16 [POS] Lat: 47.397970, Lon: 8.546164, Alt: -0.08m
22:22:16 [POS] Lat: 47.397970, Lon: 8.546164, Alt: -0.09m
22:22:16 [POS] Lat: 47.397970, Lon: 8.546164, Alt: -0.09m
22:22:16 [POS] Lat: 47.397970, Lon: 8.546164, Alt: -0.09m
22:22:16 [POS] Lat: 47.397970, Lon: 8.546164, Alt: -0.09m
22:22:16 [POS] Lat: 47.397970, Lon: 8.546164, Alt: -0.10m
22:22:16 [POS] Lat: 47.397970, Lon: 8.546164, Alt: -0.10m
22:22:16 [POS] Lat: 47.397970, Lon: 8.546164, Alt: -0.10m
22:22:16 [POS] Lat: 47.397970, Lon: 8.546164, Alt: -0.10m
22:22:16 [POS] Lat: 47.397970, Lon: 8.546164, Alt: -0.11m
22:22:16 [POS] Lat: 47.397970, Lon: 8.546164, Alt: -0.11m
22:22:16 [POS] Lat: 47.397970, Lon: 8.546164, Alt: -0.11m
22:22:16 [POS] Lat: 47.397970, Lon: 8.546164, Alt: -0.12m
22:22:16 [POS] Lat: 47.397971, Lon: 8.546164, Alt: -0.12m
22:22:16 [POS] Lat: 47.397971, Lon: 8.546164, Alt: -0.12m
22:22:16 [POS] Lat: 47.397971, Lon: 8.546164, Alt: -0.12m
22:22:16 [POS] Lat: 47.397971, Lon: 8.546164, Alt: -0.12m
22:22:16 [POS] Lat: 47.397971, Lon: 8.546164, Alt: -0.12m
22:22:16 [POS] Lat: 47.397971, Lon: 8.546164, Alt: -0.12m
22:22:16 [POS] Lat: 47.397971, Lon: 8.546164, Alt: -0.12m
22:22:16 [POS] Lat: 47.397971, Lon: 8.546164, Alt: -0.13m
22:22:16 [POS] Lat: 47.397971, Lon: 8.546164, Alt: -0.13m
22:22:16 [POS] Lat: 47.397971, Lon: 8.546164, Alt: -0.13m
22:22:16 [POS] Lat: 47.397971, Lon: 8.546164, Alt: -0.13m
22:22:16 [POS] Lat: 47.397971, Lon: 8.546165, Alt: -0.14m
22:22:16 [POS] Lat: 47.397971, Lon: 8.546165, Alt: -0.14m
22:22:16 [POS] Lat: 47.397971, Lon: 8.546165, Alt: -0.14m
22:22:16 [POS] Lat: 47.397971, Lon: 8.546165, Alt: -0.14m
22:22:16 [POS] Lat: 47.397971, Lon: 8.546165, Alt: -0.14m
22:22:16 [POS] Lat: 47.397970, Lon: 8.546165, Alt: -0.15m
22:22:16 [POS] Lat: 47.397970, Lon: 8.546165, Alt: -0.15m
22:22:16 [POS] Lat: 47.397970, Lon: 8.546165, Alt: -0.15m
22:22:16 [POS] Lat: 47.397970, Lon: 8.546165, Alt: -0.15m
22:22:16 [POS] Lat: 47.397970, Lon: 8.546165, Alt: -0.15m
22:22:16 [POS] Lat: 47.397970, Lon: 8.546165, Alt: -0.15m
22:22:16 [POS] Lat: 47.397970, Lon: 8.546165, Alt: -0.15m
22:22:16 [POS] Lat: 47.397970, Lon: 8.546165, Alt: -0.15m
22:22:16 [POS] Lat: 47.397970, Lon: 8.546165, Alt: -0.16m
22:22:16 [POS] Lat: 47.397970, Lon: 8.546165, Alt: -0.16m
22:22:16 [POS] Lat: 47.397970, Lon: 8.546165, Alt: -0.16m
22:22:16 [POS] Lat: 47.397970, Lon: 8.546165, Alt: -0.16m
22:22:17 [POS] Lat: 47.397970, Lon: 8.546165, Alt: -0.15m
22:22:17 [POS] Lat: 47.397970, Lon: 8.546165, Alt: -0.15m
22:22:17 [POS] Lat: 47.397970, Lon: 8.546165, Alt: -0.15m
22:22:17 [POS] Lat: 47.397970, Lon: 8.546165, Alt: -0.15m
22:22:17 [POS] Lat: 47.397970, Lon: 8.546165, Alt: -0.15m
22:22:17 [POS] Lat: 47.397970, Lon: 8.546165, Alt: -0.15m
22:22:17 [POS] Lat: 47.397970, Lon: 8.546165, Alt: -0.14m
22:22:17 [POS] Lat: 47.397970, Lon: 8.546165, Alt: -0.14m
22:22:17 [POS] Lat: 47.397970, Lon: 8.546165, Alt: -0.14m
22:22:17 [POS] Lat: 47.397970, Lon: 8.546165, Alt: -0.14m
22:22:17 [POS] Lat: 47.397970, Lon: 8.546165, Alt: -0.14m
22:22:17 [POS] Lat: 47.397970, Lon: 8.546165, Alt: -0.14m
22:22:17 [POS] Lat: 47.397970, Lon: 8.546165, Alt: -0.14m
22:22:17 [POS] Lat: 47.397970, Lon: 8.546165, Alt: -0.14m
22:22:17 [POS] Lat: 47.397970, Lon: 8.546165, Alt: -0.14m
22:22:17 [POS] Lat: 47.397970, Lon: 8.546165, Alt: -0.14m
22:22:17 [POS] Lat: 47.397970, Lon: 8.546165, Alt: -0.14m
22:22:17 [POS] Lat: 47.397970, Lon: 8.546165, Alt: -0.13m
22:22:17 [BAT] Percentage: 100, Voltage: 16.20V
22:22:17 [POS] Lat: 47.397970, Lon: 8.546165, Alt: -0.13m
22:22:17 [POS] Lat: 47.397971, Lon: 8.546164, Alt: -0.13m
22:22:17 [POS] Lat: 47.397971, Lon: 8.546164, Alt: -0.13m
22:22:17 [POS] Lat: 47.397971, Lon: 8.546164, Alt: -0.13m
22:22:17 [POS] Lat: 47.397971, Lon: 8.546164, Alt: -0.13m
22:22:17 [POS] Lat: 47.397971, Lon: 8.546164, Alt: -0.13m
22:22:17 [POS] Lat: 47.397971, Lon: 8.546164, Alt: -0.13m
22:22:17 [POS] Lat: 47.397971, Lon: 8.546164, Alt: -0.13m
22:22:17 [POS] Lat: 47.397971, Lon: 8.546164, Alt: -0.13m
22:22:17 [POS] Lat: 47.397971, Lon: 8.546164, Alt: -0.13m
22:22:17 [POS] Lat: 47.397971, Lon: 8.546164, Alt: -0.13m
22:22:17 [POS] Lat: 47.397971, Lon: 8.546164, Alt: -0.13m
22:22:17 [POS] Lat: 47.397971, Lon: 8.546164, Alt: -0.13m
22:22:17 [POS] Lat: 47.397971, Lon: 8.546164, Alt: -0.13m
22:22:17 [POS] Lat: 47.397971, Lon: 8.546164, Alt: -0.12m
22:22:17 [POS] Lat: 47.397971, Lon: 8.546164, Alt: -0.12m
22:22:17 [POS] Lat: 47.397971, Lon: 8.546164, Alt: -0.12m
22:22:17 [POS] Lat: 47.397971, Lon: 8.546164, Alt: -0.12m
22:22:17 [POS] Lat: 47.397971, Lon: 8.546164, Alt: -0.12m
22:22:17 [POS] Lat: 47.397971, Lon: 8.546164, Alt: -0.12m
22:22:17 [POS] Lat: 47.397971, Lon: 8.546164, Alt: -0.12m
22:22:17 [POS] Lat: 47.397971, Lon: 8.546164, Alt: -0.12m
22:22:17 [POS] Lat: 47.397971, Lon: 8.546164, Alt: -0.12m
22:22:17 [POS] Lat: 47.397971, Lon: 8.546164, Alt: -0.12m
22:22:17 [POS] Lat: 47.397971, Lon: 8.546164, Alt: -0.12m
22:22:17 [POS] Lat: 47.397971, Lon: 8.546164, Alt: -0.12m
22:22:17 [POS] Lat: 47.397971, Lon: 8.546164, Alt: -0.12m
22:22:17 [POS] Lat: 47.397971, Lon: 8.546164, Alt: -0.12m
22:22:17 [POS] Lat: 47.397971, Lon: 8.546164, Alt: -0.12m
22:22:17 [POS] Lat: 47.397971, Lon: 8.546164, Alt: -0.12m
22:22:17 [POS] Lat: 47.397971, Lon: 8.546164, Alt: -0.12m
22:22:17 [POS] Lat: 47.397971, Lon: 8.546164, Alt: -0.12m
22:22:18 [POS] Lat: 47.397971, Lon: 8.546164, Alt: -0.12m
22:22:18 [POS] Lat: 47.397971, Lon: 8.546164, Alt: -0.12m
22:22:18 [POS] Lat: 47.397971, Lon: 8.546164, Alt: -0.12m
22:22:18 [POS] Lat: 47.397971, Lon: 8.546164, Alt: -0.12m
22:22:18 [POS] Lat: 47.397971, Lon: 8.546164, Alt: -0.12m
22:22:18 [POS] Lat: 47.397971, Lon: 8.546164, Alt: -0.12m
22:22:18 [POS] Lat: 47.397971, Lon: 8.546164, Alt: -0.12m
22:22:18 [POS] Lat: 47.397971, Lon: 8.546164, Alt: -0.12m
22:22:18 [POS] Lat: 47.397971, Lon: 8.546164, Alt: -0.12m
22:22:18 [POS] Lat: 47.397971, Lon: 8.546164, Alt: -0.12m
22:22:18 [POS] Lat: 47.397971, Lon: 8.546164, Alt: -0.12m
22:22:18 [POS] Lat: 47.397971, Lon: 8.546164, Alt: -0.12m
22:22:18 [POS] Lat: 47.397971, Lon: 8.546164, Alt: -0.12m
22:22:18 [POS] Lat: 47.397971, Lon: 8.546164, Alt: -0.12m
22:22:18 [POS] Lat: 47.397971, Lon: 8.546164, Alt: -0.12m
22:22:18 [POS] Lat: 47.397971, Lon: 8.546164, Alt: -0.12m
22:22:18 [POS] Lat: 47.397971, Lon: 8.546164, Alt: -0.12m
22:22:18 [POS] Lat: 47.397971, Lon: 8.546164, Alt: -0.12m
22:22:18 [POS] Lat: 47.397971, Lon: 8.546164, Alt: -0.12m
22:22:18 [POS] Lat: 47.397971, Lon: 8.546164, Alt: -0.12m
22:22:18 [POS] Lat: 47.397971, Lon: 8.546164, Alt: -0.12m
22:22:18 [POS] Lat: 47.397971, Lon: 8.546164, Alt: -0.12m
22:22:18 [POS] Lat: 47.397971, Lon: 8.546164, Alt: -0.12m
22:22:18 [POS] Lat: 47.397971, Lon: 8.546164, Alt: -0.12m
22:22:18 [POS] Lat: 47.397971, Lon: 8.546164, Alt: -0.13m
22:22:18 [POS] Lat: 47.397971, Lon: 8.546164, Alt: -0.13m
22:22:18 [POS] Lat: 47.397971, Lon: 8.546164, Alt: -0.13m
22:22:18 [POS] Lat: 47.397971, Lon: 8.546164, Alt: -0.13m
22:22:18 [POS] Lat: 47.397971, Lon: 8.546164, Alt: -0.13m
22:22:18 [POS] Lat: 47.397971, Lon: 8.546164, Alt: -0.13m
22:22:18 [POS] Lat: 47.397971, Lon: 8.546164, Alt: -0.13m
22:22:18 [POS] Lat: 47.397971, Lon: 8.546164, Alt: -0.13m
22:22:18 [POS] Lat: 47.397971, Lon: 8.546164, Alt: -0.13m
22:22:18 [POS] Lat: 47.397971, Lon: 8.546164, Alt: -0.13m
22:22:18 [POS] Lat: 47.397971, Lon: 8.546164, Alt: -0.13m
22:22:18 [POS] Lat: 47.397971, Lon: 8.546164, Alt: -0.13m
22:22:18 [POS] Lat: 47.397971, Lon: 8.546164, Alt: -0.14m
22:22:18 [POS] Lat: 47.397971, Lon: 8.546164, Alt: -0.14m
22:22:18 [POS] Lat: 47.397971, Lon: 8.546164, Alt: -0.14m
22:22:18 [POS] Lat: 47.397971, Lon: 8.546164, Alt: -0.14m
22:22:18 [POS] Lat: 47.397971, Lon: 8.546164, Alt: -0.14m
22:22:18 [POS] Lat: 47.397971, Lon: 8.546164, Alt: -0.14m
22:22:18 [POS] Lat: 47.397971, Lon: 8.546164, Alt: -0.14m
22:22:18 [POS] Lat: 47.397971, Lon: 8.546164, Alt: -0.15m
22:22:18 [POS] Lat: 47.397970, Lon: 8.546164, Alt: -0.15m
22:22:18 [POS] Lat: 47.397970, Lon: 8.546164, Alt: -0.15m
22:22:18 [POS] Lat: 47.397970, Lon: 8.546164, Alt: -0.15m
22:22:18 [POS] Lat: 47.397970, Lon: 8.546164, Alt: -0.15m
22:22:18 [POS] Lat: 47.397970, Lon: 8.546164, Alt: -0.15m
22:22:19 [POS] Lat: 47.397970, Lon: 8.546164, Alt: -0.15m
22:22:19 [POS] Lat: 47.397971, Lon: 8.546164, Alt: -0.16m
22:22:19 [POS] Lat: 47.397971, Lon: 8.546164, Alt: -0.16m
22:22:19 [POS] Lat: 47.397971, Lon: 8.546164, Alt: -0.16m
22:22:19 [POS] Lat: 47.397971, Lon: 8.546164, Alt: -0.17m
22:22:19 [POS] Lat: 47.397971, Lon: 8.546164, Alt: -0.17m
22:22:19 [POS] Lat: 47.397971, Lon: 8.546164, Alt: -0.17m
22:22:19 [POS] Lat: 47.397971, Lon: 8.546164, Alt: -0.18m
22:22:19 [POS] Lat: 47.397971, Lon: 8.546164, Alt: -0.18m
22:22:19 [POS] Lat: 47.397971, Lon: 8.546164, Alt: -0.19m
22:22:19 [POS] Lat: 47.397971, Lon: 8.546164, Alt: -0.19m
22:22:19 [POS] Lat: 47.397971, Lon: 8.546164, Alt: -0.19m
22:22:19 [POS] Lat: 47.397971, Lon: 8.546164, Alt: -0.19m
22:22:19 [POS] Lat: 47.397971, Lon: 8.546164, Alt: -0.20m
22:22:19 [POS] Lat: 47.397971, Lon: 8.546164, Alt: -0.20m
22:22:19 [POS] Lat: 47.397971, Lon: 8.546164, Alt: -0.21m
22:22:19 [POS] Lat: 47.397971, Lon: 8.546164, Alt: -0.21m
22:22:19 [POS] Lat: 47.397971, Lon: 8.546164, Alt: -0.21m
22:22:19 [POS] Lat: 47.397971, Lon: 8.546164, Alt: -0.21m
22:22:19 [BAT] Percentage: 100, Voltage: 16.20V
22:22:19 [POS] Lat: 47.397971, Lon: 8.546164, Alt: -0.22m
22:22:19 [POS] Lat: 47.397971, Lon: 8.546164, Alt: -0.22m
22:22:19 [POS] Lat: 47.397970, Lon: 8.546164, Alt: -0.22m
22:22:19 [POS] Lat: 47.397970, Lon: 8.546164, Alt: -0.22m
22:22:19 [POS] Lat: 47.397970, Lon: 8.546164, Alt: -0.23m
22:22:19 [POS] Lat: 47.397970, Lon: 8.546164, Alt: -0.23m
22:22:19 [POS] Lat: 47.397970, Lon: 8.546164, Alt: -0.23m
22:22:19 [POS] Lat: 47.397970, Lon: 8.546164, Alt: -0.24m
22:22:19 [POS] Lat: 47.397970, Lon: 8.546164, Alt: -0.24m
22:22:19 [POS] Lat: 47.397970, Lon: 8.546164, Alt: -0.24m
22:22:19 [POS] Lat: 47.397970, Lon: 8.546164, Alt: -0.24m
22:22:19 [POS] Lat: 47.397970, Lon: 8.546164, Alt: -0.25m
22:22:19 [POS] Lat: 47.397970, Lon: 8.546164, Alt: -0.25m
22:22:19 [POS] Lat: 47.397970, Lon: 8.546164, Alt: -0.25m
22:22:19 [POS] Lat: 47.397970, Lon: 8.546164, Alt: -0.26m
22:22:19 [POS] Lat: 47.397970, Lon: 8.546164, Alt: -0.26m
22:22:19 [POS] Lat: 47.397970, Lon: 8.546164, Alt: -0.26m
22:22:19 [POS] Lat: 47.397970, Lon: 8.546164, Alt: -0.26m
22:22:19 [POS] Lat: 47.397970, Lon: 8.546164, Alt: -0.27m
22:22:19 [POS] Lat: 47.397970, Lon: 8.546164, Alt: -0.27m
22:22:19 [POS] Lat: 47.397970, Lon: 8.546164, Alt: -0.27m
22:22:19 [POS] Lat: 47.397970, Lon: 8.546164, Alt: -0.27m
22:22:19 [POS] Lat: 47.397970, Lon: 8.546164, Alt: -0.28m
22:22:19 [POS] Lat: 47.397970, Lon: 8.546164, Alt: -0.28m
22:22:19 [POS] Lat: 47.397970, Lon: 8.546164, Alt: -0.28m
22:22:19 [POS] Lat: 47.397970, Lon: 8.546164, Alt: -0.29m
22:22:19 [POS] Lat: 47.397970, Lon: 8.546164, Alt: -0.29m
22:22:19 [POS] Lat: 47.397970, Lon: 8.546164, Alt: -0.29m
22:22:19 [POS] Lat: 47.397970, Lon: 8.546164, Alt: -0.30m
22:22:19 [POS] Lat: 47.397970, Lon: 8.546164, Alt: -0.30m
22:22:20 [POS] Lat: 47.397970, Lon: 8.546164, Alt: -0.30m
22:22:20 [POS] Lat: 47.397970, Lon: 8.546164, Alt: -0.31m
22:22:20 [POS] Lat: 47.397970, Lon: 8.546164, Alt: -0.31m
22:22:20 [POS] Lat: 47.397970, Lon: 8.546164, Alt: -0.31m
22:22:20 [POS] Lat: 47.397970, Lon: 8.546164, Alt: -0.31m
22:22:20 [POS] Lat: 47.397970, Lon: 8.546164, Alt: -0.31m
22:22:20 [POS] Lat: 47.397970, Lon: 8.546164, Alt: -0.32m
22:22:20 [POS] Lat: 47.397970, Lon: 8.546164, Alt: -0.32m
22:22:20 [POS] Lat: 47.397970, Lon: 8.546164, Alt: -0.32m
22:22:20 [POS] Lat: 47.397970, Lon: 8.546164, Alt: -0.32m
22:22:20 [POS] Lat: 47.397970, Lon: 8.546164, Alt: -0.32m
22:22:20 [POS] Lat: 47.397970, Lon: 8.546164, Alt: -0.32m
22:22:20 [POS] Lat: 47.397970, Lon: 8.546164, Alt: -0.32m
22:22:20 [POS] Lat: 47.397970, Lon: 8.546164, Alt: -0.32m
22:22:20 [POS] Lat: 47.397970, Lon: 8.546164, Alt: -0.32m
22:22:20 [POS] Lat: 47.397970, Lon: 8.546164, Alt: -0.32m
22:22:20 [POS] Lat: 47.397970, Lon: 8.546164, Alt: -0.32m
22:22:20 [POS] Lat: 47.397970, Lon: 8.546163, Alt: -0.32m
22:22:20 [POS] Lat: 47.397970, Lon: 8.546163, Alt: -0.33m
22:22:20 [POS] Lat: 47.397970, Lon: 8.546163, Alt: -0.33m
22:22:20 [POS] Lat: 47.397970, Lon: 8.546163, Alt: -0.33m
22:22:20 [POS] Lat: 47.397970, Lon: 8.546163, Alt: -0.33m
22:22:20 [POS] Lat: 47.397970, Lon: 8.546163, Alt: -0.33m
22:22:20 [POS] Lat: 47.397970, Lon: 8.546163, Alt: -0.33m
22:22:20 [POS] Lat: 47.397970, Lon: 8.546163, Alt: -0.33m
22:22:20 [POS] Lat: 47.397970, Lon: 8.546163, Alt: -0.34m
22:22:20 [POS] Lat: 47.397970, Lon: 8.546163, Alt: -0.34m
22:22:20 [POS] Lat: 47.397970, Lon: 8.546163, Alt: -0.34m
22:22:20 [POS] Lat: 47.397970, Lon: 8.546163, Alt: -0.34m
22:22:20 [POS] Lat: 47.397970, Lon: 8.546163, Alt: -0.34m
22:22:20 [POS] Lat: 47.397970, Lon: 8.546163, Alt: -0.35m
22:22:20 [POS] Lat: 47.397970, Lon: 8.546163, Alt: -0.35m
22:22:20 [POS] Lat: 47.397970, Lon: 8.546163, Alt: -0.35m
22:22:20 [POS] Lat: 47.397970, Lon: 8.546163, Alt: -0.35m
22:22:20 [POS] Lat: 47.397970, Lon: 8.546163, Alt: -0.35m
22:22:20 [POS] Lat: 47.397970, Lon: 8.546163, Alt: -0.35m
22:22:20 [POS] Lat: 47.397970, Lon: 8.546163, Alt: -0.36m
22:22:20 [POS] Lat: 47.397970, Lon: 8.546163, Alt: -0.36m
22:22:20 [POS] Lat: 47.397970, Lon: 8.546163, Alt: -0.36m
22:22:20 [POS] Lat: 47.397970, Lon: 8.546163, Alt: -0.36m
22:22:20 [POS] Lat: 47.397970, Lon: 8.546163, Alt: -0.36m
22:22:20 [POS] Lat: 47.397970, Lon: 8.546163, Alt: -0.37m
22:22:20 [POS] Lat: 47.397970, Lon: 8.546164, Alt: -0.37m
22:22:20 [POS] Lat: 47.397970, Lon: 8.546164, Alt: -0.37m
22:22:20 [POS] Lat: 47.397970, Lon: 8.546164, Alt: -0.37m
22:22:20 [POS] Lat: 47.397970, Lon: 8.546164, Alt: -0.38m
22:22:20 [POS] Lat: 47.397970, Lon: 8.546164, Alt: -0.38m
22:22:20 [POS] Lat: 47.397970, Lon: 8.546164, Alt: -0.38m
22:22:20 [POS] Lat: 47.397970, Lon: 8.546164, Alt: -0.38m
22:22:20 [POS] Lat: 47.397970, Lon: 8.546164, Alt: -0.39m
22:22:21 [POS] Lat: 47.397970, Lon: 8.546164, Alt: -0.39m
22:22:21 [POS] Lat: 47.397970, Lon: 8.546164, Alt: -0.39m
22:22:21 [POS] Lat: 47.397970, Lon: 8.546164, Alt: -0.40m
22:22:21 [POS] Lat: 47.397970, Lon: 8.546164, Alt: -0.40m
22:22:21 [POS] Lat: 47.397970, Lon: 8.546164, Alt: -0.40m
22:22:21 [POS] Lat: 47.397970, Lon: 8.546164, Alt: -0.40m
22:22:21 [POS] Lat: 47.397970, Lon: 8.546164, Alt: -0.40m
22:22:21 [POS] Lat: 47.397970, Lon: 8.546164, Alt: -0.41m
22:22:21 [POS] Lat: 47.397970, Lon: 8.546164, Alt: -0.41m
22:22:21 [POS] Lat: 47.397970, Lon: 8.546164, Alt: -0.41m
22:22:21 [POS] Lat: 47.397970, Lon: 8.546164, Alt: -0.41m
22:22:21 [POS] Lat: 47.397970, Lon: 8.546164, Alt: -0.42m
22:22:21 [POS] Lat: 47.397970, Lon: 8.546164, Alt: -0.42m
22:22:21 [POS] Lat: 47.397970, Lon: 8.546164, Alt: -0.42m
22:22:21 [POS] Lat: 47.397970, Lon: 8.546164, Alt: -0.43m
22:22:21 [POS] Lat: 47.397970, Lon: 8.546164, Alt: -0.43m
22:22:21 [POS] Lat: 47.397970, Lon: 8.546164, Alt: -0.43m
22:22:21 [POS] Lat: 47.397970, Lon: 8.546164, Alt: -0.43m
22:22:21 [POS] Lat: 47.397970, Lon: 8.546164, Alt: -0.44m
22:22:21 [POS] Lat: 47.397970, Lon: 8.546163, Alt: -0.44m
22:22:21 [BAT] Percentage: 100, Voltage: 16.20V
22:22:21 [POS] Lat: 47.397970, Lon: 8.546163, Alt: -0.44m
22:22:21 [POS] Lat: 47.397970, Lon: 8.546163, Alt: -0.44m
22:22:21 [POS] Lat: 47.397970, Lon: 8.546163, Alt: -0.45m
22:22:21 [POS] Lat: 47.397970, Lon: 8.546163, Alt: -0.45m
22:22:21 [POS] Lat: 47.397970, Lon: 8.546163, Alt: -0.45m
22:22:21 [POS] Lat: 47.397970, Lon: 8.546163, Alt: -0.45m
22:22:21 [POS] Lat: 47.397970, Lon: 8.546163, Alt: -0.45m
22:22:21 [POS] Lat: 47.397970, Lon: 8.546163, Alt: -0.46m
22:22:21 [POS] Lat: 47.397970, Lon: 8.546163, Alt: -0.46m
22:22:21 [POS] Lat: 47.397970, Lon: 8.546163, Alt: -0.46m
22:22:21 [POS] Lat: 47.397970, Lon: 8.546163, Alt: -0.46m
22:22:21 [POS] Lat: 47.397970, Lon: 8.546163, Alt: -0.46m
22:22:21 [POS] Lat: 47.397970, Lon: 8.546163, Alt: -0.46m
22:22:21 [POS] Lat: 47.397970, Lon: 8.546163, Alt: -0.47m
22:22:21 [POS] Lat: 47.397970, Lon: 8.546163, Alt: -0.47m
22:22:21 [POS] Lat: 47.397970, Lon: 8.546163, Alt: -0.47m
22:22:21 [POS] Lat: 47.397970, Lon: 8.546163, Alt: -0.47m
22:22:21 [POS] Lat: 47.397970, Lon: 8.546163, Alt: -0.47m
22:22:21 [POS] Lat: 47.397970, Lon: 8.546163, Alt: -0.47m
22:22:21 [POS] Lat: 47.397970, Lon: 8.546163, Alt: -0.47m
22:22:21 [POS] Lat: 47.397970, Lon: 8.546163, Alt: -0.47m
22:22:21 [POS] Lat: 47.397970, Lon: 8.546163, Alt: -0.47m
22:22:21 [POS] Lat: 47.397970, Lon: 8.546163, Alt: -0.47m
22:22:21 [POS] Lat: 47.397970, Lon: 8.546163, Alt: -0.48m
22:22:21 [POS] Lat: 47.397970, Lon: 8.546163, Alt: -0.48m
22:22:21 [POS] Lat: 47.397970, Lon: 8.546163, Alt: -0.48m
22:22:21 [POS] Lat: 47.397970, Lon: 8.546163, Alt: -0.48m
22:22:21 [POS] Lat: 47.397970, Lon: 8.546163, Alt: -0.48m
22:22:21 [POS] Lat: 47.397970, Lon: 8.546163, Alt: -0.48m
22:22:22 [POS] Lat: 47.397970, Lon: 8.546163, Alt: -0.48m
22:22:22 [POS] Lat: 47.397970, Lon: 8.546163, Alt: -0.48m
22:22:22 [POS] Lat: 47.397970, Lon: 8.546163, Alt: -0.49m
22:22:22 [POS] Lat: 47.397970, Lon: 8.546163, Alt: -0.49m
22:22:22 [POS] Lat: 47.397970, Lon: 8.546163, Alt: -0.49m
22:22:22 [POS] Lat: 47.397970, Lon: 8.546163, Alt: -0.49m
22:22:22 [POS] Lat: 47.397970, Lon: 8.546163, Alt: -0.49m
22:22:22 [POS] Lat: 47.397970, Lon: 8.546163, Alt: -0.49m
22:22:22 [POS] Lat: 47.397970, Lon: 8.546163, Alt: -0.49m
22:22:22 [POS] Lat: 47.397970, Lon: 8.546163, Alt: -0.50m
22:22:22 [POS] Lat: 47.397970, Lon: 8.546163, Alt: -0.50m
22:22:22 [POS] Lat: 47.397970, Lon: 8.546163, Alt: -0.50m
22:22:22 [POS] Lat: 47.397970, Lon: 8.546163, Alt: -0.50m
22:22:22 [POS] Lat: 47.397970, Lon: 8.546163, Alt: -0.50m
22:22:22 [POS] Lat: 47.397970, Lon: 8.546163, Alt: -0.50m
22:22:22 [POS] Lat: 47.397970, Lon: 8.546163, Alt: -0.50m
22:22:22 [POS] Lat: 47.397970, Lon: 8.546163, Alt: -0.50m
22:22:22 [POS] Lat: 47.397970, Lon: 8.546163, Alt: -0.51m
22:22:22 [POS] Lat: 47.397970, Lon: 8.546163, Alt: -0.51m
22:22:22 [POS] Lat: 47.397970, Lon: 8.546163, Alt: -0.51m
22:22:22 [POS] Lat: 47.397970, Lon: 8.546163, Alt: -0.51m
22:22:22 [POS] Lat: 47.397970, Lon: 8.546163, Alt: -0.51m
22:22:22 [POS] Lat: 47.397970, Lon: 8.546163, Alt: -0.52m
22:22:22 [POS] Lat: 47.397970, Lon: 8.546163, Alt: -0.52m
22:22:22 [POS] Lat: 47.397970, Lon: 8.546163, Alt: -0.52m
22:22:22 [POS] Lat: 47.397970, Lon: 8.546163, Alt: -0.52m
22:22:22 [POS] Lat: 47.397970, Lon: 8.546163, Alt: -0.52m
22:22:22 [POS] Lat: 47.397970, Lon: 8.546163, Alt: -0.52m
22:22:22 [POS] Lat: 47.397970, Lon: 8.546163, Alt: -0.52m
22:22:22 [POS] Lat: 47.397970, Lon: 8.546163, Alt: -0.52m
22:22:22 [POS] Lat: 47.397970, Lon: 8.546163, Alt: -0.52m
22:22:22 [POS] Lat: 47.397970, Lon: 8.546163, Alt: -0.53m
22:22:22 [POS] Lat: 47.397970, Lon: 8.546163, Alt: -0.53m
22:22:22 [POS] Lat: 47.397970, Lon: 8.546163, Alt: -0.53m
22:22:22 [POS] Lat: 47.397970, Lon: 8.546163, Alt: -0.53m
22:22:22 [POS] Lat: 47.397970, Lon: 8.546163, Alt: -0.53m
22:22:22 [POS] Lat: 47.397970, Lon: 8.546163, Alt: -0.53m
22:22:22 [POS] Lat: 47.397970, Lon: 8.546163, Alt: -0.53m
22:22:22 [POS] Lat: 47.397970, Lon: 8.546163, Alt: -0.53m
22:22:22 [POS] Lat: 47.397970, Lon: 8.546163, Alt: -0.53m
22:22:22 [POS] Lat: 47.397970, Lon: 8.546163, Alt: -0.52m
22:22:22 [POS] Lat: 47.397970, Lon: 8.546163, Alt: -0.52m
22:22:22 [POS] Lat: 47.397970, Lon: 8.546163, Alt: -0.52m
22:22:22 [POS] Lat: 47.397970, Lon: 8.546163, Alt: -0.52m
22:22:22 [POS] Lat: 47.397970, Lon: 8.546163, Alt: -0.52m
22:22:22 [POS] Lat: 47.397970, Lon: 8.546163, Alt: -0.52m
22:22:22 [POS] Lat: 47.397970, Lon: 8.546163, Alt: -0.52m
22:22:22 [POS] Lat: 47.397970, Lon: 8.546163, Alt: -0.52m
22:22:22 [POS] Lat: 47.397970, Lon: 8.546163, Alt: -0.52m
22:22:22 [POS] Lat: 47.397970, Lon: 8.546163, Alt: -0.52m
22:22:23 [POS] Lat: 47.397970, Lon: 8.546163, Alt: -0.52m
22:22:23 [POS] Lat: 47.397970, Lon: 8.546163, Alt: -0.52m
22:22:23 [POS] Lat: 47.397970, Lon: 8.546163, Alt: -0.52m
22:22:23 [POS] Lat: 47.397970, Lon: 8.546163, Alt: -0.52m
22:22:23 [POS] Lat: 47.397970, Lon: 8.546163, Alt: -0.52m
22:22:23 [POS] Lat: 47.397970, Lon: 8.546163, Alt: -0.52m
22:22:23 [POS] Lat: 47.397970, Lon: 8.546163, Alt: -0.53m
22:22:23 [POS] Lat: 47.397970, Lon: 8.546163, Alt: -0.53m
22:22:23 [POS] Lat: 47.397970, Lon: 8.546163, Alt: -0.53m
22:22:23 [POS] Lat: 47.397970, Lon: 8.546163, Alt: -0.52m
22:22:23 [POS] Lat: 47.397970, Lon: 8.546163, Alt: -0.52m
22:22:23 [POS] Lat: 47.397970, Lon: 8.546163, Alt: -0.52m
22:22:23 [POS] Lat: 47.397970, Lon: 8.546163, Alt: -0.52m
22:22:23 [POS] Lat: 47.397970, Lon: 8.546163, Alt: -0.52m
22:22:23 [POS] Lat: 47.397970, Lon: 8.546163, Alt: -0.52m
22:22:23 [POS] Lat: 47.397970, Lon: 8.546163, Alt: -0.52m
22:22:23 [POS] Lat: 47.397970, Lon: 8.546163, Alt: -0.52m
22:22:23 [POS] Lat: 47.397970, Lon: 8.546163, Alt: -0.52m
22:22:23 [POS] Lat: 47.397970, Lon: 8.546163, Alt: -0.52m
22:22:23 [POS] Lat: 47.397970, Lon: 8.546163, Alt: -0.52m
22:22:23 [POS] Lat: 47.397970, Lon: 8.546163, Alt: -0.52m
22:22:23 [BAT] Percentage: 100, Voltage: 16.20V
22:22:23 [POS] Lat: 47.397970, Lon: 8.546163, Alt: -0.52m
22:22:23 [POS] Lat: 47.397970, Lon: 8.546163, Alt: -0.52m
22:22:23 [POS] Lat: 47.397970, Lon: 8.546163, Alt: -0.52m
22:22:23 [POS] Lat: 47.397970, Lon: 8.546163, Alt: -0.52m
22:22:23 [POS] Lat: 47.397970, Lon: 8.546163, Alt: -0.53m
22:22:23 [POS] Lat: 47.397970, Lon: 8.546163, Alt: -0.52m
22:22:23 [POS] Lat: 47.397970, Lon: 8.546163, Alt: -0.52m
22:22:23 [POS] Lat: 47.397970, Lon: 8.546163, Alt: -0.52m
22:22:23 [POS] Lat: 47.397970, Lon: 8.546163, Alt: -0.52m
22:22:23 [POS] Lat: 47.397970, Lon: 8.546163, Alt: -0.52m
22:22:23 [POS] Lat: 47.397970, Lon: 8.546163, Alt: -0.52m
22:22:23 [POS] Lat: 47.397970, Lon: 8.546163, Alt: -0.52m
22:22:23 [POS] Lat: 47.397970, Lon: 8.546163, Alt: -0.52m
22:22:23 [POS] Lat: 47.397970, Lon: 8.546163, Alt: -0.51m
22:22:23 [POS] Lat: 47.397970, Lon: 8.546163, Alt: -0.51m
22:22:23 [POS] Lat: 47.397970, Lon: 8.546163, Alt: -0.51m
22:22:23 [POS] Lat: 47.397970, Lon: 8.546163, Alt: -0.51m
22:22:23 [POS] Lat: 47.397970, Lon: 8.546163, Alt: -0.51m
22:22:23 [POS] Lat: 47.397970, Lon: 8.546163, Alt: -0.51m
22:22:23 [POS] Lat: 47.397970, Lon: 8.546163, Alt: -0.51m
22:22:23 [POS] Lat: 47.397970, Lon: 8.546163, Alt: -0.51m
22:22:23 [POS] Lat: 47.397970, Lon: 8.546163, Alt: -0.51m
22:22:23 [POS] Lat: 47.397970, Lon: 8.546163, Alt: -0.51m
22:22:23 [POS] Lat: 47.397970, Lon: 8.546163, Alt: -0.51m
22:22:23 [POS] Lat: 47.397970, Lon: 8.546163, Alt: -0.51m
22:22:23 [POS] Lat: 47.397970, Lon: 8.546163, Alt: -0.51m
22:22:23 [POS] Lat: 47.397970, Lon: 8.546163, Alt: -0.51m
22:22:23 [POS] Lat: 47.397970, Lon: 8.546163, Alt: -0.51m
22:22:24 [POS] Lat: 47.397970, Lon: 8.546163, Alt: -0.51m
22:22:24 [POS] Lat: 47.397970, Lon: 8.546163, Alt: -0.51m
22:22:24 [POS] Lat: 47.397970, Lon: 8.546163, Alt: -0.51m
22:22:24 [POS] Lat: 47.397970, Lon: 8.546163, Alt: -0.51m
22:22:24 [POS] Lat: 47.397970, Lon: 8.546163, Alt: -0.51m
22:22:24 [POS] Lat: 47.397970, Lon: 8.546163, Alt: -0.51m
22:22:24 [POS] Lat: 47.397970, Lon: 8.546163, Alt: -0.51m
22:22:24 [POS] Lat: 47.397970, Lon: 8.546163, Alt: -0.51m
22:22:24 [POS] Lat: 47.397970, Lon: 8.546163, Alt: -0.51m
22:22:24 [POS] Lat: 47.397970, Lon: 8.546163, Alt: -0.51m
22:22:24 [POS] Lat: 47.397970, Lon: 8.546163, Alt: -0.51m
22:22:24 [POS] Lat: 47.397970, Lon: 8.546163, Alt: -0.51m
22:22:24 [POS] Lat: 47.397970, Lon: 8.546163, Alt: -0.51m
22:22:24 [POS] Lat: 47.397970, Lon: 8.546163, Alt: -0.51m
22:22:24 [POS] Lat: 47.397970, Lon: 8.546163, Alt: -0.51m
22:22:24 [POS] Lat: 47.397970, Lon: 8.546163, Alt: -0.51m
22:22:24 [POS] Lat: 47.397970, Lon: 8.546163, Alt: -0.51m
22:22:24 [POS] Lat: 47.397970, Lon: 8.546163, Alt: -0.51m
22:22:24 [POS] Lat: 47.397970, Lon: 8.546163, Alt: -0.51m
22:22:24 [POS] Lat: 47.397970, Lon: 8.546163, Alt: -0.51m
22:22:24 [POS] Lat: 47.397970, Lon: 8.546163, Alt: -0.52m
22:22:24 [POS] Lat: 47.397970, Lon: 8.546163, Alt: -0.52m
22:22:24 [POS] Lat: 47.397970, Lon: 8.546163, Alt: -0.52m
22:22:24 [POS] Lat: 47.397970, Lon: 8.546163, Alt: -0.52m
22:22:24 [POS] Lat: 47.397970, Lon: 8.546164, Alt: -0.52m
22:22:24 [POS] Lat: 47.397970, Lon: 8.546164, Alt: -0.52m
22:22:24 [POS] Lat: 47.397970, Lon: 8.546164, Alt: -0.52m
22:22:24 [POS] Lat: 47.397970, Lon: 8.546164, Alt: -0.52m
22:22:24 [POS] Lat: 47.397970, Lon: 8.546164, Alt: -0.52m
22:22:24 [POS] Lat: 47.397970, Lon: 8.546164, Alt: -0.52m
22:22:24 [POS] Lat: 47.397970, Lon: 8.546164, Alt: -0.52m
22:22:24 [POS] Lat: 47.397970, Lon: 8.546164, Alt: -0.52m
22:22:24 [POS] Lat: 47.397970, Lon: 8.546164, Alt: -0.52m
22:22:24 [POS] Lat: 47.397970, Lon: 8.546164, Alt: -0.52m
22:22:24 [POS] Lat: 47.397970, Lon: 8.546164, Alt: -0.52m
22:22:24 [POS] Lat: 47.397970, Lon: 8.546164, Alt: -0.52m
22:22:24 [POS] Lat: 47.397970, Lon: 8.546164, Alt: -0.52m
22:22:24 [POS] Lat: 47.397970, Lon: 8.546164, Alt: -0.52m
22:22:24 [POS] Lat: 47.397970, Lon: 8.546164, Alt: -0.52m
22:22:24 [POS] Lat: 47.397970, Lon: 8.546164, Alt: -0.52m
22:22:24 [POS] Lat: 47.397970, Lon: 8.546164, Alt: -0.52m
22:22:24 [POS] Lat: 47.397970, Lon: 8.546164, Alt: -0.52m
22:22:24 [POS] Lat: 47.397970, Lon: 8.546164, Alt: -0.52m
22:22:24 [POS] Lat: 47.397970, Lon: 8.546164, Alt: -0.52m
22:22:24 [POS] Lat: 47.397970, Lon: 8.546164, Alt: -0.53m
22:22:24 [POS] Lat: 47.397970, Lon: 8.546164, Alt: -0.53m
22:22:24 [POS] Lat: 47.397970, Lon: 8.546164, Alt: -0.53m
22:22:24 [POS] Lat: 47.397970, Lon: 8.546164, Alt: -0.53m
22:22:24 [POS] Lat: 47.397970, Lon: 8.546164, Alt: -0.52m
22:22:25 [POS] Lat: 47.397970, Lon: 8.546164, Alt: -0.52m
22:22:25 [POS] Lat: 47.397970, Lon: 8.546164, Alt: -0.52m
22:22:25 [POS] Lat: 47.397970, Lon: 8.546164, Alt: -0.52m
22:22:25 [POS] Lat: 47.397970, Lon: 8.546164, Alt: -0.52m
22:22:25 [POS] Lat: 47.397970, Lon: 8.546164, Alt: -0.52m
22:22:25 [POS] Lat: 47.397970, Lon: 8.546164, Alt: -0.52m
22:22:25 [POS] Lat: 47.397970, Lon: 8.546164, Alt: -0.52m
22:22:25 [POS] Lat: 47.397970, Lon: 8.546164, Alt: -0.52m
22:22:25 [POS] Lat: 47.397970, Lon: 8.546164, Alt: -0.52m
22:22:25 [POS] Lat: 47.397970, Lon: 8.546164, Alt: -0.52m
22:22:25 [POS] Lat: 47.397970, Lon: 8.546164, Alt: -0.52m
22:22:25 [POS] Lat: 47.397970, Lon: 8.546164, Alt: -0.52m
22:22:25 [POS] Lat: 47.397970, Lon: 8.546164, Alt: -0.52m
22:22:25 [POS] Lat: 47.397970, Lon: 8.546164, Alt: -0.52m
22:22:25 [POS] Lat: 47.397970, Lon: 8.546164, Alt: -0.52m
22:22:25 [POS] Lat: 47.397970, Lon: 8.546164, Alt: -0.52m
22:22:25 [POS] Lat: 47.397970, Lon: 8.546164, Alt: -0.52m
22:22:25 [POS] Lat: 47.397970, Lon: 8.546164, Alt: -0.52m
22:22:25 [POS] Lat: 47.397970, Lon: 8.546164, Alt: -0.52m
22:22:25 [POS] Lat: 47.397970, Lon: 8.546164, Alt: -0.53m
22:22:25 [POS] Lat: 47.397970, Lon: 8.546164, Alt: -0.53m
22:22:25 [POS] Lat: 47.397970, Lon: 8.546164, Alt: -0.53m
22:22:25 [POS] Lat: 47.397970, Lon: 8.546164, Alt: -0.53m
22:22:25 [BAT] Percentage: 100, Voltage: 16.20V
22:22:25 [POS] Lat: 47.397970, Lon: 8.546164, Alt: -0.53m
22:22:25 [POS] Lat: 47.397970, Lon: 8.546164, Alt: -0.53m
22:22:25 [POS] Lat: 47.397970, Lon: 8.546164, Alt: -0.53m
22:22:25 [POS] Lat: 47.397970, Lon: 8.546164, Alt: -0.53m
22:22:25 [POS] Lat: 47.397970, Lon: 8.546164, Alt: -0.53m
22:22:25 [POS] Lat: 47.397970, Lon: 8.546164, Alt: -0.53m
22:22:25 [POS] Lat: 47.397970, Lon: 8.546164, Alt: -0.54m
22:22:25 [POS] Lat: 47.397970, Lon: 8.546164, Alt: 0.00m
22:22:25 [POS] Lat: 47.397970, Lon: 8.546164, Alt: -0.00m
22:22:25 [POS] Lat: 47.397970, Lon: 8.546164, Alt: -0.00m
22:22:25 [POS] Lat: 47.397970, Lon: 8.546164, Alt: -0.01m
22:22:25 [POS] Lat: 47.397970, Lon: 8.546164, Alt: -0.01m
22:22:25 [POS] Lat: 47.397970, Lon: 8.546164, Alt: -0.01m
22:22:25 [POS] Lat: 47.397970, Lon: 8.546164, Alt: -0.01m
22:22:25 [POS] Lat: 47.397970, Lon: 8.546164, Alt: -0.01m
22:22:25 [POS] Lat: 47.397970, Lon: 8.546164, Alt: -0.01m
22:22:25 [POS] Lat: 47.397970, Lon: 8.546164, Alt: -0.01m
22:22:25 [POS] Lat: 47.397970, Lon: 8.546164, Alt: -0.01m
22:22:25 [POS] Lat: 47.397970, Lon: 8.546164, Alt: -0.01m
22:22:25 [POS] Lat: 47.397970, Lon: 8.546164, Alt: -0.01m
22:22:25 [POS] Lat: 47.397970, Lon: 8.546164, Alt: -0.01m
22:22:25 [POS] Lat: 47.397970, Lon: 8.546164, Alt: -0.02m
22:22:25 [POS] Lat: 47.397970, Lon: 8.546164, Alt: -0.02m
22:22:25 [POS] Lat: 47.397970, Lon: 8.546164, Alt: -0.02m
22:22:25 [POS] Lat: 47.397970, Lon: 8.546164, Alt: -0.02m
22:22:25 [POS] Lat: 47.397970, Lon: 8.546164, Alt: -0.02m
22:22:25 [POS] Lat: 47.397970, Lon: 8.546164, Alt: -0.02m
22:22:26 [POS] Lat: 47.397970, Lon: 8.546164, Alt: -0.02m
22:22:26 [POS] Lat: 47.397970, Lon: 8.546164, Alt: -0.02m
22:22:26 [POS] Lat: 47.397970, Lon: 8.546164, Alt: -0.02m
22:22:26 [POS] Lat: 47.397970, Lon: 8.546164, Alt: -0.02m
22:22:26 [POS] Lat: 47.397970, Lon: 8.546164, Alt: -0.02m
22:22:26 [POS] Lat: 47.397970, Lon: 8.546164, Alt: -0.02m
22:22:26 [POS] Lat: 47.397970, Lon: 8.546164, Alt: -0.02m
22:22:26 [POS] Lat: 47.397970, Lon: 8.546164, Alt: -0.02m
22:22:26 [POS] Lat: 47.397970, Lon: 8.546164, Alt: -0.02m
22:22:26 [POS] Lat: 47.397970, Lon: 8.546164, Alt: -0.02m
22:22:26 [POS] Lat: 47.397970, Lon: 8.546164, Alt: -0.03m
22:22:26 [POS] Lat: 47.397970, Lon: 8.546164, Alt: -0.03m
22:22:26 [POS] Lat: 47.397970, Lon: 8.546164, Alt: -0.03m
22:22:26 [POS] Lat: 47.397970, Lon: 8.546164, Alt: -0.03m
22:22:26 [POS] Lat: 47.397970, Lon: 8.546164, Alt: -0.03m
22:22:26 [POS] Lat: 47.397970, Lon: 8.546164, Alt: -0.04m
22:22:26 [POS] Lat: 47.397970, Lon: 8.546164, Alt: -0.04m
22:22:26 [POS] Lat: 47.397970, Lon: 8.546164, Alt: -0.04m
22:22:26 [POS] Lat: 47.397970, Lon: 8.546164, Alt: -0.04m
22:22:26 [POS] Lat: 47.397970, Lon: 8.546164, Alt: -0.04m
22:22:26 [POS] Lat: 47.397970, Lon: 8.546164, Alt: -0.04m
22:22:26 [POS] Lat: 47.397970, Lon: 8.546164, Alt: -0.04m
22:22:26 [POS] Lat: 47.397970, Lon: 8.546164, Alt: -0.05m
22:22:26 [POS] Lat: 47.397970, Lon: 8.546164, Alt: -0.05m
22:22:26 [POS] Lat: 47.397970, Lon: 8.546164, Alt: -0.05m
22:22:26 [POS] Lat: 47.397970, Lon: 8.546164, Alt: -0.05m
22:22:26 [POS] Lat: 47.397970, Lon: 8.546164, Alt: -0.06m
22:22:26 [POS] Lat: 47.397970, Lon: 8.546164, Alt: -0.06m
22:22:26 [POS] Lat: 47.397970, Lon: 8.546164, Alt: -0.06m
22:22:26 [POS] Lat: 47.397970, Lon: 8.546164, Alt: -0.06m
22:22:26 [POS] Lat: 47.397970, Lon: 8.546164, Alt: -0.06m
22:22:26 [POS] Lat: 47.397970, Lon: 8.546164, Alt: -0.06m
22:22:26 [POS] Lat: 47.397970, Lon: 8.546164, Alt: -0.06m
22:22:26 [POS] Lat: 47.397970, Lon: 8.546164, Alt: -0.07m
22:22:26 [POS] Lat: 47.397970, Lon: 8.546164, Alt: -0.07m
22:22:26 [POS] Lat: 47.397970, Lon: 8.546164, Alt: -0.07m
22:22:26 [POS] Lat: 47.397970, Lon: 8.546164, Alt: -0.07m
22:22:26 [POS] Lat: 47.397970, Lon: 8.546164, Alt: -0.08m
22:22:26 [POS] Lat: 47.397970, Lon: 8.546164, Alt: -0.08m
22:22:26 [POS] Lat: 47.397970, Lon: 8.546164, Alt: -0.08m
22:22:26 [POS] Lat: 47.397970, Lon: 8.546164, Alt: -0.08m
22:22:26 [POS] Lat: 47.397970, Lon: 8.546164, Alt: -0.08m
22:22:26 [POS] Lat: 47.397970, Lon: 8.546164, Alt: -0.09m
22:22:26 [POS] Lat: 47.397970, Lon: 8.546164, Alt: -0.09m
22:22:26 [POS] Lat: 47.397970, Lon: 8.546164, Alt: -0.09m
22:22:26 [POS] Lat: 47.397970, Lon: 8.546164, Alt: -0.09m
22:22:26 [POS] Lat: 47.397970, Lon: 8.546164, Alt: -0.09m
22:22:26 [POS] Lat: 47.397970, Lon: 8.546164, Alt: -0.10m
22:22:26 [POS] Lat: 47.397970, Lon: 8.546164, Alt: -0.10m
22:22:27 [POS] Lat: 47.397970, Lon: 8.546164, Alt: -0.10m
22:22:27 [POS] Lat: 47.397970, Lon: 8.546164, Alt: -0.10m
22:22:27 [POS] Lat: 47.397970, Lon: 8.546164, Alt: -0.10m
22:22:27 [POS] Lat: 47.397970, Lon: 8.546164, Alt: -0.10m
22:22:27 [POS] Lat: 47.397970, Lon: 8.546164, Alt: -0.11m
22:22:27 [POS] Lat: 47.397970, Lon: 8.546164, Alt: -0.11m
22:22:27 [POS] Lat: 47.397970, Lon: 8.546164, Alt: -0.11m
22:22:27 [POS] Lat: 47.397970, Lon: 8.546164, Alt: -0.11m
22:22:27 [POS] Lat: 47.397970, Lon: 8.546164, Alt: -0.11m
22:22:27 [POS] Lat: 47.397970, Lon: 8.546164, Alt: -0.11m
22:22:27 [POS] Lat: 47.397970, Lon: 8.546164, Alt: -0.11m
22:22:27 [POS] Lat: 47.397970, Lon: 8.546164, Alt: -0.11m
22:22:27 [POS] Lat: 47.397970, Lon: 8.546164, Alt: -0.11m
22:22:27 [POS] Lat: 47.397970, Lon: 8.546164, Alt: -0.11m
22:22:27 [POS] Lat: 47.397970, Lon: 8.546164, Alt: -0.11m
22:22:27 [POS] Lat: 47.397970, Lon: 8.546164, Alt: -0.11m
22:22:27 [POS] Lat: 47.397970, Lon: 8.546164, Alt: -0.11m
22:22:27 [POS] Lat: 47.397970, Lon: 8.546164, Alt: -0.11m
22:22:27 [POS] Lat: 47.397970, Lon: 8.546164, Alt: -0.11m
22:22:27 [POS] Lat: 47.397970, Lon: 8.546164, Alt: -0.11m
22:22:27 [POS] Lat: 47.397970, Lon: 8.546164, Alt: -0.11m
22:22:27 [POS] Lat: 47.397970, Lon: 8.546164, Alt: -0.11m
22:22:27 [POS] Lat: 47.397970, Lon: 8.546164, Alt: -0.11m
22:22:27 [POS] Lat: 47.397970, Lon: 8.546164, Alt: -0.11m
22:22:27 [BAT] Percentage: 100, Voltage: 16.20V
22:22:27 [POS] Lat: 47.397970, Lon: 8.546164, Alt: -0.11m
22:22:27 [POS] Lat: 47.397970, Lon: 8.546164, Alt: -0.11m
22:22:27 [POS] Lat: 47.397970, Lon: 8.546164, Alt: -0.11m
22:22:27 [POS] Lat: 47.397970, Lon: 8.546164, Alt: -0.11m
22:22:27 [POS] Lat: 47.397970, Lon: 8.546164, Alt: -0.11m
22:22:27 [POS] Lat: 47.397970, Lon: 8.546164, Alt: -0.11m
22:22:27 [POS] Lat: 47.397970, Lon: 8.546164, Alt: -0.11m
22:22:27 [POS] Lat: 47.397970, Lon: 8.546164, Alt: -0.11m
22:22:27 [POS] Lat: 47.397970, Lon: 8.546164, Alt: -0.11m
22:22:27 [POS] Lat: 47.397970, Lon: 8.546164, Alt: -0.11m
22:22:27 [POS] Lat: 47.397970, Lon: 8.546164, Alt: -0.11m
22:22:27 [POS] Lat: 47.397970, Lon: 8.546164, Alt: -0.11m
22:22:27 [POS] Lat: 47.397970, Lon: 8.546164, Alt: -0.11m
22:22:27 [POS] Lat: 47.397970, Lon: 8.546164, Alt: -0.10m
22:22:27 [POS] Lat: 47.397970, Lon: 8.546164, Alt: -0.10m
22:22:27 [POS] Lat: 47.397970, Lon: 8.546164, Alt: -0.10m
22:22:27 [POS] Lat: 47.397970, Lon: 8.546164, Alt: -0.10m
22:22:27 [POS] Lat: 47.397970, Lon: 8.546164, Alt: -0.10m
22:22:27 [POS] Lat: 47.397970, Lon: 8.546164, Alt: -0.09m
22:22:27 [POS] Lat: 47.397970, Lon: 8.546164, Alt: -0.09m
22:22:27 [POS] Lat: 47.397970, Lon: 8.546164, Alt: -0.09m
22:22:27 [POS] Lat: 47.397970, Lon: 8.546164, Alt: -0.09m
22:22:27 [POS] Lat: 47.397970, Lon: 8.546164, Alt: -0.09m
22:22:27 [POS] Lat: 47.397970, Lon: 8.546164, Alt: -0.08m
22:22:27 [POS] Lat: 47.397970, Lon: 8.546164, Alt: -0.08m
22:22:28 [POS] Lat: 47.397970, Lon: 8.546164, Alt: -0.08m
22:22:28 [POS] Lat: 47.397970, Lon: 8.546164, Alt: -0.08m
22:22:28 [POS] Lat: 47.397970, Lon: 8.546164, Alt: -0.08m
22:22:28 [POS] Lat: 47.397970, Lon: 8.546164, Alt: -0.07m
22:22:28 [POS] Lat: 47.397970, Lon: 8.546164, Alt: -0.07m
22:22:28 [POS] Lat: 47.397970, Lon: 8.546164, Alt: -0.07m
22:22:28 [POS] Lat: 47.397970, Lon: 8.546164, Alt: -0.07m
22:22:28 [POS] Lat: 47.397970, Lon: 8.546164, Alt: -0.07m
22:22:28 [POS] Lat: 47.397970, Lon: 8.546164, Alt: -0.07m
22:22:28 [POS] Lat: 47.397970, Lon: 8.546164, Alt: -0.06m
22:22:28 [POS] Lat: 47.397970, Lon: 8.546164, Alt: -0.06m
22:22:28 [POS] Lat: 47.397970, Lon: 8.546164, Alt: -0.06m
22:22:28 [POS] Lat: 47.397970, Lon: 8.546164, Alt: -0.06m
22:22:28 [POS] Lat: 47.397970, Lon: 8.546164, Alt: -0.06m
22:22:28 [POS] Lat: 47.397970, Lon: 8.546164, Alt: -0.06m
22:22:28 [POS] Lat: 47.397970, Lon: 8.546164, Alt: -0.06m
22:22:28 [POS] Lat: 47.397970, Lon: 8.546164, Alt: -0.06m
22:22:28 [POS] Lat: 47.397970, Lon: 8.546164, Alt: -0.06m
22:22:28 [POS] Lat: 47.397970, Lon: 8.546164, Alt: -0.05m
22:22:28 [POS] Lat: 47.397970, Lon: 8.546164, Alt: -0.05m
22:22:28 [POS] Lat: 47.397970, Lon: 8.546164, Alt: -0.05m
22:22:28 [POS] Lat: 47.397970, Lon: 8.546164, Alt: -0.05m
22:22:28 [POS] Lat: 47.397970, Lon: 8.546164, Alt: -0.05m
22:22:28 [POS] Lat: 47.397970, Lon: 8.546164, Alt: -0.05m
22:22:28 [POS] Lat: 47.397970, Lon: 8.546164, Alt: -0.05m
22:22:28 [POS] Lat: 47.397970, Lon: 8.546164, Alt: -0.05m
22:22:28 [POS] Lat: 47.397970, Lon: 8.546164, Alt: -0.05m
22:22:28 [POS] Lat: 47.397970, Lon: 8.546164, Alt: -0.05m
22:22:28 [POS] Lat: 47.397970, Lon: 8.546164, Alt: -0.05m
22:22:28 [POS] Lat: 47.397970, Lon: 8.546164, Alt: -0.05m
22:22:28 [POS] Lat: 47.397970, Lon: 8.546164, Alt: -0.04m
22:22:28 [POS] Lat: 47.397970, Lon: 8.546164, Alt: -0.04m
22:22:28 [POS] Lat: 47.397970, Lon: 8.546164, Alt: -0.04m
22:22:28 [POS] Lat: 47.397970, Lon: 8.546164, Alt: -0.04m
22:22:28 [POS] Lat: 47.397970, Lon: 8.546164, Alt: -0.04m
22:22:28 [POS] Lat: 47.397970, Lon: 8.546164, Alt: -0.04m
22:22:28 [POS] Lat: 47.397970, Lon: 8.546164, Alt: -0.04m
22:22:28 [POS] Lat: 47.397970, Lon: 8.546164, Alt: -0.04m
22:22:28 [POS] Lat: 47.397970, Lon: 8.546164, Alt: -0.04m
22:22:28 [POS] Lat: 47.397970, Lon: 8.546164, Alt: -0.04m
22:22:28 [POS] Lat: 47.397970, Lon: 8.546164, Alt: -0.04m
22:22:28 [POS] Lat: 47.397970, Lon: 8.546164, Alt: -0.04m
22:22:28 [POS] Lat: 47.397970, Lon: 8.546165, Alt: -0.04m
22:22:28 [POS] Lat: 47.397970, Lon: 8.546165, Alt: -0.04m
22:22:28 [POS] Lat: 47.397970, Lon: 8.546165, Alt: -0.04m
22:22:28 [POS] Lat: 47.397970, Lon: 8.546165, Alt: -0.04m
22:22:28 [POS] Lat: 47.397970, Lon: 8.546165, Alt: -0.04m
22:22:28 [POS] Lat: 47.397970, Lon: 8.546165, Alt: -0.04m
22:22:28 [POS] Lat: 47.397970, Lon: 8.546165, Alt: -0.04m
22:22:29 [POS] Lat: 47.397970, Lon: 8.546165, Alt: -0.04m
22:22:29 [POS] Lat: 47.397970, Lon: 8.546165, Alt: -0.04m
22:22:29 [POS] Lat: 47.397970, Lon: 8.546165, Alt: -0.03m
22:22:29 [POS] Lat: 47.397970, Lon: 8.546165, Alt: -0.03m
22:22:29 [POS] Lat: 47.397970, Lon: 8.546165, Alt: -0.03m
22:22:29 [POS] Lat: 47.397970, Lon: 8.546165, Alt: -0.03m
22:22:29 [POS] Lat: 47.397970, Lon: 8.546165, Alt: -0.03m
22:22:29 [POS] Lat: 47.397970, Lon: 8.546165, Alt: -0.03m
22:22:29 [POS] Lat: 47.397970, Lon: 8.546165, Alt: -0.02m
22:22:29 [POS] Lat: 47.397970, Lon: 8.546165, Alt: -0.02m
22:22:29 [POS] Lat: 47.397970, Lon: 8.546165, Alt: -0.02m
22:22:29 [POS] Lat: 47.397970, Lon: 8.546165, Alt: -0.02m
22:22:29 [POS] Lat: 47.397970, Lon: 8.546165, Alt: -0.02m
22:22:29 [POS] Lat: 47.397970, Lon: 8.546165, Alt: -0.02m
22:22:29 [POS] Lat: 47.397970, Lon: 8.546165, Alt: -0.02m
22:22:29 [POS] Lat: 47.397970, Lon: 8.546165, Alt: -0.02m
22:22:29 [POS] Lat: 47.397970, Lon: 8.546165, Alt: -0.01m
22:22:29 [POS] Lat: 47.397970, Lon: 8.546165, Alt: -0.01m
22:22:29 [POS] Lat: 47.397970, Lon: 8.546165, Alt: -0.01m
22:22:29 [POS] Lat: 47.397970, Lon: 8.546165, Alt: -0.01m
22:22:29 [POS] Lat: 47.397970, Lon: 8.546165, Alt: -0.01m
22:22:29 [POS] Lat: 47.397970, Lon: 8.546165, Alt: -0.01m
22:22:29 [POS] Lat: 47.397970, Lon: 8.546165, Alt: -0.00m
22:22:29 [POS] Lat: 47.397970, Lon: 8.546165, Alt: -0.00m
22:22:29 [POS] Lat: 47.397970, Lon: 8.546165, Alt: 0.00m
22:22:29 [POS] Lat: 47.397970, Lon: 8.546165, Alt: 0.00m
22:22:29 [BAT] Percentage: 100, Voltage: 16.20V
22:22:29 [POS] Lat: 47.397970, Lon: 8.546165, Alt: 0.00m
22:22:29 [POS] Lat: 47.397970, Lon: 8.546165, Alt: 0.00m
22:22:29 [POS] Lat: 47.397970, Lon: 8.546165, Alt: 0.00m
22:22:29 [POS] Lat: 47.397970, Lon: 8.546165, Alt: 0.01m
22:22:29 [POS] Lat: 47.397970, Lon: 8.546165, Alt: 0.01m
22:22:29 [POS] Lat: 47.397970, Lon: 8.546165, Alt: 0.01m
22:22:29 [POS] Lat: 47.397970, Lon: 8.546165, Alt: 0.01m
22:22:29 [POS] Lat: 47.397970, Lon: 8.546165, Alt: 0.01m
22:22:29 [POS] Lat: 47.397970, Lon: 8.546165, Alt: 0.01m
22:22:29 [POS] Lat: 47.397970, Lon: 8.546165, Alt: 0.01m
22:22:29 [POS] Lat: 47.397970, Lon: 8.546165, Alt: 0.02m
22:22:29 [POS] Lat: 47.397970, Lon: 8.546165, Alt: 0.02m
22:22:29 [POS] Lat: 47.397970, Lon: 8.546165, Alt: 0.02m
22:22:29 [POS] Lat: 47.397970, Lon: 8.546165, Alt: 0.02m
22:22:29 [POS] Lat: 47.397970, Lon: 8.546165, Alt: 0.02m
22:22:29 [POS] Lat: 47.397970, Lon: 8.546165, Alt: 0.03m
22:22:29 [POS] Lat: 47.397970, Lon: 8.546165, Alt: 0.03m
22:22:29 [POS] Lat: 47.397970, Lon: 8.546165, Alt: 0.03m
22:22:29 [POS] Lat: 47.397970, Lon: 8.546165, Alt: 0.03m
22:22:29 [POS] Lat: 47.397970, Lon: 8.546165, Alt: 0.03m
22:22:29 [POS] Lat: 47.397970, Lon: 8.546165, Alt: 0.04m
22:22:29 [POS] Lat: 47.397970, Lon: 8.546165, Alt: 0.04m
22:22:29 [POS] Lat: 47.397970, Lon: 8.546165, Alt: 0.04m
22:22:29 [POS] Lat: 47.397970, Lon: 8.546165, Alt: 0.04m
22:22:30 [POS] Lat: 47.397970, Lon: 8.546165, Alt: 0.04m
22:22:30 [POS] Lat: 47.397970, Lon: 8.546165, Alt: 0.04m
22:22:30 [POS] Lat: 47.397970, Lon: 8.546165, Alt: 0.04m
22:22:30 [POS] Lat: 47.397970, Lon: 8.546165, Alt: 0.04m
22:22:30 [POS] Lat: 47.397970, Lon: 8.546165, Alt: 0.04m
22:22:30 [POS] Lat: 47.397970, Lon: 8.546165, Alt: 0.04m
22:22:30 [POS] Lat: 47.397970, Lon: 8.546165, Alt: 0.04m
22:22:30 [POS] Lat: 47.397970, Lon: 8.546165, Alt: 0.04m
22:22:30 [POS] Lat: 47.397970, Lon: 8.546165, Alt: 0.03m
22:22:30 [POS] Lat: 47.397970, Lon: 8.546165, Alt: 0.03m
22:22:30 [POS] Lat: 47.397970, Lon: 8.546165, Alt: 0.03m
22:22:30 [POS] Lat: 47.397970, Lon: 8.546165, Alt: 0.03m
22:22:30 [POS] Lat: 47.397970, Lon: 8.546165, Alt: 0.03m
22:22:30 [POS] Lat: 47.397970, Lon: 8.546165, Alt: 0.03m
22:22:30 [POS] Lat: 47.397970, Lon: 8.546165, Alt: 0.02m
22:22:30 [POS] Lat: 47.397970, Lon: 8.546165, Alt: 0.02m
22:22:30 [POS] Lat: 47.397970, Lon: 8.546165, Alt: 0.02m
22:22:30 [POS] Lat: 47.397970, Lon: 8.546165, Alt: 0.02m
22:22:30 [POS] Lat: 47.397970, Lon: 8.546165, Alt: 0.02m
22:22:30 [POS] Lat: 47.397970, Lon: 8.546165, Alt: 0.02m
22:22:30 [POS] Lat: 47.397970, Lon: 8.546165, Alt: 0.02m
22:22:30 [POS] Lat: 47.397970, Lon: 8.546165, Alt: 0.02m
22:22:30 [POS] Lat: 47.397970, Lon: 8.546165, Alt: 0.01m
22:22:30 [POS] Lat: 47.397970, Lon: 8.546165, Alt: 0.01m
22:22:30 [POS] Lat: 47.397970, Lon: 8.546165, Alt: 0.01m
22:22:30 [POS] Lat: 47.397970, Lon: 8.546165, Alt: 0.01m
22:22:30 [POS] Lat: 47.397970, Lon: 8.546165, Alt: 0.01m
22:22:30 [POS] Lat: 47.397970, Lon: 8.546165, Alt: 0.01m
22:22:30 [POS] Lat: 47.397970, Lon: 8.546165, Alt: 0.01m
22:22:30 [POS] Lat: 47.397970, Lon: 8.546165, Alt: 0.00m
22:22:30 [POS] Lat: 47.397970, Lon: 8.546165, Alt: 0.00m
22:22:30 [POS] Lat: 47.397970, Lon: 8.546165, Alt: 0.00m
22:22:30 [POS] Lat: 47.397970, Lon: 8.546165, Alt: 0.00m
22:22:30 [POS] Lat: 47.397970, Lon: 8.546165, Alt: 0.00m
22:22:30 [POS] Lat: 47.397970, Lon: 8.546165, Alt: -0.00m
22:22:30 [POS] Lat: 47.397970, Lon: 8.546165, Alt: -0.00m
22:22:30 [POS] Lat: 47.397970, Lon: 8.546165, Alt: -0.00m
22:22:30 [POS] Lat: 47.397970, Lon: 8.546165, Alt: -0.01m
22:22:30 [POS] Lat: 47.397970, Lon: 8.546165, Alt: -0.01m
22:22:30 [POS] Lat: 47.397970, Lon: 8.546165, Alt: -0.01m
22:22:30 [POS] Lat: 47.397970, Lon: 8.546165, Alt: -0.01m
22:22:30 [POS] Lat: 47.397970, Lon: 8.546165, Alt: -0.01m
22:22:30 [POS] Lat: 47.397970, Lon: 8.546165, Alt: -0.01m
22:22:30 [POS] Lat: 47.397970, Lon: 8.546165, Alt: -0.02m
22:22:30 [POS] Lat: 47.397970, Lon: 8.546165, Alt: -0.02m
22:22:30 [POS] Lat: 47.397970, Lon: 8.546165, Alt: -0.02m
22:22:30 [POS] Lat: 47.397971, Lon: 8.546165, Alt: -0.02m
22:22:30 [POS] Lat: 47.397971, Lon: 8.546165, Alt: -0.02m
22:22:30 [POS] Lat: 47.397971, Lon: 8.546165, Alt: -0.02m
22:22:31 [POS] Lat: 47.397971, Lon: 8.546165, Alt: -0.02m
22:22:31 [POS] Lat: 47.397971, Lon: 8.546165, Alt: -0.02m
22:22:31 [POS] Lat: 47.397971, Lon: 8.546165, Alt: -0.02m
22:22:31 [POS] Lat: 47.397971, Lon: 8.546165, Alt: -0.02m
22:22:31 [POS] Lat: 47.397971, Lon: 8.546165, Alt: -0.03m
22:22:31 [POS] Lat: 47.397971, Lon: 8.546165, Alt: -0.03m
22:22:31 [POS] Lat: 47.397971, Lon: 8.546165, Alt: -0.03m
22:22:31 [POS] Lat: 47.397971, Lon: 8.546165, Alt: -0.03m
22:22:31 [POS] Lat: 47.397971, Lon: 8.546164, Alt: -0.03m
22:22:31 [POS] Lat: 47.397971, Lon: 8.546164, Alt: -0.03m
22:22:31 [POS] Lat: 47.397971, Lon: 8.546164, Alt: -0.03m
22:22:31 [POS] Lat: 47.397971, Lon: 8.546164, Alt: -0.03m
22:22:31 [POS] Lat: 47.397971, Lon: 8.546164, Alt: -0.03m
22:22:31 [POS] Lat: 47.397971, Lon: 8.546164, Alt: -0.02m
22:22:31 [POS] Lat: 47.397971, Lon: 8.546164, Alt: -0.02m
22:22:31 [POS] Lat: 47.397971, Lon: 8.546164, Alt: -0.02m
22:22:31 [POS] Lat: 47.397971, Lon: 8.546164, Alt: -0.02m
22:22:31 [POS] Lat: 47.397971, Lon: 8.546164, Alt: -0.02m
22:22:31 [POS] Lat: 47.397971, Lon: 8.546164, Alt: -0.01m
22:22:31 [POS] Lat: 47.397971, Lon: 8.546164, Alt: -0.01m
22:22:31 [POS] Lat: 47.397971, Lon: 8.546164, Alt: -0.01m
22:22:31 [POS] Lat: 47.397971, Lon: 8.546164, Alt: -0.01m
22:22:31 [POS] Lat: 47.397971, Lon: 8.546164, Alt: -0.00m
22:22:31 [POS] Lat: 47.397971, Lon: 8.546164, Alt: -0.00m
22:22:31 [POS] Lat: 47.397971, Lon: 8.546164, Alt: -0.00m
22:22:31 [POS] Lat: 47.397971, Lon: 8.546164, Alt: 0.00m
22:22:31 [POS] Lat: 47.397971, Lon: 8.546164, Alt: 0.00m
22:22:31 [BAT] Percentage: 100, Voltage: 16.20V
22:22:31 [POS] Lat: 47.397971, Lon: 8.546164, Alt: 0.00m
22:22:31 [POS] Lat: 47.397971, Lon: 8.546164, Alt: 0.01m
22:22:31 [POS] Lat: 47.397971, Lon: 8.546164, Alt: 0.01m
22:22:31 [POS] Lat: 47.397971, Lon: 8.546164, Alt: 0.01m
22:22:31 [POS] Lat: 47.397971, Lon: 8.546164, Alt: 0.01m
22:22:31 [POS] Lat: 47.397971, Lon: 8.546164, Alt: 0.01m
22:22:31 [POS] Lat: 47.397971, Lon: 8.546164, Alt: 0.02m
22:22:31 [POS] Lat: 47.397971, Lon: 8.546164, Alt: 0.02m
22:22:31 [POS] Lat: 47.397971, Lon: 8.546164, Alt: 0.02m
22:22:31 [POS] Lat: 47.397971, Lon: 8.546164, Alt: 0.02m
22:22:31 [POS] Lat: 47.397971, Lon: 8.546164, Alt: 0.02m
22:22:31 [POS] Lat: 47.397971, Lon: 8.546164, Alt: 0.03m
22:22:31 [POS] Lat: 47.397971, Lon: 8.546164, Alt: 0.03m
22:22:31 [POS] Lat: 47.397971, Lon: 8.546164, Alt: 0.03m
22:22:31 [POS] Lat: 47.397971, Lon: 8.546164, Alt: 0.03m
22:22:31 [POS] Lat: 47.397971, Lon: 8.546164, Alt: 0.04m
22:22:31 [POS] Lat: 47.397971, Lon: 8.546164, Alt: 0.04m
22:22:31 [POS] Lat: 47.397971, Lon: 8.546165, Alt: 0.04m
22:22:31 [POS] Lat: 47.397971, Lon: 8.546165, Alt: 0.04m
22:22:31 [POS] Lat: 47.397971, Lon: 8.546165, Alt: 0.05m
22:22:31 [POS] Lat: 47.397971, Lon: 8.546165, Alt: 0.05m
22:22:31 [POS] Lat: 47.397971, Lon: 8.546165, Alt: 0.05m
22:22:32 [POS] Lat: 47.397971, Lon: 8.546165, Alt: 0.05m
22:22:32 [POS] Lat: 47.397971, Lon: 8.546165, Alt: 0.05m
22:22:32 [POS] Lat: 47.397971, Lon: 8.546165, Alt: 0.06m
22:22:32 [POS] Lat: 47.397971, Lon: 8.546165, Alt: 0.06m
22:22:32 [POS] Lat: 47.397971, Lon: 8.546165, Alt: 0.06m
22:22:32 [POS] Lat: 47.397971, Lon: 8.546165, Alt: 0.06m
22:22:32 [POS] Lat: 47.397971, Lon: 8.546165, Alt: 0.07m
22:22:32 [POS] Lat: 47.397971, Lon: 8.546165, Alt: 0.07m
22:22:32 [POS] Lat: 47.397971, Lon: 8.546165, Alt: 0.07m
22:22:32 [POS] Lat: 47.397971, Lon: 8.546165, Alt: 0.07m
22:22:32 [POS] Lat: 47.397971, Lon: 8.546165, Alt: 0.07m
22:22:32 [POS] Lat: 47.397971, Lon: 8.546165, Alt: 0.07m
22:22:32 [POS] Lat: 47.397971, Lon: 8.546165, Alt: 0.07m
22:22:32 [POS] Lat: 47.397971, Lon: 8.546165, Alt: 0.07m
22:22:32 [POS] Lat: 47.397971, Lon: 8.546165, Alt: 0.08m
22:22:32 [POS] Lat: 47.397971, Lon: 8.546165, Alt: 0.08m
22:22:32 [POS] Lat: 47.397971, Lon: 8.546165, Alt: 0.08m
22:22:32 [POS] Lat: 47.397971, Lon: 8.546165, Alt: 0.08m
22:22:32 [POS] Lat: 47.397971, Lon: 8.546165, Alt: 0.08m
22:22:32 [POS] Lat: 47.397971, Lon: 8.546165, Alt: 0.08m
22:22:32 [POS] Lat: 47.397971, Lon: 8.546165, Alt: 0.08m
22:22:32 [POS] Lat: 47.397971, Lon: 8.546165, Alt: 0.08m
22:22:32 [POS] Lat: 47.397971, Lon: 8.546164, Alt: 0.08m
22:22:32 [POS] Lat: 47.397971, Lon: 8.546164, Alt: 0.08m
22:22:32 [POS] Lat: 47.397971, Lon: 8.546164, Alt: 0.08m
22:22:32 [POS] Lat: 47.397971, Lon: 8.546164, Alt: 0.08m
22:22:32 [POS] Lat: 47.397971, Lon: 8.546164, Alt: 0.08m
22:22:32 [POS] Lat: 47.397971, Lon: 8.546164, Alt: 0.08m
22:22:32 [POS] Lat: 47.397971, Lon: 8.546164, Alt: 0.08m
22:22:32 [POS] Lat: 47.397971, Lon: 8.546164, Alt: 0.08m
22:22:32 [POS] Lat: 47.397971, Lon: 8.546164, Alt: 0.08m
22:22:32 [POS] Lat: 47.397971, Lon: 8.546164, Alt: 0.08m
22:22:32 [POS] Lat: 47.397971, Lon: 8.546164, Alt: 0.08m
22:22:32 [POS] Lat: 47.397971, Lon: 8.546164, Alt: 0.08m
22:22:32 [POS] Lat: 47.397971, Lon: 8.546164, Alt: 0.07m
22:22:32 [POS] Lat: 47.397971, Lon: 8.546164, Alt: 0.07m
22:22:32 [POS] Lat: 47.397971, Lon: 8.546164, Alt: 0.07m
22:22:32 [POS] Lat: 47.397971, Lon: 8.546164, Alt: 0.07m
22:22:32 [POS] Lat: 47.397971, Lon: 8.546164, Alt: 0.07m
22:22:32 [POS] Lat: 47.397971, Lon: 8.546164, Alt: 0.07m
22:22:32 [POS] Lat: 47.397971, Lon: 8.546164, Alt: 0.07m
22:22:32 [POS] Lat: 47.397971, Lon: 8.546164, Alt: 0.07m
22:22:32 [POS] Lat: 47.397971, Lon: 8.546164, Alt: 0.07m
22:22:32 [POS] Lat: 47.397971, Lon: 8.546164, Alt: 0.07m
22:22:32 [POS] Lat: 47.397971, Lon: 8.546164, Alt: 0.07m
22:22:32 [POS] Lat: 47.397971, Lon: 8.546164, Alt: 0.07m
22:22:32 [POS] Lat: 47.397971, Lon: 8.546164, Alt: 0.07m
22:22:32 [POS] Lat: 47.397971, Lon: 8.546164, Alt: 0.07m
22:22:32 [POS] Lat: 47.397971, Lon: 8.546164, Alt: 0.07m
22:22:32 [POS] Lat: 47.397971, Lon: 8.546164, Alt: 0.07m
22:22:33 [POS] Lat: 47.397971, Lon: 8.546164, Alt: 0.07m
22:22:33 [POS] Lat: 47.397971, Lon: 8.546164, Alt: 0.07m
22:22:33 [POS] Lat: 47.397971, Lon: 8.546164, Alt: 0.07m
22:22:33 [POS] Lat: 47.397971, Lon: 8.546164, Alt: 0.07m
22:22:33 [POS] Lat: 47.397971, Lon: 8.546164, Alt: 0.07m
22:22:33 [POS] Lat: 47.397971, Lon: 8.546164, Alt: 0.08m
22:22:33 [POS] Lat: 47.397971, Lon: 8.546164, Alt: 0.08m
22:22:33 [POS] Lat: 47.397971, Lon: 8.546164, Alt: 0.08m
22:22:33 [POS] Lat: 47.397971, Lon: 8.546164, Alt: 0.08m
22:22:33 [POS] Lat: 47.397971, Lon: 8.546164, Alt: 0.08m
22:22:33 [POS] Lat: 47.397971, Lon: 8.546164, Alt: 0.08m
22:22:33 [POS] Lat: 47.397971, Lon: 8.546164, Alt: 0.09m
22:22:33 [POS] Lat: 47.397971, Lon: 8.546164, Alt: 0.09m
22:22:33 [POS] Lat: 47.397971, Lon: 8.546164, Alt: 0.09m
22:22:33 [POS] Lat: 47.397971, Lon: 8.546164, Alt: 0.09m
22:22:33 [POS] Lat: 47.397971, Lon: 8.546164, Alt: 0.09m
22:22:33 [POS] Lat: 47.397971, Lon: 8.546164, Alt: 0.10m
22:22:33 [POS] Lat: 47.397971, Lon: 8.546164, Alt: 0.10m
22:22:33 [POS] Lat: 47.397971, Lon: 8.546164, Alt: 0.10m
22:22:33 [POS] Lat: 47.397971, Lon: 8.546164, Alt: 0.10m
22:22:33 [POS] Lat: 47.397971, Lon: 8.546164, Alt: 0.11m
22:22:33 [POS] Lat: 47.397971, Lon: 8.546164, Alt: 0.11m
22:22:33 [POS] Lat: 47.397971, Lon: 8.546164, Alt: 0.11m
22:22:33 [POS] Lat: 47.397971, Lon: 8.546164, Alt: 0.11m
22:22:33 [POS] Lat: 47.397971, Lon: 8.546164, Alt: 0.12m
22:22:33 [POS] Lat: 47.397971, Lon: 8.546164, Alt: 0.12m
22:22:33 [POS] Lat: 47.397971, Lon: 8.546164, Alt: 0.12m
22:22:33 [POS] Lat: 47.397971, Lon: 8.546164, Alt: 0.12m
22:22:33 [BAT] Percentage: 100, Voltage: 16.20V
22:22:33 [POS] Lat: 47.397971, Lon: 8.546164, Alt: 0.12m
22:22:33 [POS] Lat: 47.397971, Lon: 8.546164, Alt: 0.12m
22:22:33 [POS] Lat: 47.397971, Lon: 8.546164, Alt: 0.12m
22:22:33 [POS] Lat: 47.397971, Lon: 8.546164, Alt: 0.12m
22:22:33 [POS] Lat: 47.397971, Lon: 8.546164, Alt: 0.12m
22:22:33 [POS] Lat: 47.397971, Lon: 8.546164, Alt: 0.12m
22:22:33 [POS] Lat: 47.397971, Lon: 8.546164, Alt: 0.12m
22:22:33 [POS] Lat: 47.397971, Lon: 8.546164, Alt: 0.12m
22:22:33 [POS] Lat: 47.397971, Lon: 8.546164, Alt: 0.12m
22:22:33 [POS] Lat: 47.397971, Lon: 8.546164, Alt: 0.12m
22:22:33 [POS] Lat: 47.397971, Lon: 8.546164, Alt: 0.12m
22:22:33 [POS] Lat: 47.397971, Lon: 8.546164, Alt: 0.12m
22:22:33 [POS] Lat: 47.397971, Lon: 8.546164, Alt: 0.13m
22:22:33 [POS] Lat: 47.397971, Lon: 8.546164, Alt: 0.13m
22:22:33 [POS] Lat: 47.397971, Lon: 8.546164, Alt: 0.13m
22:22:33 [POS] Lat: 47.397971, Lon: 8.546164, Alt: 0.13m
22:22:33 [POS] Lat: 47.397971, Lon: 8.546164, Alt: 0.13m
22:22:33 [POS] Lat: 47.397971, Lon: 8.546164, Alt: 0.13m
22:22:33 [POS] Lat: 47.397971, Lon: 8.546164, Alt: 0.13m
22:22:33 [POS] Lat: 47.397971, Lon: 8.546164, Alt: 0.14m
22:22:33 [POS] Lat: 47.397971, Lon: 8.546164, Alt: 0.14m
22:22:34 [POS] Lat: 47.397971, Lon: 8.546164, Alt: 0.14m
22:22:34 [POS] Lat: 47.397971, Lon: 8.546164, Alt: 0.14m
22:22:34 [POS] Lat: 47.397971, Lon: 8.546164, Alt: 0.14m
22:22:34 [POS] Lat: 47.397971, Lon: 8.546164, Alt: 0.14m
22:22:34 [POS] Lat: 47.397971, Lon: 8.546164, Alt: 0.14m
22:22:34 [POS] Lat: 47.397971, Lon: 8.546164, Alt: 0.14m
22:22:34 [POS] Lat: 47.397971, Lon: 8.546164, Alt: 0.14m
22:22:34 [POS] Lat: 47.397971, Lon: 8.546164, Alt: 0.14m
22:22:34 [POS] Lat: 47.397971, Lon: 8.546164, Alt: 0.14m
22:22:34 [POS] Lat: 47.397971, Lon: 8.546164, Alt: 0.14m
22:22:34 [POS] Lat: 47.397971, Lon: 8.546164, Alt: 0.14m
22:22:34 [POS] Lat: 47.397971, Lon: 8.546164, Alt: 0.15m
22:22:34 [POS] Lat: 47.397971, Lon: 8.546164, Alt: 0.15m
22:22:34 [POS] Lat: 47.397971, Lon: 8.546164, Alt: 0.15m
22:22:34 [POS] Lat: 47.397971, Lon: 8.546164, Alt: 0.15m
22:22:34 [POS] Lat: 47.397971, Lon: 8.546164, Alt: 0.15m
22:22:34 [POS] Lat: 47.397971, Lon: 8.546164, Alt: 0.15m
22:22:34 [POS] Lat: 47.397971, Lon: 8.546164, Alt: 0.14m
22:22:34 [POS] Lat: 47.397971, Lon: 8.546164, Alt: 0.14m
22:22:34 [POS] Lat: 47.397971, Lon: 8.546164, Alt: 0.14m
22:22:34 [POS] Lat: 47.397971, Lon: 8.546164, Alt: 0.14m
22:22:34 [POS] Lat: 47.397971, Lon: 8.546164, Alt: 0.14m
22:22:34 [POS] Lat: 47.397971, Lon: 8.546164, Alt: 0.14m
22:22:34 [POS] Lat: 47.397971, Lon: 8.546164, Alt: 0.14m
22:22:34 [POS] Lat: 47.397971, Lon: 8.546164, Alt: 0.14m
22:22:34 [POS] Lat: 47.397971, Lon: 8.546164, Alt: 0.14m
22:22:34 [POS] Lat: 47.397971, Lon: 8.546164, Alt: 0.14m
22:22:34 [POS] Lat: 47.397971, Lon: 8.546164, Alt: 0.14m
22:22:34 [POS] Lat: 47.397971, Lon: 8.546164, Alt: 0.14m
22:22:34 [POS] Lat: 47.397971, Lon: 8.546164, Alt: 0.15m
22:22:34 [POS] Lat: 47.397971, Lon: 8.546164, Alt: 0.15m
22:22:34 [POS] Lat: 47.397971, Lon: 8.546164, Alt: 0.15m
22:22:34 [POS] Lat: 47.397971, Lon: 8.546164, Alt: 0.15m
22:22:34 [POS] Lat: 47.397971, Lon: 8.546164, Alt: 0.15m
22:22:34 [POS] Lat: 47.397971, Lon: 8.546164, Alt: 0.15m
22:22:34 [POS] Lat: 47.397971, Lon: 8.546164, Alt: 0.15m
22:22:34 [POS] Lat: 47.397971, Lon: 8.546164, Alt: 0.15m
22:22:34 [POS] Lat: 47.397971, Lon: 8.546164, Alt: 0.15m
22:22:34 [POS] Lat: 47.397971, Lon: 8.546164, Alt: 0.16m
22:22:34 [POS] Lat: 47.397971, Lon: 8.546164, Alt: 0.16m
22:22:34 [POS] Lat: 47.397971, Lon: 8.546164, Alt: 0.16m
22:22:34 [POS] Lat: 47.397971, Lon: 8.546164, Alt: 0.16m
22:22:34 [POS] Lat: 47.397971, Lon: 8.546164, Alt: 0.16m
22:22:34 [POS] Lat: 47.397971, Lon: 8.546164, Alt: 0.16m
22:22:34 [POS] Lat: 47.397971, Lon: 8.546164, Alt: 0.16m
22:22:34 [POS] Lat: 47.397971, Lon: 8.546164, Alt: 0.17m
22:22:34 [POS] Lat: 47.397971, Lon: 8.546164, Alt: 0.17m
22:22:34 [POS] Lat: 47.397971, Lon: 8.546164, Alt: 0.17m
22:22:34 [POS] Lat: 47.397971, Lon: 8.546164, Alt: 0.17m
22:22:34 [POS] Lat: 47.397971, Lon: 8.546164, Alt: 0.17m
22:22:35 [POS] Lat: 47.397971, Lon: 8.546164, Alt: 0.17m
22:22:35 [POS] Lat: 47.397971, Lon: 8.546164, Alt: 0.17m
22:22:35 [POS] Lat: 47.397971, Lon: 8.546164, Alt: 0.17m
22:22:35 [POS] Lat: 47.397971, Lon: 8.546164, Alt: 0.17m
22:22:35 [POS] Lat: 47.397971, Lon: 8.546164, Alt: 0.17m
22:22:35 [POS] Lat: 47.397971, Lon: 8.546164, Alt: 0.17m
22:22:35 [POS] Lat: 47.397971, Lon: 8.546164, Alt: 0.18m
22:22:35 [POS] Lat: 47.397971, Lon: 8.546164, Alt: 0.18m
22:22:35 [POS] Lat: 47.397971, Lon: 8.546164, Alt: 0.18m
22:22:35 [POS] Lat: 47.397971, Lon: 8.546164, Alt: 0.18m
22:22:35 [POS] Lat: 47.397971, Lon: 8.546164, Alt: 0.18m
22:22:35 [POS] Lat: 47.397971, Lon: 8.546164, Alt: 0.18m
22:22:35 [POS] Lat: 47.397971, Lon: 8.546164, Alt: 0.18m
22:22:35 [POS] Lat: 47.397971, Lon: 8.546164, Alt: 0.18m
22:22:35 [POS] Lat: 47.397971, Lon: 8.546164, Alt: 0.18m
22:22:35 [POS] Lat: 47.397971, Lon: 8.546164, Alt: 0.19m
22:22:35 [POS] Lat: 47.397971, Lon: 8.546164, Alt: 0.19m
22:22:35 [POS] Lat: 47.397971, Lon: 8.546164, Alt: 0.19m
22:22:35 [POS] Lat: 47.397971, Lon: 8.546164, Alt: 0.19m
22:22:35 [POS] Lat: 47.397971, Lon: 8.546164, Alt: 0.19m
22:22:35 [POS] Lat: 47.397971, Lon: 8.546164, Alt: 0.19m
22:22:35 [POS] Lat: 47.397971, Lon: 8.546164, Alt: 0.19m
22:22:35 [POS] Lat: 47.397971, Lon: 8.546164, Alt: 0.19m
22:22:35 [POS] Lat: 47.397971, Lon: 8.546164, Alt: 0.19m
22:22:35 [POS] Lat: 47.397971, Lon: 8.546164, Alt: 0.19m
22:22:35 [POS] Lat: 47.397971, Lon: 8.546164, Alt: 0.20m
22:22:35 [POS] Lat: 47.397971, Lon: 8.546164, Alt: 0.20m
22:22:35 [POS] Lat: 47.397971, Lon: 8.546164, Alt: 0.20m
22:22:35 [POS] Lat: 47.397971, Lon: 8.546164, Alt: 0.20m
22:22:35 [BAT] Percentage: 100, Voltage: 16.20V
22:22:35 [POS] Lat: 47.397971, Lon: 8.546164, Alt: 0.20m
22:22:35 [POS] Lat: 47.397971, Lon: 8.546164, Alt: 0.20m
22:22:35 [POS] Lat: 47.397971, Lon: 8.546164, Alt: 0.20m
22:22:35 [POS] Lat: 47.397971, Lon: 8.546164, Alt: 0.20m
22:22:35 [POS] Lat: 47.397971, Lon: 8.546164, Alt: 0.21m
22:22:35 [POS] Lat: 47.397971, Lon: 8.546164, Alt: 0.21m
22:22:35 [POS] Lat: 47.397971, Lon: 8.546164, Alt: 0.21m
22:22:35 [POS] Lat: 47.397971, Lon: 8.546164, Alt: 0.21m
22:22:35 [POS] Lat: 47.397971, Lon: 8.546164, Alt: 0.21m
22:22:35 [POS] Lat: 47.397971, Lon: 8.546164, Alt: 0.21m
22:22:35 [POS] Lat: 47.397971, Lon: 8.546164, Alt: 0.21m
22:22:35 [POS] Lat: 47.397971, Lon: 8.546164, Alt: 0.21m
22:22:35 [POS] Lat: 47.397971, Lon: 8.546164, Alt: 0.21m
22:22:35 [POS] Lat: 47.397971, Lon: 8.546164, Alt: 0.22m
22:22:35 [POS] Lat: 47.397971, Lon: 8.546164, Alt: 0.22m
22:22:35 [POS] Lat: 47.397971, Lon: 8.546164, Alt: 0.22m
22:22:35 [POS] Lat: 47.397971, Lon: 8.546164, Alt: 0.22m
22:22:35 [POS] Lat: 47.397971, Lon: 8.546164, Alt: 0.22m
22:22:35 [POS] Lat: 47.397971, Lon: 8.546164, Alt: 0.22m
22:22:35 [POS] Lat: 47.397971, Lon: 8.546164, Alt: 0.22m
22:22:36 [POS] Lat: 47.397971, Lon: 8.546164, Alt: 0.22m
22:22:36 [POS] Lat: 47.397971, Lon: 8.546164, Alt: 0.22m
22:22:36 [POS] Lat: 47.397971, Lon: 8.546164, Alt: 0.23m
22:22:36 [POS] Lat: 47.397971, Lon: 8.546164, Alt: 0.23m
22:22:36 [POS] Lat: 47.397971, Lon: 8.546164, Alt: 0.23m
22:22:36 [POS] Lat: 47.397971, Lon: 8.546164, Alt: 0.23m
22:22:36 [POS] Lat: 47.397971, Lon: 8.546164, Alt: 0.23m
22:22:36 [POS] Lat: 47.397971, Lon: 8.546164, Alt: 0.23m
22:22:36 [POS] Lat: 47.397971, Lon: 8.546164, Alt: 0.24m
22:22:36 [POS] Lat: 47.397971, Lon: 8.546164, Alt: 0.24m
22:22:36 [POS] Lat: 47.397971, Lon: 8.546164, Alt: 0.24m
22:22:36 [POS] Lat: 47.397971, Lon: 8.546164, Alt: 0.24m
22:22:36 [POS] Lat: 47.397971, Lon: 8.546164, Alt: 0.24m
22:22:36 [POS] Lat: 47.397971, Lon: 8.546164, Alt: 0.24m
22:22:36 [POS] Lat: 47.397971, Lon: 8.546164, Alt: 0.24m
22:22:36 [POS] Lat: 47.397971, Lon: 8.546164, Alt: 0.24m
22:22:36 [POS] Lat: 47.397971, Lon: 8.546164, Alt: 0.24m
22:22:36 [POS] Lat: 47.397971, Lon: 8.546164, Alt: 0.24m
22:22:36 [POS] Lat: 47.397971, Lon: 8.546164, Alt: 0.25m
22:22:36 [POS] Lat: 47.397971, Lon: 8.546164, Alt: 0.25m
22:22:36 [POS] Lat: 47.397971, Lon: 8.546164, Alt: 0.25m
22:22:36 [POS] Lat: 47.397971, Lon: 8.546164, Alt: 0.25m
22:22:36 [POS] Lat: 47.397971, Lon: 8.546164, Alt: 0.25m
22:22:36 [POS] Lat: 47.397971, Lon: 8.546164, Alt: 0.25m
22:22:36 [POS] Lat: 47.397971, Lon: 8.546164, Alt: 0.25m
22:22:36 [POS] Lat: 47.397971, Lon: 8.546164, Alt: 0.25m
22:22:36 [POS] Lat: 47.397971, Lon: 8.546164, Alt: 0.25m
22:22:36 [POS] Lat: 47.397971, Lon: 8.546164, Alt: 0.25m
22:22:36 [POS] Lat: 47.397971, Lon: 8.546164, Alt: 0.25m
22:22:36 [POS] Lat: 47.397971, Lon: 8.546164, Alt: 0.25m
22:22:36 [POS] Lat: 47.397971, Lon: 8.546164, Alt: 0.25m
22:22:36 [POS] Lat: 47.397971, Lon: 8.546164, Alt: 0.25m
22:22:36 [POS] Lat: 47.397971, Lon: 8.546164, Alt: 0.25m
22:22:36 [POS] Lat: 47.397970, Lon: 8.546164, Alt: 0.25m
22:22:36 [POS] Lat: 47.397970, Lon: 8.546164, Alt: 0.25m
22:22:36 [POS] Lat: 47.397970, Lon: 8.546164, Alt: 0.25m
22:22:36 [POS] Lat: 47.397970, Lon: 8.546164, Alt: 0.25m
22:22:36 [POS] Lat: 47.397970, Lon: 8.546164, Alt: 0.25m
22:22:36 [POS] Lat: 47.397970, Lon: 8.546164, Alt: 0.25m
22:22:36 [POS] Lat: 47.397970, Lon: 8.546164, Alt: 0.25m
22:22:36 [POS] Lat: 47.397970, Lon: 8.546164, Alt: 0.25m
22:22:36 [POS] Lat: 47.397970, Lon: 8.546164, Alt: 0.25m
22:22:36 [POS] Lat: 47.397970, Lon: 8.546164, Alt: 0.25m
22:22:36 [POS] Lat: 47.397970, Lon: 8.546164, Alt: 0.25m
22:22:36 [POS] Lat: 47.397970, Lon: 8.546164, Alt: 0.25m
22:22:36 [POS] Lat: 47.397970, Lon: 8.546164, Alt: 0.25m
22:22:36 [POS] Lat: 47.397970, Lon: 8.546164, Alt: 0.25m
22:22:36 [POS] Lat: 47.397970, Lon: 8.546164, Alt: 0.25m
22:22:36 [POS] Lat: 47.397970, Lon: 8.546164, Alt: 0.25m
22:22:37 [POS] Lat: 47.397970, Lon: 8.546164, Alt: 0.26m
22:22:37 [POS] Lat: 47.397970, Lon: 8.546164, Alt: 0.26m
22:22:37 [POS] Lat: 47.397970, Lon: 8.546164, Alt: 0.26m
22:22:37 [POS] Lat: 47.397970, Lon: 8.546164, Alt: 0.26m
22:22:37 [POS] Lat: 47.397970, Lon: 8.546164, Alt: 0.26m
22:22:37 [POS] Lat: 47.397970, Lon: 8.546164, Alt: 0.26m
22:22:37 [POS] Lat: 47.397970, Lon: 8.546164, Alt: 0.26m
22:22:37 [POS] Lat: 47.397970, Lon: 8.546164, Alt: 0.26m
22:22:37 [POS] Lat: 47.397970, Lon: 8.546164, Alt: 0.26m
22:22:37 [POS] Lat: 47.397970, Lon: 8.546164, Alt: 0.26m
22:22:37 [POS] Lat: 47.397970, Lon: 8.546164, Alt: 0.26m
22:22:37 [POS] Lat: 47.397970, Lon: 8.546164, Alt: 0.26m
22:22:37 [POS] Lat: 47.397970, Lon: 8.546164, Alt: 0.26m
22:22:37 [POS] Lat: 47.397970, Lon: 8.546164, Alt: 0.26m
22:22:37 [POS] Lat: 47.397970, Lon: 8.546164, Alt: 0.26m
22:22:37 [POS] Lat: 47.397970, Lon: 8.546164, Alt: 0.26m
22:22:37 [POS] Lat: 47.397970, Lon: 8.546164, Alt: 0.26m
22:22:37 [POS] Lat: 47.397970, Lon: 8.546164, Alt: 0.26m
22:22:37 [POS] Lat: 47.397970, Lon: 8.546164, Alt: 0.26m
22:22:37 [POS] Lat: 47.397970, Lon: 8.546164, Alt: 0.26m
22:22:37 [POS] Lat: 47.397970, Lon: 8.546164, Alt: 0.26m
22:22:37 [POS] Lat: 47.397970, Lon: 8.546164, Alt: 0.27m
22:22:37 [POS] Lat: 47.397970, Lon: 8.546164, Alt: 0.27m
22:22:37 [POS] Lat: 47.397970, Lon: 8.546164, Alt: 0.27m
22:22:37 [POS] Lat: 47.397970, Lon: 8.546164, Alt: 0.27m
22:22:37 [POS] Lat: 47.397970, Lon: 8.546164, Alt: 0.27m
22:22:37 [POS] Lat: 47.397970, Lon: 8.546164, Alt: 0.27m
22:22:37 [POS] Lat: 47.397970, Lon: 8.546164, Alt: 0.27m
22:22:37 [POS] Lat: 47.397970, Lon: 8.546164, Alt: 0.27m
22:22:37 [POS] Lat: 47.397970, Lon: 8.546164, Alt: 0.27m
22:22:37 [POS] Lat: 47.397970, Lon: 8.546164, Alt: 0.27m
22:22:37 [BAT] Percentage: 100, Voltage: 16.20V
22:22:37 [POS] Lat: 47.397970, Lon: 8.546164, Alt: 0.27m
22:22:37 [POS] Lat: 47.397970, Lon: 8.546164, Alt: 0.26m
22:22:37 [POS] Lat: 47.397970, Lon: 8.546164, Alt: 0.26m
22:22:37 [POS] Lat: 47.397970, Lon: 8.546164, Alt: 0.26m
22:22:37 [POS] Lat: 47.397970, Lon: 8.546164, Alt: 0.26m
22:22:37 [POS] Lat: 47.397970, Lon: 8.546164, Alt: 0.26m
22:22:37 [POS] Lat: 47.397970, Lon: 8.546164, Alt: 0.26m
22:22:37 [POS] Lat: 47.397970, Lon: 8.546164, Alt: 0.26m
22:22:37 [POS] Lat: 47.397970, Lon: 8.546164, Alt: 0.26m
22:22:37 [POS] Lat: 47.397970, Lon: 8.546164, Alt: 0.26m
22:22:37 [POS] Lat: 47.397970, Lon: 8.546164, Alt: 0.26m
22:22:37 [POS] Lat: 47.397970, Lon: 8.546164, Alt: 0.26m
22:22:37 [POS] Lat: 47.397970, Lon: 8.546164, Alt: 0.26m
22:22:37 [POS] Lat: 47.397970, Lon: 8.546164, Alt: 0.26m
22:22:37 [POS] Lat: 47.397970, Lon: 8.546164, Alt: 0.26m
22:22:37 [POS] Lat: 47.397970, Lon: 8.546164, Alt: 0.26m
22:22:37 [POS] Lat: 47.397970, Lon: 8.546164, Alt: 0.27m
22:22:37 [POS] Lat: 47.397970, Lon: 8.546164, Alt: 0.27m
22:22:37 [POS] Lat: 47.397970, Lon: 8.546164, Alt: 0.27m
22:22:38 [POS] Lat: 47.397970, Lon: 8.546164, Alt: 0.27m
22:22:38 [POS] Lat: 47.397970, Lon: 8.546164, Alt: 0.27m
22:22:38 [POS] Lat: 47.397970, Lon: 8.546164, Alt: 0.27m
22:22:38 [POS] Lat: 47.397970, Lon: 8.546164, Alt: 0.27m
22:22:38 [POS] Lat: 47.397970, Lon: 8.546164, Alt: 0.27m
22:22:38 [POS] Lat: 47.397970, Lon: 8.546164, Alt: 0.27m
22:22:38 [POS] Lat: 47.397970, Lon: 8.546164, Alt: 0.28m
22:22:38 [POS] Lat: 47.397970, Lon: 8.546164, Alt: 0.28m
22:22:38 [POS] Lat: 47.397970, Lon: 8.546164, Alt: 0.28m
22:22:38 [POS] Lat: 47.397970, Lon: 8.546164, Alt: 0.28m
22:22:38 [POS] Lat: 47.397970, Lon: 8.546164, Alt: 0.28m
22:22:38 [POS] Lat: 47.397970, Lon: 8.546164, Alt: 0.29m
22:22:38 [POS] Lat: 47.397970, Lon: 8.546164, Alt: 0.29m
22:22:38 [POS] Lat: 47.397970, Lon: 8.546164, Alt: 0.29m
22:22:38 [POS] Lat: 47.397970, Lon: 8.546164, Alt: 0.29m
22:22:38 [POS] Lat: 47.397970, Lon: 8.546164, Alt: 0.30m
22:22:38 [POS] Lat: 47.397970, Lon: 8.546164, Alt: 0.30m
22:22:38 [POS] Lat: 47.397970, Lon: 8.546164, Alt: 0.30m
22:22:38 [POS] Lat: 47.397970, Lon: 8.546164, Alt: 0.31m
22:22:38 [POS] Lat: 47.397970, Lon: 8.546164, Alt: 0.31m
22:22:38 [POS] Lat: 47.397970, Lon: 8.546164, Alt: 0.31m
22:22:38 [POS] Lat: 47.397970, Lon: 8.546164, Alt: 0.32m
22:22:38 [POS] Lat: 47.397970, Lon: 8.546164, Alt: 0.32m
22:22:38 [POS] Lat: 47.397970, Lon: 8.546164, Alt: 0.33m
22:22:38 [POS] Lat: 47.397970, Lon: 8.546164, Alt: 0.33m
22:22:38 [POS] Lat: 47.397970, Lon: 8.546164, Alt: 0.33m
22:22:38 [POS] Lat: 47.397970, Lon: 8.546164, Alt: 0.33m
22:22:38 [POS] Lat: 47.397970, Lon: 8.546164, Alt: 0.34m
22:22:38 [POS] Lat: 47.397970, Lon: 8.546164, Alt: 0.34m
22:22:38 [POS] Lat: 47.397970, Lon: 8.546164, Alt: 0.34m
22:22:38 [POS] Lat: 47.397970, Lon: 8.546164, Alt: 0.34m
22:22:38 [POS] Lat: 47.397970, Lon: 8.546164, Alt: 0.34m
22:22:38 [POS] Lat: 47.397970, Lon: 8.546164, Alt: 0.34m
22:22:38 [POS] Lat: 47.397970, Lon: 8.546164, Alt: 0.35m
22:22:38 [POS] Lat: 47.397970, Lon: 8.546164, Alt: 0.35m
22:22:38 [POS] Lat: 47.397970, Lon: 8.546164, Alt: 0.35m
22:22:38 [POS] Lat: 47.397970, Lon: 8.546164, Alt: 0.35m
22:22:38 [POS] Lat: 47.397970, Lon: 8.546164, Alt: 0.35m
22:22:38 [POS] Lat: 47.397970, Lon: 8.546164, Alt: 0.35m
22:22:38 [POS] Lat: 47.397970, Lon: 8.546164, Alt: 0.35m
22:22:38 [POS] Lat: 47.397970, Lon: 8.546164, Alt: 0.35m
22:22:38 [POS] Lat: 47.397970, Lon: 8.546164, Alt: 0.35m
22:22:38 [POS] Lat: 47.397970, Lon: 8.546164, Alt: 0.35m
22:22:38 [POS] Lat: 47.397970, Lon: 8.546164, Alt: 0.36m
22:22:38 [POS] Lat: 47.397970, Lon: 8.546164, Alt: 0.36m
22:22:38 [POS] Lat: 47.397970, Lon: 8.546164, Alt: 0.36m
22:22:38 [POS] Lat: 47.397970, Lon: 8.546164, Alt: 0.36m
22:22:38 [POS] Lat: 47.397970, Lon: 8.546164, Alt: 0.36m
22:22:38 [POS] Lat: 47.397970, Lon: 8.546164, Alt: 0.36m
22:22:39 [POS] Lat: 47.397970, Lon: 8.546164, Alt: 0.36m
22:22:39 [POS] Lat: 47.397970, Lon: 8.546164, Alt: 0.36m
22:22:39 [POS] Lat: 47.397970, Lon: 8.546164, Alt: 0.36m
22:22:39 [POS] Lat: 47.397970, Lon: 8.546164, Alt: 0.36m
22:22:39 [POS] Lat: 47.397970, Lon: 8.546164, Alt: 0.36m
22:22:39 [POS] Lat: 47.397970, Lon: 8.546164, Alt: 0.36m
22:22:39 [POS] Lat: 47.397970, Lon: 8.546164, Alt: 0.36m
22:22:39 [POS] Lat: 47.397970, Lon: 8.546164, Alt: 0.36m
22:22:39 [POS] Lat: 47.397970, Lon: 8.546164, Alt: 0.36m
22:22:39 [POS] Lat: 47.397970, Lon: 8.546164, Alt: 0.36m
22:22:39 [POS] Lat: 47.397970, Lon: 8.546164, Alt: 0.36m
22:22:39 [POS] Lat: 47.397970, Lon: 8.546164, Alt: 0.36m
22:22:39 [POS] Lat: 47.397970, Lon: 8.546164, Alt: 0.36m
22:22:39 [POS] Lat: 47.397970, Lon: 8.546164, Alt: 0.36m
22:22:39 [POS] Lat: 47.397970, Lon: 8.546164, Alt: 0.36m
22:22:39 [POS] Lat: 47.397970, Lon: 8.546164, Alt: 0.36m
22:22:39 [POS] Lat: 47.397970, Lon: 8.546164, Alt: 0.36m
22:22:39 [POS] Lat: 47.397970, Lon: 8.546164, Alt: 0.36m
22:22:39 [POS] Lat: 47.397970, Lon: 8.546164, Alt: 0.36m
22:22:39 [POS] Lat: 47.397970, Lon: 8.546164, Alt: 0.36m
22:22:39 [POS] Lat: 47.397970, Lon: 8.546164, Alt: 0.36m
22:22:39 [POS] Lat: 47.397970, Lon: 8.546164, Alt: 0.36m
22:22:39 [POS] Lat: 47.397970, Lon: 8.546164, Alt: 0.36m
22:22:39 [POS] Lat: 47.397970, Lon: 8.546164, Alt: 0.36m
22:22:39 [POS] Lat: 47.397970, Lon: 8.546164, Alt: 0.36m
22:22:39 [POS] Lat: 47.397970, Lon: 8.546164, Alt: 0.36m
22:22:39 [POS] Lat: 47.397970, Lon: 8.546164, Alt: 0.36m
22:22:39 [POS] Lat: 47.397970, Lon: 8.546164, Alt: 0.36m
22:22:39 [POS] Lat: 47.397970, Lon: 8.546164, Alt: 0.36m
22:22:39 [POS] Lat: 47.397970, Lon: 8.546164, Alt: 0.36m
22:22:39 [POS] Lat: 47.397970, Lon: 8.546164, Alt: 0.36m
22:22:39 [POS] Lat: 47.397970, Lon: 8.546164, Alt: 0.36m
22:22:39 [BAT] Percentage: 100, Voltage: 16.20V
22:22:39 [POS] Lat: 47.397970, Lon: 8.546164, Alt: 0.36m
22:22:39 [POS] Lat: 47.397970, Lon: 8.546164, Alt: 0.36m
22:22:39 [POS] Lat: 47.397970, Lon: 8.546164, Alt: 0.36m
22:22:39 [POS] Lat: 47.397970, Lon: 8.546164, Alt: 0.36m
22:22:39 [POS] Lat: 47.397970, Lon: 8.546164, Alt: 0.36m
22:22:39 [POS] Lat: 47.397970, Lon: 8.546164, Alt: 0.36m
22:22:39 [POS] Lat: 47.397970, Lon: 8.546164, Alt: 0.37m
22:22:39 [POS] Lat: 47.397970, Lon: 8.546164, Alt: 0.37m
22:22:39 [POS] Lat: 47.397970, Lon: 8.546164, Alt: 0.37m
22:22:39 [POS] Lat: 47.397970, Lon: 8.546164, Alt: 0.37m
22:22:39 [POS] Lat: 47.397970, Lon: 8.546164, Alt: 0.37m
22:22:39 [POS] Lat: 47.397970, Lon: 8.546164, Alt: 0.37m
22:22:39 [POS] Lat: 47.397970, Lon: 8.546164, Alt: 0.37m
22:22:39 [POS] Lat: 47.397970, Lon: 8.546164, Alt: 0.37m
22:22:39 [POS] Lat: 47.397970, Lon: 8.546164, Alt: 0.37m
22:22:39 [POS] Lat: 47.397970, Lon: 8.546164, Alt: 0.37m
22:22:39 [POS] Lat: 47.397970, Lon: 8.546164, Alt: 0.37m
22:22:39 [POS] Lat: 47.397970, Lon: 8.546164, Alt: 0.38m
22:22:40 [POS] Lat: 47.397970, Lon: 8.546164, Alt: 0.37m
22:22:40 [POS] Lat: 47.397970, Lon: 8.546164, Alt: 0.37m
22:22:40 [POS] Lat: 47.397970, Lon: 8.546164, Alt: 0.37m
22:22:40 [POS] Lat: 47.397970, Lon: 8.546164, Alt: 0.37m
22:22:40 [POS] Lat: 47.397970, Lon: 8.546164, Alt: 0.37m
22:22:40 [POS] Lat: 47.397970, Lon: 8.546164, Alt: 0.37m
22:22:40 [POS] Lat: 47.397970, Lon: 8.546164, Alt: 0.37m
22:22:40 [POS] Lat: 47.397970, Lon: 8.546164, Alt: 0.37m
22:22:40 [POS] Lat: 47.397970, Lon: 8.546164, Alt: 0.36m
22:22:40 [POS] Lat: 47.397970, Lon: 8.546164, Alt: 0.36m
22:22:40 [POS] Lat: 47.397970, Lon: 8.546164, Alt: 0.36m
22:22:40 [POS] Lat: 47.397970, Lon: 8.546164, Alt: 0.36m
22:22:40 [POS] Lat: 47.397970, Lon: 8.546164, Alt: 0.36m
22:22:40 [POS] Lat: 47.397970, Lon: 8.546164, Alt: 0.36m
22:22:40 [POS] Lat: 47.397970, Lon: 8.546164, Alt: 0.36m
22:22:40 [POS] Lat: 47.397970, Lon: 8.546164, Alt: 0.36m
22:22:40 [POS] Lat: 47.397970, Lon: 8.546164, Alt: 0.36m
22:22:40 [POS] Lat: 47.397970, Lon: 8.546164, Alt: 0.36m
22:22:40 [POS] Lat: 47.397970, Lon: 8.546164, Alt: 0.36m
22:22:40 [POS] Lat: 47.397970, Lon: 8.546164, Alt: 0.36m
22:22:40 [POS] Lat: 47.397970, Lon: 8.546164, Alt: 0.36m
22:22:40 [POS] Lat: 47.397970, Lon: 8.546164, Alt: 0.35m
22:22:40 [POS] Lat: 47.397970, Lon: 8.546164, Alt: 0.35m
22:22:40 [POS] Lat: 47.397970, Lon: 8.546164, Alt: 0.35m
22:22:40 [POS] Lat: 47.397970, Lon: 8.546165, Alt: 0.35m
22:22:40 [POS] Lat: 47.397970, Lon: 8.546165, Alt: 0.35m
22:22:40 [POS] Lat: 47.397970, Lon: 8.546165, Alt: 0.35m
22:22:40 [POS] Lat: 47.397970, Lon: 8.546165, Alt: 0.35m
22:22:40 [POS] Lat: 47.397970, Lon: 8.546165, Alt: 0.35m
22:22:40 [POS] Lat: 47.397970, Lon: 8.546165, Alt: 0.35m
22:22:40 [POS] Lat: 47.397970, Lon: 8.546165, Alt: 0.35m
22:22:40 [POS] Lat: 47.397970, Lon: 8.546165, Alt: 0.35m
22:22:40 [POS] Lat: 47.397970, Lon: 8.546165, Alt: 0.34m
22:22:40 [POS] Lat: 47.397970, Lon: 8.546165, Alt: 0.34m
22:22:40 [POS] Lat: 47.397970, Lon: 8.546165, Alt: 0.34m
22:22:40 [POS] Lat: 47.397970, Lon: 8.546165, Alt: 0.34m
22:22:40 [POS] Lat: 47.397970, Lon: 8.546165, Alt: 0.34m
22:22:40 [POS] Lat: 47.397970, Lon: 8.546165, Alt: 0.34m
22:22:40 [POS] Lat: 47.397970, Lon: 8.546165, Alt: 0.34m
22:22:40 [POS] Lat: 47.397970, Lon: 8.546165, Alt: 0.34m
22:22:40 [POS] Lat: 47.397970, Lon: 8.546165, Alt: 0.34m
22:22:40 [POS] Lat: 47.397970, Lon: 8.546165, Alt: 0.34m
22:22:40 [POS] Lat: 47.397970, Lon: 8.546165, Alt: 0.34m
22:22:40 [POS] Lat: 47.397970, Lon: 8.546165, Alt: 0.34m
22:22:40 [POS] Lat: 47.397970, Lon: 8.546165, Alt: 0.34m
22:22:40 [POS] Lat: 47.397970, Lon: 8.546165, Alt: 0.34m
22:22:40 [POS] Lat: 47.397970, Lon: 8.546165, Alt: 0.34m
22:22:40 [POS] Lat: 47.397970, Lon: 8.546165, Alt: 0.34m
22:22:40 [POS] Lat: 47.397970, Lon: 8.546165, Alt: 0.34m
22:22:41 [POS] Lat: 47.397970, Lon: 8.546165, Alt: 0.34m
22:22:41 [POS] Lat: 47.397970, Lon: 8.546165, Alt: 0.34m
22:22:41 [POS] Lat: 47.397970, Lon: 8.546165, Alt: 0.34m
22:22:41 [POS] Lat: 47.397970, Lon: 8.546165, Alt: 0.34m
22:22:41 [POS] Lat: 47.397970, Lon: 8.546165, Alt: 0.34m
22:22:41 [POS] Lat: 47.397970, Lon: 8.546165, Alt: 0.34m
22:22:41 [POS] Lat: 47.397970, Lon: 8.546165, Alt: 0.34m
22:22:41 [POS] Lat: 47.397970, Lon: 8.546165, Alt: 0.34m
22:22:41 [POS] Lat: 47.397970, Lon: 8.546165, Alt: 0.34m
22:22:41 [POS] Lat: 47.397970, Lon: 8.546165, Alt: 0.34m
22:22:41 [POS] Lat: 47.397970, Lon: 8.546165, Alt: 0.34m
22:22:41 [POS] Lat: 47.397970, Lon: 8.546165, Alt: 0.34m
22:22:41 [POS] Lat: 47.397970, Lon: 8.546165, Alt: 0.34m
22:22:41 [POS] Lat: 47.397970, Lon: 8.546165, Alt: 0.34m
22:22:41 [POS] Lat: 47.397970, Lon: 8.546165, Alt: 0.35m
22:22:41 [POS] Lat: 47.397970, Lon: 8.546165, Alt: 0.35m
22:22:41 [POS] Lat: 47.397970, Lon: 8.546165, Alt: 0.35m
22:22:41 [POS] Lat: 47.397970, Lon: 8.546165, Alt: 0.35m
22:22:41 [POS] Lat: 47.397970, Lon: 8.546165, Alt: 0.35m
22:22:41 [POS] Lat: 47.397970, Lon: 8.546165, Alt: 0.35m
22:22:41 [POS] Lat: 47.397970, Lon: 8.546165, Alt: 0.35m
22:22:41 [POS] Lat: 47.397970, Lon: 8.546165, Alt: 0.35m
22:22:41 [POS] Lat: 47.397970, Lon: 8.546165, Alt: 0.35m
22:22:41 [POS] Lat: 47.397970, Lon: 8.546165, Alt: 0.35m
22:22:41 [POS] Lat: 47.397970, Lon: 8.546165, Alt: 0.36m
22:22:41 [POS] Lat: 47.397970, Lon: 8.546165, Alt: 0.36m
22:22:41 [POS] Lat: 47.397970, Lon: 8.546165, Alt: 0.36m
22:22:41 [POS] Lat: 47.397970, Lon: 8.546165, Alt: 0.36m
22:22:41 [POS] Lat: 47.397970, Lon: 8.546165, Alt: 0.36m
22:22:41 [POS] Lat: 47.397970, Lon: 8.546165, Alt: 0.36m
22:22:41 [POS] Lat: 47.397970, Lon: 8.546165, Alt: 0.36m
22:22:41 [POS] Lat: 47.397970, Lon: 8.546165, Alt: 0.37m
22:22:41 [POS] Lat: 47.397970, Lon: 8.546165, Alt: 0.37m
22:22:41 [BAT] Percentage: 100, Voltage: 16.20V
22:22:41 [POS] Lat: 47.397970, Lon: 8.546165, Alt: 0.37m
22:22:41 [POS] Lat: 47.397970, Lon: 8.546165, Alt: 0.37m
22:22:41 [POS] Lat: 47.397970, Lon: 8.546165, Alt: 0.37m
22:22:41 [POS] Lat: 47.397970, Lon: 8.546165, Alt: 0.37m
22:22:41 [POS] Lat: 47.397970, Lon: 8.546165, Alt: 0.37m
22:22:41 [POS] Lat: 47.397970, Lon: 8.546165, Alt: 0.38m
22:22:41 [POS] Lat: 47.397970, Lon: 8.546165, Alt: 0.38m
22:22:41 [POS] Lat: 47.397970, Lon: 8.546165, Alt: 0.38m
22:22:41 [POS] Lat: 47.397970, Lon: 8.546165, Alt: 0.38m
22:22:41 [POS] Lat: 47.397970, Lon: 8.546165, Alt: 0.38m
22:22:41 [POS] Lat: 47.397970, Lon: 8.546165, Alt: 0.38m
22:22:41 [POS] Lat: 47.397970, Lon: 8.546165, Alt: 0.38m
22:22:41 [POS] Lat: 47.397970, Lon: 8.546165, Alt: 0.38m
22:22:41 [POS] Lat: 47.397970, Lon: 8.546165, Alt: 0.38m
22:22:41 [POS] Lat: 47.397970, Lon: 8.546165, Alt: 0.38m
22:22:41 [POS] Lat: 47.397970, Lon: 8.546165, Alt: 0.38m
22:22:42 [POS] Lat: 47.397970, Lon: 8.546165, Alt: 0.38m
22:22:42 [POS] Lat: 47.397970, Lon: 8.546165, Alt: 0.38m
22:22:42 [POS] Lat: 47.397970, Lon: 8.546165, Alt: 0.38m
22:22:42 [POS] Lat: 47.397970, Lon: 8.546165, Alt: 0.38m
22:22:42 [POS] Lat: 47.397970, Lon: 8.546165, Alt: 0.38m
22:22:42 [POS] Lat: 47.397970, Lon: 8.546165, Alt: 0.38m
22:22:42 [POS] Lat: 47.397970, Lon: 8.546165, Alt: 0.38m
22:22:42 [POS] Lat: 47.397970, Lon: 8.546165, Alt: 0.38m
22:22:42 [POS] Lat: 47.397970, Lon: 8.546165, Alt: 0.38m
22:22:42 [POS] Lat: 47.397970, Lon: 8.546165, Alt: 0.38m
22:22:42 [POS] Lat: 47.397970, Lon: 8.546165, Alt: 0.38m
22:22:42 [POS] Lat: 47.397970, Lon: 8.546165, Alt: 0.38m
22:22:42 [POS] Lat: 47.397970, Lon: 8.546165, Alt: 0.38m
22:22:42 [POS] Lat: 47.397970, Lon: 8.546165, Alt: 0.39m
22:22:42 [POS] Lat: 47.397971, Lon: 8.546165, Alt: 0.39m
22:22:42 [POS] Lat: 47.397971, Lon: 8.546165, Alt: 0.39m
22:22:42 [POS] Lat: 47.397971, Lon: 8.546165, Alt: 0.39m
22:22:42 [POS] Lat: 47.397971, Lon: 8.546165, Alt: 0.39m
22:22:42 [POS] Lat: 47.397971, Lon: 8.546165, Alt: 0.39m
22:22:42 [POS] Lat: 47.397971, Lon: 8.546165, Alt: 0.39m
22:22:42 [POS] Lat: 47.397971, Lon: 8.546165, Alt: 0.40m
22:22:42 [POS] Lat: 47.397971, Lon: 8.546165, Alt: 0.40m
22:22:42 [POS] Lat: 47.397971, Lon: 8.546165, Alt: 0.40m
22:22:42 [POS] Lat: 47.397971, Lon: 8.546165, Alt: 0.40m
22:22:42 [POS] Lat: 47.397971, Lon: 8.546165, Alt: 0.40m
22:22:42 [POS] Lat: 47.397971, Lon: 8.546165, Alt: 0.40m
22:22:42 [POS] Lat: 47.397971, Lon: 8.546165, Alt: 0.41m
22:22:42 [POS] Lat: 47.397971, Lon: 8.546165, Alt: 0.41m
22:22:42 [POS] Lat: 47.397971, Lon: 8.546165, Alt: 0.41m
22:22:42 [POS] Lat: 47.397971, Lon: 8.546165, Alt: 0.41m
22:22:42 [POS] Lat: 47.397971, Lon: 8.546165, Alt: 0.41m
22:22:42 [POS] Lat: 47.397971, Lon: 8.546165, Alt: 0.41m
22:22:42 [POS] Lat: 47.397971, Lon: 8.546165, Alt: 0.41m
22:22:42 [POS] Lat: 47.397971, Lon: 8.546165, Alt: 0.41m
22:22:42 [POS] Lat: 47.397971, Lon: 8.546165, Alt: 0.42m
22:22:42 [POS] Lat: 47.397971, Lon: 8.546165, Alt: 0.42m
22:22:42 [POS] Lat: 47.397971, Lon: 8.546165, Alt: 0.42m
22:22:42 [POS] Lat: 47.397971, Lon: 8.546165, Alt: 0.42m
22:22:42 [POS] Lat: 47.397971, Lon: 8.546165, Alt: 0.43m
22:22:42 [POS] Lat: 47.397971, Lon: 8.546165, Alt: 0.43m
22:22:42 [POS] Lat: 47.397971, Lon: 8.546165, Alt: 0.43m
22:22:42 [POS] Lat: 47.397971, Lon: 8.546165, Alt: 0.43m
22:22:42 [POS] Lat: 47.397971, Lon: 8.546165, Alt: 0.43m
22:22:42 [POS] Lat: 47.397971, Lon: 8.546165, Alt: 0.44m
22:22:42 [POS] Lat: 47.397971, Lon: 8.546165, Alt: 0.44m
22:22:42 [POS] Lat: 47.397971, Lon: 8.546165, Alt: 0.44m
22:22:42 [POS] Lat: 47.397971, Lon: 8.546165, Alt: 0.44m
22:22:42 [POS] Lat: 47.397971, Lon: 8.546165, Alt: 0.44m
22:22:42 [POS] Lat: 47.397971, Lon: 8.546165, Alt: 0.45m
22:22:42 [POS] Lat: 47.397971, Lon: 8.546165, Alt: 0.45m
22:22:43 [POS] Lat: 47.397971, Lon: 8.546165, Alt: 0.45m
22:22:43 [POS] Lat: 47.397971, Lon: 8.546165, Alt: 0.45m
22:22:43 [POS] Lat: 47.397971, Lon: 8.546165, Alt: 0.46m
22:22:43 [POS] Lat: 47.397971, Lon: 8.546165, Alt: 0.46m
22:22:43 [POS] Lat: 47.397971, Lon: 8.546165, Alt: 0.46m
22:22:43 [POS] Lat: 47.397971, Lon: 8.546165, Alt: 0.46m
22:22:43 [POS] Lat: 47.397971, Lon: 8.546165, Alt: 0.47m
22:22:43 [POS] Lat: 47.397971, Lon: 8.546165, Alt: 0.47m
22:22:43 [POS] Lat: 47.397971, Lon: 8.546165, Alt: 0.47m
22:22:43 [POS] Lat: 47.397971, Lon: 8.546165, Alt: 0.47m
22:22:43 [POS] Lat: 47.397971, Lon: 8.546165, Alt: 0.47m
22:22:43 [POS] Lat: 47.397971, Lon: 8.546165, Alt: 0.47m
22:22:43 [POS] Lat: 47.397971, Lon: 8.546165, Alt: 0.48m
22:22:43 [POS] Lat: 47.397971, Lon: 8.546165, Alt: 0.48m
22:22:43 [POS] Lat: 47.397971, Lon: 8.546165, Alt: 0.48m
22:22:43 [POS] Lat: 47.397971, Lon: 8.546165, Alt: 0.48m
22:22:43 [POS] Lat: 47.397971, Lon: 8.546165, Alt: 0.48m
22:22:43 [POS] Lat: 47.397971, Lon: 8.546165, Alt: 0.48m
22:22:43 [POS] Lat: 47.397971, Lon: 8.546165, Alt: 0.48m
22:22:43 [POS] Lat: 47.397971, Lon: 8.546165, Alt: 0.48m
22:22:43 [POS] Lat: 47.397971, Lon: 8.546165, Alt: 0.48m
22:22:43 [POS] Lat: 47.397971, Lon: 8.546165, Alt: 0.48m
22:22:43 [POS] Lat: 47.397971, Lon: 8.546165, Alt: 0.49m
22:22:43 [POS] Lat: 47.397971, Lon: 8.546165, Alt: 0.49m
22:22:43 [POS] Lat: 47.397971, Lon: 8.546165, Alt: 0.49m
22:22:43 [POS] Lat: 47.397971, Lon: 8.546165, Alt: 0.49m
22:22:43 [POS] Lat: 47.397971, Lon: 8.546165, Alt: 0.50m
22:22:43 [POS] Lat: 47.397971, Lon: 8.546165, Alt: 0.50m
22:22:43 [POS] Lat: 47.397971, Lon: 8.546165, Alt: 0.50m
22:22:43 [POS] Lat: 47.397971, Lon: 8.546165, Alt: 0.50m
22:22:43 [POS] Lat: 47.397971, Lon: 8.546165, Alt: 0.50m
22:22:43 [POS] Lat: 47.397971, Lon: 8.546165, Alt: 0.50m
22:22:43 [POS] Lat: 47.397971, Lon: 8.546165, Alt: 0.50m
22:22:43 [POS] Lat: 47.397971, Lon: 8.546165, Alt: 0.50m
22:22:43 [BAT] Percentage: 100, Voltage: 16.20V
22:22:43 [POS] Lat: 47.397971, Lon: 8.546165, Alt: 0.50m
22:22:43 [POS] Lat: 47.397971, Lon: 8.546165, Alt: 0.50m
22:22:43 [POS] Lat: 47.397971, Lon: 8.546165, Alt: 0.50m
22:22:43 [POS] Lat: 47.397971, Lon: 8.546165, Alt: 0.50m
22:22:43 [POS] Lat: 47.397971, Lon: 8.546165, Alt: 0.51m
22:22:43 [POS] Lat: 47.397971, Lon: 8.546165, Alt: 0.51m
22:22:43 [POS] Lat: 47.397971, Lon: 8.546165, Alt: 0.51m
22:22:43 [POS] Lat: 47.397971, Lon: 8.546165, Alt: 0.51m
22:22:43 [POS] Lat: 47.397971, Lon: 8.546165, Alt: 0.51m
22:22:43 [POS] Lat: 47.397971, Lon: 8.546165, Alt: 0.51m
22:22:43 [POS] Lat: 47.397971, Lon: 8.546165, Alt: 0.52m
22:22:43 [POS] Lat: 47.397971, Lon: 8.546165, Alt: 0.52m
22:22:43 [POS] Lat: 47.397971, Lon: 8.546165, Alt: 0.52m
22:22:43 [POS] Lat: 47.397971, Lon: 8.546165, Alt: 0.52m
22:22:43 [POS] Lat: 47.397971, Lon: 8.546165, Alt: 0.52m
22:22:44 [POS] Lat: 47.397971, Lon: 8.546165, Alt: 0.52m
22:22:44 [POS] Lat: 47.397971, Lon: 8.546165, Alt: 0.52m
22:22:44 [POS] Lat: 47.397971, Lon: 8.546165, Alt: 0.52m
22:22:44 [POS] Lat: 47.397971, Lon: 8.546165, Alt: 0.52m
22:22:44 [POS] Lat: 47.397971, Lon: 8.546165, Alt: 0.52m
22:22:44 [POS] Lat: 47.397971, Lon: 8.546165, Alt: 0.52m
22:22:44 [POS] Lat: 47.397971, Lon: 8.546165, Alt: 0.52m
22:22:44 [POS] Lat: 47.397971, Lon: 8.546165, Alt: 0.52m
22:22:44 [POS] Lat: 47.397971, Lon: 8.546165, Alt: 0.52m
22:22:44 [POS] Lat: 47.397971, Lon: 8.546165, Alt: 0.52m
22:22:44 [POS] Lat: 47.397971, Lon: 8.546165, Alt: 0.52m
22:22:44 [POS] Lat: 47.397971, Lon: 8.546165, Alt: 0.52m
22:22:44 [POS] Lat: 47.397971, Lon: 8.546165, Alt: 0.52m
22:22:44 [POS] Lat: 47.397971, Lon: 8.546165, Alt: 0.52m
22:22:44 [POS] Lat: 47.397971, Lon: 8.546165, Alt: 0.52m
22:22:44 [POS] Lat: 47.397971, Lon: 8.546165, Alt: 0.52m
22:22:44 [POS] Lat: 47.397971, Lon: 8.546165, Alt: 0.52m
22:22:44 [POS] Lat: 47.397971, Lon: 8.546165, Alt: 0.52m
22:22:44 [POS] Lat: 47.397971, Lon: 8.546165, Alt: 0.52m
22:22:44 [POS] Lat: 47.397971, Lon: 8.546165, Alt: 0.52m
22:22:44 [POS] Lat: 47.397971, Lon: 8.546165, Alt: 0.52m
22:22:44 [POS] Lat: 47.397971, Lon: 8.546165, Alt: 0.52m
22:22:44 [POS] Lat: 47.397971, Lon: 8.546165, Alt: 0.52m
22:22:44 [POS] Lat: 47.397971, Lon: 8.546165, Alt: 0.52m
22:22:44 [POS] Lat: 47.397971, Lon: 8.546165, Alt: 0.52m
22:22:44 [POS] Lat: 47.397971, Lon: 8.546165, Alt: 0.51m
22:22:44 [POS] Lat: 47.397971, Lon: 8.546165, Alt: 0.51m
22:22:44 [POS] Lat: 47.397971, Lon: 8.546165, Alt: 0.51m
22:22:44 [POS] Lat: 47.397971, Lon: 8.546165, Alt: 0.51m
22:22:44 [POS] Lat: 47.397971, Lon: 8.546165, Alt: 0.52m
22:22:44 [POS] Lat: 47.397971, Lon: 8.546165, Alt: 0.52m
22:22:44 [POS] Lat: 47.397971, Lon: 8.546165, Alt: 0.52m
22:22:44 [POS] Lat: 47.397971, Lon: 8.546165, Alt: 0.52m
22:22:44 [POS] Lat: 47.397971, Lon: 8.546165, Alt: 0.52m
22:22:44 [POS] Lat: 47.397971, Lon: 8.546165, Alt: 0.52m
22:22:44 [POS] Lat: 47.397971, Lon: 8.546165, Alt: 0.52m
22:22:44 [POS] Lat: 47.397971, Lon: 8.546165, Alt: 0.53m
22:22:44 [POS] Lat: 47.397971, Lon: 8.546165, Alt: 0.53m
22:22:44 [POS] Lat: 47.397971, Lon: 8.546165, Alt: 0.53m
22:22:44 [POS] Lat: 47.397971, Lon: 8.546165, Alt: 0.53m
22:22:44 [POS] Lat: 47.397971, Lon: 8.546165, Alt: 0.00m
22:22:44 [POS] Lat: 47.397971, Lon: 8.546165, Alt: 0.00m
22:22:44 [POS] Lat: 47.397971, Lon: 8.546165, Alt: 0.00m
22:22:44 [POS] Lat: 47.397971, Lon: 8.546164, Alt: 0.01m
22:22:44 [POS] Lat: 47.397971, Lon: 8.546164, Alt: 0.01m
22:22:44 [POS] Lat: 47.397971, Lon: 8.546164, Alt: 0.01m
22:22:44 [POS] Lat: 47.397971, Lon: 8.546164, Alt: 0.02m
22:22:44 [POS] Lat: 47.397971, Lon: 8.546164, Alt: 0.02m
22:22:44 [POS] Lat: 47.397971, Lon: 8.546164, Alt: 0.02m
22:22:45 [POS] Lat: 47.397971, Lon: 8.546164, Alt: 0.02m
22:22:45 [POS] Lat: 47.397971, Lon: 8.546164, Alt: 0.02m
22:22:45 [POS] Lat: 47.397971, Lon: 8.546164, Alt: 0.02m
22:22:45 [POS] Lat: 47.397971, Lon: 8.546164, Alt: 0.02m
22:22:45 [POS] Lat: 47.397971, Lon: 8.546164, Alt: 0.02m
22:22:45 [POS] Lat: 47.397971, Lon: 8.546164, Alt: 0.02m
22:22:45 [POS] Lat: 47.397971, Lon: 8.546164, Alt: 0.02m
22:22:45 [POS] Lat: 47.397971, Lon: 8.546164, Alt: 0.02m
22:22:45 [POS] Lat: 47.397971, Lon: 8.546164, Alt: 0.02m
22:22:45 [POS] Lat: 47.397971, Lon: 8.546164, Alt: 0.02m
22:22:45 [POS] Lat: 47.397971, Lon: 8.546164, Alt: 0.02m
22:22:45 [POS] Lat: 47.397971, Lon: 8.546164, Alt: 0.02m
22:22:45 [POS] Lat: 47.397971, Lon: 8.546164, Alt: 0.02m
22:22:45 [POS] Lat: 47.397971, Lon: 8.546164, Alt: 0.02m
22:22:45 [POS] Lat: 47.397971, Lon: 8.546164, Alt: 0.02m
22:22:45 [POS] Lat: 47.397971, Lon: 8.546164, Alt: 0.02m
22:22:45 [POS] Lat: 47.397971, Lon: 8.546164, Alt: 0.02m
22:22:45 [POS] Lat: 47.397971, Lon: 8.546164, Alt: 0.02m
22:22:45 [POS] Lat: 47.397971, Lon: 8.546164, Alt: 0.02m
22:22:45 [POS] Lat: 47.397971, Lon: 8.546164, Alt: 0.02m
22:22:45 [POS] Lat: 47.397971, Lon: 8.546164, Alt: 0.02m
22:22:45 [POS] Lat: 47.397971, Lon: 8.546164, Alt: 0.02m
22:22:45 [POS] Lat: 47.397971, Lon: 8.546164, Alt: 0.02m
22:22:45 [POS] Lat: 47.397971, Lon: 8.546164, Alt: 0.02m
22:22:45 [POS] Lat: 47.397971, Lon: 8.546164, Alt: 0.02m
22:22:45 [POS] Lat: 47.397971, Lon: 8.546164, Alt: 0.02m
22:22:45 [POS] Lat: 47.397971, Lon: 8.546164, Alt: 0.02m
22:22:45 [POS] Lat: 47.397971, Lon: 8.546164, Alt: 0.02m
22:22:45 [POS] Lat: 47.397971, Lon: 8.546164, Alt: 0.02m
22:22:45 [POS] Lat: 47.397971, Lon: 8.546164, Alt: 0.02m
22:22:45 [POS] Lat: 47.397971, Lon: 8.546164, Alt: 0.02m
22:22:45 [POS] Lat: 47.397971, Lon: 8.546164, Alt: 0.02m
22:22:45 [POS] Lat: 47.397971, Lon: 8.546164, Alt: 0.02m
22:22:45 [POS] Lat: 47.397971, Lon: 8.546164, Alt: 0.02m
22:22:45 [POS] Lat: 47.397971, Lon: 8.546164, Alt: 0.02m
22:22:45 [POS] Lat: 47.397971, Lon: 8.546164, Alt: 0.02m
22:22:45 [BAT] Percentage: 100, Voltage: 16.20V
22:22:45 [POS] Lat: 47.397971, Lon: 8.546164, Alt: 0.03m
22:22:45 [POS] Lat: 47.397971, Lon: 8.546164, Alt: 0.03m
22:22:45 [POS] Lat: 47.397971, Lon: 8.546164, Alt: 0.03m
22:22:45 [POS] Lat: 47.397971, Lon: 8.546164, Alt: 0.03m
22:22:45 [POS] Lat: 47.397971, Lon: 8.546164, Alt: 0.04m
22:22:45 [POS] Lat: 47.397971, Lon: 8.546164, Alt: 0.04m
22:22:45 [POS] Lat: 47.397971, Lon: 8.546164, Alt: 0.04m
22:22:45 [POS] Lat: 47.397971, Lon: 8.546164, Alt: 0.05m
22:22:45 [POS] Lat: 47.397971, Lon: 8.546164, Alt: 0.05m
22:22:45 [POS] Lat: 47.397971, Lon: 8.546164, Alt: 0.05m
22:22:45 [POS] Lat: 47.397971, Lon: 8.546164, Alt: 0.06m
22:22:45 [POS] Lat: 47.397971, Lon: 8.546164, Alt: 0.06m
22:22:45 [POS] Lat: 47.397971, Lon: 8.546164, Alt: 0.06m
22:22:45 [POS] Lat: 47.397971, Lon: 8.546164, Alt: 0.06m
22:22:46 [POS] Lat: 47.397971, Lon: 8.546164, Alt: 0.07m
22:22:46 [POS] Lat: 47.397971, Lon: 8.546164, Alt: 0.07m
22:22:46 [POS] Lat: 47.397971, Lon: 8.546164, Alt: 0.07m
22:22:46 [POS] Lat: 47.397971, Lon: 8.546164, Alt: 0.07m
22:22:46 [POS] Lat: 47.397971, Lon: 8.546164, Alt: 0.08m
22:22:46 [POS] Lat: 47.397971, Lon: 8.546164, Alt: 0.08m
22:22:46 [POS] Lat: 47.397971, Lon: 8.546164, Alt: 0.08m
22:22:46 [POS] Lat: 47.397971, Lon: 8.546164, Alt: 0.09m
22:22:46 [POS] Lat: 47.397971, Lon: 8.546164, Alt: 0.09m
22:22:46 [POS] Lat: 47.397971, Lon: 8.546164, Alt: 0.09m
22:22:46 [POS] Lat: 47.397971, Lon: 8.546164, Alt: 0.10m
22:22:46 [POS] Lat: 47.397971, Lon: 8.546164, Alt: 0.10m
22:22:46 [POS] Lat: 47.397971, Lon: 8.546164, Alt: 0.10m
22:22:46 [POS] Lat: 47.397971, Lon: 8.546164, Alt: 0.11m
22:22:46 [POS] Lat: 47.397971, Lon: 8.546164, Alt: 0.11m
22:22:46 [POS] Lat: 47.397971, Lon: 8.546164, Alt: 0.11m
22:22:46 [POS] Lat: 47.397971, Lon: 8.546164, Alt: 0.12m
22:22:46 [POS] Lat: 47.397971, Lon: 8.546164, Alt: 0.12m
22:22:46 [POS] Lat: 47.397971, Lon: 8.546164, Alt: 0.12m
22:22:46 [POS] Lat: 47.397971, Lon: 8.546164, Alt: 0.13m
22:22:46 [POS] Lat: 47.397971, Lon: 8.546164, Alt: 0.13m
22:22:46 [POS] Lat: 47.397971, Lon: 8.546164, Alt: 0.13m
22:22:46 [POS] Lat: 47.397971, Lon: 8.546164, Alt: 0.14m
22:22:46 [POS] Lat: 47.397971, Lon: 8.546164, Alt: 0.14m
22:22:46 [POS] Lat: 47.397971, Lon: 8.546164, Alt: 0.14m
22:22:46 [POS] Lat: 47.397971, Lon: 8.546164, Alt: 0.14m
22:22:46 [POS] Lat: 47.397971, Lon: 8.546164, Alt: 0.14m
22:22:46 [POS] Lat: 47.397971, Lon: 8.546164, Alt: 0.14m
22:22:46 [POS] Lat: 47.397971, Lon: 8.546164, Alt: 0.15m
22:22:46 [POS] Lat: 47.397971, Lon: 8.546164, Alt: 0.15m
22:22:46 [POS] Lat: 47.397971, Lon: 8.546164, Alt: 0.15m
22:22:46 [POS] Lat: 47.397971, Lon: 8.546164, Alt: 0.15m
22:22:46 [POS] Lat: 47.397971, Lon: 8.546164, Alt: 0.15m
22:22:46 [POS] Lat: 47.397971, Lon: 8.546164, Alt: 0.15m
22:22:46 [POS] Lat: 47.397971, Lon: 8.546164, Alt: 0.16m
22:22:46 [POS] Lat: 47.397971, Lon: 8.546164, Alt: 0.16m
22:22:46 [POS] Lat: 47.397971, Lon: 8.546164, Alt: 0.16m
22:22:46 [POS] Lat: 47.397971, Lon: 8.546164, Alt: 0.16m
22:22:46 [POS] Lat: 47.397971, Lon: 8.546164, Alt: 0.16m
22:22:46 [POS] Lat: 47.397971, Lon: 8.546164, Alt: 0.16m
22:22:46 [POS] Lat: 47.397971, Lon: 8.546164, Alt: 0.16m
22:22:46 [POS] Lat: 47.397971, Lon: 8.546164, Alt: 0.16m
22:22:46 [POS] Lat: 47.397971, Lon: 8.546164, Alt: 0.16m
22:22:46 [POS] Lat: 47.397971, Lon: 8.546164, Alt: 0.16m
22:22:46 [POS] Lat: 47.397971, Lon: 8.546164, Alt: 0.16m
22:22:46 [POS] Lat: 47.397971, Lon: 8.546164, Alt: 0.16m
22:22:46 [POS] Lat: 47.397971, Lon: 8.546164, Alt: 0.16m
22:22:46 [POS] Lat: 47.397971, Lon: 8.546164, Alt: 0.16m
22:22:46 [POS] Lat: 47.397971, Lon: 8.546164, Alt: 0.16m
22:22:47 [POS] Lat: 47.397971, Lon: 8.546164, Alt: 0.16m
22:22:47 [POS] Lat: 47.397971, Lon: 8.546164, Alt: 0.15m
22:22:47 [POS] Lat: 47.397971, Lon: 8.546164, Alt: 0.15m
22:22:47 [POS] Lat: 47.397971, Lon: 8.546164, Alt: 0.15m
22:22:47 [POS] Lat: 47.397971, Lon: 8.546164, Alt: 0.15m
22:22:47 [POS] Lat: 47.397971, Lon: 8.546164, Alt: 0.15m
22:22:47 [POS] Lat: 47.397971, Lon: 8.546164, Alt: 0.15m
22:22:47 [POS] Lat: 47.397971, Lon: 8.546164, Alt: 0.16m
22:22:47 [POS] Lat: 47.397971, Lon: 8.546164, Alt: 0.16m
22:22:47 [POS] Lat: 47.397971, Lon: 8.546164, Alt: 0.16m
22:22:47 [POS] Lat: 47.397971, Lon: 8.546164, Alt: 0.16m
22:22:47 [POS] Lat: 47.397971, Lon: 8.546164, Alt: 0.16m
22:22:47 [POS] Lat: 47.397971, Lon: 8.546164, Alt: 0.16m
22:22:47 [POS] Lat: 47.397971, Lon: 8.546164, Alt: 0.16m
22:22:47 [POS] Lat: 47.397971, Lon: 8.546164, Alt: 0.16m
22:22:47 [POS] Lat: 47.397971, Lon: 8.546164, Alt: 0.16m
22:22:47 [POS] Lat: 47.397971, Lon: 8.546164, Alt: 0.16m
22:22:47 [POS] Lat: 47.397971, Lon: 8.546164, Alt: 0.16m
22:22:47 [POS] Lat: 47.397971, Lon: 8.546164, Alt: 0.16m
22:22:47 [POS] Lat: 47.397971, Lon: 8.546164, Alt: 0.16m
22:22:47 [POS] Lat: 47.397971, Lon: 8.546164, Alt: 0.16m
22:22:47 [POS] Lat: 47.397971, Lon: 8.546164, Alt: 0.16m
22:22:47 [POS] Lat: 47.397971, Lon: 8.546164, Alt: 0.16m
22:22:47 [POS] Lat: 47.397971, Lon: 8.546164, Alt: 0.16m
22:22:47 [POS] Lat: 47.397971, Lon: 8.546164, Alt: 0.15m
22:22:47 [POS] Lat: 47.397971, Lon: 8.546164, Alt: 0.15m
22:22:47 [POS] Lat: 47.397971, Lon: 8.546164, Alt: 0.15m
22:22:47 [POS] Lat: 47.397971, Lon: 8.546164, Alt: 0.15m
22:22:47 [POS] Lat: 47.397971, Lon: 8.546164, Alt: 0.15m
22:22:47 [POS] Lat: 47.397971, Lon: 8.546164, Alt: 0.15m
22:22:47 [POS] Lat: 47.397971, Lon: 8.546164, Alt: 0.15m
22:22:47 [POS] Lat: 47.397971, Lon: 8.546164, Alt: 0.15m
22:22:47 [POS] Lat: 47.397971, Lon: 8.546164, Alt: 0.15m
22:22:47 [POS] Lat: 47.397971, Lon: 8.546164, Alt: 0.15m
22:22:47 [POS] Lat: 47.397971, Lon: 8.546164, Alt: 0.15m
22:22:47 [POS] Lat: 47.397971, Lon: 8.546164, Alt: 0.15m
22:22:47 [POS] Lat: 47.397971, Lon: 8.546164, Alt: 0.15m
22:22:47 [BAT] Percentage: 100, Voltage: 16.20V
22:22:47 [POS] Lat: 47.397971, Lon: 8.546164, Alt: 0.15m
22:22:47 [POS] Lat: 47.397971, Lon: 8.546164, Alt: 0.15m
22:22:47 [POS] Lat: 47.397971, Lon: 8.546164, Alt: 0.15m
22:22:47 [POS] Lat: 47.397971, Lon: 8.546164, Alt: 0.16m
22:22:47 [POS] Lat: 47.397971, Lon: 8.546164, Alt: 0.16m
22:22:47 [POS] Lat: 47.397971, Lon: 8.546164, Alt: 0.16m
22:22:47 [POS] Lat: 47.397971, Lon: 8.546164, Alt: 0.16m
22:22:47 [POS] Lat: 47.397971, Lon: 8.546164, Alt: 0.15m
22:22:47 [POS] Lat: 47.397971, Lon: 8.546164, Alt: 0.15m
22:22:47 [POS] Lat: 47.397971, Lon: 8.546164, Alt: 0.15m
22:22:47 [POS] Lat: 47.397971, Lon: 8.546164, Alt: 0.15m
22:22:47 [POS] Lat: 47.397971, Lon: 8.546164, Alt: 0.15m
22:22:47 [POS] Lat: 47.397971, Lon: 8.546164, Alt: 0.15m
22:22:48 [POS] Lat: 47.397971, Lon: 8.546164, Alt: 0.15m
22:22:48 [POS] Lat: 47.397971, Lon: 8.546164, Alt: 0.15m
22:22:48 [POS] Lat: 47.397971, Lon: 8.546164, Alt: 0.15m
22:22:48 [POS] Lat: 47.397971, Lon: 8.546164, Alt: 0.15m
22:22:48 [POS] Lat: 47.397971, Lon: 8.546164, Alt: 0.15m
22:22:48 [POS] Lat: 47.397971, Lon: 8.546164, Alt: 0.15m
22:22:48 [POS] Lat: 47.397971, Lon: 8.546164, Alt: 0.14m
22:22:48 [POS] Lat: 47.397971, Lon: 8.546164, Alt: 0.14m
22:22:48 [POS] Lat: 47.397971, Lon: 8.546164, Alt: 0.14m
22:22:48 [POS] Lat: 47.397971, Lon: 8.546164, Alt: 0.14m
22:22:48 [POS] Lat: 47.397971, Lon: 8.546164, Alt: 0.14m
22:22:48 [POS] Lat: 47.397971, Lon: 8.546164, Alt: 0.14m
22:22:48 [POS] Lat: 47.397971, Lon: 8.546164, Alt: 0.14m
22:22:48 [POS] Lat: 47.397971, Lon: 8.546164, Alt: 0.13m
22:22:48 [POS] Lat: 47.397971, Lon: 8.546164, Alt: 0.13m
22:22:48 [POS] Lat: 47.397971, Lon: 8.546164, Alt: 0.13m
22:22:48 [POS] Lat: 47.397971, Lon: 8.546164, Alt: 0.13m
22:22:48 [POS] Lat: 47.397971, Lon: 8.546164, Alt: 0.13m
22:22:48 [POS] Lat: 47.397971, Lon: 8.546164, Alt: 0.13m
22:22:48 [POS] Lat: 47.397971, Lon: 8.546164, Alt: 0.14m
22:22:48 [POS] Lat: 47.397971, Lon: 8.546164, Alt: 0.14m
22:22:48 [POS] Lat: 47.397971, Lon: 8.546164, Alt: 0.14m
22:22:48 [POS] Lat: 47.397971, Lon: 8.546164, Alt: 0.14m
22:22:48 [POS] Lat: 47.397971, Lon: 8.546164, Alt: 0.14m
22:22:48 [POS] Lat: 47.397971, Lon: 8.546164, Alt: 0.14m
22:22:48 [POS] Lat: 47.397971, Lon: 8.546164, Alt: 0.15m
22:22:48 [POS] Lat: 47.397971, Lon: 8.546164, Alt: 0.15m
22:22:48 [POS] Lat: 47.397971, Lon: 8.546164, Alt: 0.15m
22:22:48 [POS] Lat: 47.397971, Lon: 8.546164, Alt: 0.15m
22:22:48 [POS] Lat: 47.397971, Lon: 8.546164, Alt: 0.15m
22:22:48 [POS] Lat: 47.397971, Lon: 8.546164, Alt: 0.15m
22:22:48 [POS] Lat: 47.397971, Lon: 8.546164, Alt: 0.16m
22:22:48 [POS] Lat: 47.397971, Lon: 8.546164, Alt: 0.16m
22:22:48 [POS] Lat: 47.397971, Lon: 8.546164, Alt: 0.16m
22:22:48 [POS] Lat: 47.397971, Lon: 8.546164, Alt: 0.16m
22:22:48 [POS] Lat: 47.397971, Lon: 8.546164, Alt: 0.16m
22:22:48 [POS] Lat: 47.397971, Lon: 8.546164, Alt: 0.16m
22:22:48 [POS] Lat: 47.397971, Lon: 8.546164, Alt: 0.16m
22:22:48 [POS] Lat: 47.397971, Lon: 8.546164, Alt: 0.16m
22:22:48 [POS] Lat: 47.397971, Lon: 8.546164, Alt: 0.16m
22:22:48 [POS] Lat: 47.397971, Lon: 8.546164, Alt: 0.16m
22:22:48 [POS] Lat: 47.397971, Lon: 8.546164, Alt: 0.16m
22:22:48 [POS] Lat: 47.397971, Lon: 8.546164, Alt: 0.16m
22:22:48 [POS] Lat: 47.397971, Lon: 8.546164, Alt: 0.16m
22:22:48 [POS] Lat: 47.397971, Lon: 8.546164, Alt: 0.16m
22:22:48 [POS] Lat: 47.397971, Lon: 8.546164, Alt: 0.16m
22:22:48 [POS] Lat: 47.397971, Lon: 8.546164, Alt: 0.16m
22:22:48 [POS] Lat: 47.397971, Lon: 8.546164, Alt: 0.15m
22:22:48 [POS] Lat: 47.397971, Lon: 8.546164, Alt: 0.15m
22:22:49 [POS] Lat: 47.397971, Lon: 8.546164, Alt: 0.15m
22:22:49 [POS] Lat: 47.397971, Lon: 8.546164, Alt: 0.15m
22:22:49 [POS] Lat: 47.397971, Lon: 8.546164, Alt: 0.15m
22:22:49 [POS] Lat: 47.397971, Lon: 8.546164, Alt: 0.15m
22:22:49 [POS] Lat: 47.397971, Lon: 8.546164, Alt: 0.15m
22:22:49 [POS] Lat: 47.397971, Lon: 8.546164, Alt: 0.15m
22:22:49 [POS] Lat: 47.397971, Lon: 8.546164, Alt: 0.15m
22:22:49 [POS] Lat: 47.397971, Lon: 8.546164, Alt: 0.15m
22:22:49 [POS] Lat: 47.397971, Lon: 8.546164, Alt: 0.15m
22:22:49 [POS] Lat: 47.397971, Lon: 8.546164, Alt: 0.15m
22:22:49 [POS] Lat: 47.397971, Lon: 8.546164, Alt: 0.15m
22:22:49 [POS] Lat: 47.397971, Lon: 8.546164, Alt: 0.16m
22:22:49 [POS] Lat: 47.397971, Lon: 8.546164, Alt: 0.16m
22:22:49 [POS] Lat: 47.397971, Lon: 8.546164, Alt: 0.16m
22:22:49 [POS] Lat: 47.397971, Lon: 8.546164, Alt: 0.16m
22:22:49 [POS] Lat: 47.397971, Lon: 8.546164, Alt: 0.16m
22:22:49 [POS] Lat: 47.397971, Lon: 8.546164, Alt: 0.17m
22:22:49 [POS] Lat: 47.397971, Lon: 8.546164, Alt: 0.17m
22:22:49 [POS] Lat: 47.397971, Lon: 8.546164, Alt: 0.17m
22:22:49 [POS] Lat: 47.397971, Lon: 8.546164, Alt: 0.17m
22:22:49 [POS] Lat: 47.397971, Lon: 8.546164, Alt: 0.17m
22:22:49 [POS] Lat: 47.397971, Lon: 8.546164, Alt: 0.17m
22:22:49 [POS] Lat: 47.397971, Lon: 8.546164, Alt: 0.18m
22:22:49 [POS] Lat: 47.397971, Lon: 8.546164, Alt: 0.18m
22:22:49 [POS] Lat: 47.397971, Lon: 8.546164, Alt: 0.18m
22:22:49 [POS] Lat: 47.397971, Lon: 8.546164, Alt: 0.18m
22:22:49 [POS] Lat: 47.397971, Lon: 8.546164, Alt: 0.18m
22:22:49 [POS] Lat: 47.397971, Lon: 8.546164, Alt: 0.18m
22:22:49 [POS] Lat: 47.397971, Lon: 8.546164, Alt: 0.18m
22:22:49 [POS] Lat: 47.397971, Lon: 8.546164, Alt: 0.18m
22:22:49 [POS] Lat: 47.397971, Lon: 8.546164, Alt: 0.18m
22:22:49 [POS] Lat: 47.397971, Lon: 8.546164, Alt: 0.18m
22:22:49 [POS] Lat: 47.397971, Lon: 8.546164, Alt: 0.18m
22:22:49 [POS] Lat: 47.397972, Lon: 8.546164, Alt: 0.18m
22:22:49 [POS] Lat: 47.397972, Lon: 8.546164, Alt: 0.18m
22:22:49 [POS] Lat: 47.397972, Lon: 8.546164, Alt: 0.18m
22:22:49 [POS] Lat: 47.397972, Lon: 8.546164, Alt: 0.18m
22:22:49 [POS] Lat: 47.397972, Lon: 8.546164, Alt: 0.18m
22:22:49 [BAT] Percentage: 100, Voltage: 16.20V
22:22:49 [POS] Lat: 47.397972, Lon: 8.546164, Alt: 0.18m
22:22:49 [POS] Lat: 47.397972, Lon: 8.546164, Alt: 0.18m
22:22:49 [POS] Lat: 47.397972, Lon: 8.546164, Alt: 0.18m
22:22:49 [POS] Lat: 47.397972, Lon: 8.546164, Alt: 0.18m
22:22:49 [POS] Lat: 47.397972, Lon: 8.546164, Alt: 0.19m
22:22:49 [POS] Lat: 47.397972, Lon: 8.546164, Alt: 0.19m
22:22:49 [POS] Lat: 47.397972, Lon: 8.546164, Alt: 0.19m
22:22:49 [POS] Lat: 47.397972, Lon: 8.546164, Alt: 0.19m
22:22:49 [POS] Lat: 47.397972, Lon: 8.546164, Alt: 0.19m
22:22:49 [POS] Lat: 47.397972, Lon: 8.546164, Alt: 0.19m
22:22:49 [POS] Lat: 47.397972, Lon: 8.546164, Alt: 0.20m
22:22:50 [POS] Lat: 47.397972, Lon: 8.546164, Alt: 0.20m
22:22:50 [POS] Lat: 47.397972, Lon: 8.546164, Alt: 0.20m
22:22:50 [POS] Lat: 47.397972, Lon: 8.546164, Alt: 0.20m
22:22:50 [POS] Lat: 47.397972, Lon: 8.546164, Alt: 0.20m
22:22:50 [POS] Lat: 47.397972, Lon: 8.546164, Alt: 0.20m
22:22:50 [POS] Lat: 47.397972, Lon: 8.546164, Alt: 0.21m
22:22:50 [POS] Lat: 47.397972, Lon: 8.546164, Alt: 0.21m
22:22:50 [POS] Lat: 47.397972, Lon: 8.546164, Alt: 0.21m
22:22:50 [POS] Lat: 47.397972, Lon: 8.546164, Alt: 0.21m
22:22:50 [POS] Lat: 47.397972, Lon: 8.546164, Alt: 0.21m
22:22:50 [POS] Lat: 47.397972, Lon: 8.546164, Alt: 0.21m
22:22:50 [POS] Lat: 47.397972, Lon: 8.546164, Alt: 0.21m
22:22:50 [POS] Lat: 47.397972, Lon: 8.546164, Alt: 0.21m
22:22:50 [POS] Lat: 47.397972, Lon: 8.546164, Alt: 0.21m
22:22:50 [POS] Lat: 47.397972, Lon: 8.546164, Alt: 0.21m
22:22:50 [POS] Lat: 47.397972, Lon: 8.546164, Alt: 0.21m
22:22:50 [POS] Lat: 47.397972, Lon: 8.546164, Alt: 0.21m
22:22:50 [POS] Lat: 47.397972, Lon: 8.546164, Alt: 0.21m
22:22:50 [POS] Lat: 47.397972, Lon: 8.546164, Alt: 0.21m
22:22:50 [POS] Lat: 47.397972, Lon: 8.546164, Alt: 0.21m
22:22:50 [POS] Lat: 47.397972, Lon: 8.546164, Alt: 0.21m
22:22:50 [POS] Lat: 47.397972, Lon: 8.546164, Alt: 0.21m
22:22:50 [POS] Lat: 47.397972, Lon: 8.546164, Alt: 0.21m
22:22:50 [POS] Lat: 47.397972, Lon: 8.546164, Alt: 0.21m
22:22:50 [POS] Lat: 47.397972, Lon: 8.546164, Alt: 0.21m
22:22:50 [POS] Lat: 47.397972, Lon: 8.546164, Alt: 0.21m
22:22:50 [POS] Lat: 47.397972, Lon: 8.546164, Alt: 0.21m
22:22:50 [POS] Lat: 47.397972, Lon: 8.546164, Alt: 0.21m
22:22:50 [POS] Lat: 47.397972, Lon: 8.546164, Alt: 0.21m
22:22:50 [POS] Lat: 47.397972, Lon: 8.546164, Alt: 0.21m
22:22:50 [POS] Lat: 47.397972, Lon: 8.546164, Alt: 0.21m
22:22:50 [POS] Lat: 47.397972, Lon: 8.546164, Alt: 0.21m
22:22:50 [POS] Lat: 47.397972, Lon: 8.546164, Alt: 0.21m
22:22:50 [POS] Lat: 47.397972, Lon: 8.546164, Alt: 0.21m
22:22:50 [POS] Lat: 47.397972, Lon: 8.546164, Alt: 0.21m
22:22:50 [POS] Lat: 47.397972, Lon: 8.546164, Alt: 0.21m
22:22:50 [POS] Lat: 47.397972, Lon: 8.546164, Alt: 0.21m
22:22:50 [POS] Lat: 47.397972, Lon: 8.546164, Alt: 0.22m
22:22:50 [POS] Lat: 47.397972, Lon: 8.546164, Alt: 0.22m
22:22:50 [POS] Lat: 47.397972, Lon: 8.546164, Alt: 0.22m
22:22:50 [POS] Lat: 47.397972, Lon: 8.546164, Alt: 0.22m
22:22:50 [POS] Lat: 47.397972, Lon: 8.546164, Alt: 0.22m
22:22:50 [POS] Lat: 47.397972, Lon: 8.546164, Alt: 0.22m
22:22:50 [POS] Lat: 47.397972, Lon: 8.546164, Alt: 0.22m
22:22:50 [POS] Lat: 47.397972, Lon: 8.546164, Alt: 0.22m
22:22:50 [POS] Lat: 47.397972, Lon: 8.546164, Alt: 0.22m
22:22:50 [POS] Lat: 47.397972, Lon: 8.546164, Alt: 0.22m
22:22:50 [POS] Lat: 47.397972, Lon: 8.546164, Alt: 0.22m
22:22:50 [POS] Lat: 47.397972, Lon: 8.546164, Alt: 0.22m
22:22:50 [POS] Lat: 47.397972, Lon: 8.546164, Alt: 0.22m
22:22:51 [POS] Lat: 47.397972, Lon: 8.546164, Alt: 0.22m
22:22:51 [POS] Lat: 47.397972, Lon: 8.546164, Alt: 0.22m
22:22:51 [POS] Lat: 47.397972, Lon: 8.546164, Alt: 0.22m
22:22:51 [POS] Lat: 47.397972, Lon: 8.546164, Alt: 0.22m
22:22:51 [POS] Lat: 47.397972, Lon: 8.546164, Alt: 0.22m
22:22:51 [POS] Lat: 47.397972, Lon: 8.546164, Alt: 0.23m
22:22:51 [POS] Lat: 47.397972, Lon: 8.546164, Alt: 0.23m
22:22:51 [POS] Lat: 47.397972, Lon: 8.546164, Alt: 0.23m
22:22:51 [POS] Lat: 47.397972, Lon: 8.546164, Alt: 0.23m
22:22:51 [POS] Lat: 47.397972, Lon: 8.546164, Alt: 0.22m
22:22:51 [POS] Lat: 47.397972, Lon: 8.546164, Alt: 0.22m
22:22:51 [POS] Lat: 47.397972, Lon: 8.546164, Alt: 0.22m
22:22:51 [POS] Lat: 47.397972, Lon: 8.546164, Alt: 0.22m
22:22:51 [POS] Lat: 47.397972, Lon: 8.546164, Alt: 0.22m
22:22:51 [POS] Lat: 47.397972, Lon: 8.546164, Alt: 0.22m
22:22:51 [POS] Lat: 47.397972, Lon: 8.546164, Alt: 0.22m
22:22:51 [POS] Lat: 47.397972, Lon: 8.546164, Alt: 0.22m
22:22:51 [POS] Lat: 47.397972, Lon: 8.546164, Alt: 0.23m
22:22:51 [POS] Lat: 47.397972, Lon: 8.546164, Alt: 0.23m
22:22:51 [POS] Lat: 47.397972, Lon: 8.546164, Alt: 0.23m
22:22:51 [POS] Lat: 47.397972, Lon: 8.546164, Alt: 0.23m
22:22:51 [POS] Lat: 47.397972, Lon: 8.546164, Alt: 0.23m
22:22:51 [POS] Lat: 47.397972, Lon: 8.546164, Alt: 0.23m
22:22:51 [POS] Lat: 47.397972, Lon: 8.546164, Alt: 0.23m
22:22:51 [POS] Lat: 47.397972, Lon: 8.546164, Alt: 0.23m
22:22:51 [POS] Lat: 47.397972, Lon: 8.546164, Alt: 0.23m
22:22:51 [POS] Lat: 47.397971, Lon: 8.546164, Alt: 0.23m
22:22:51 [POS] Lat: 47.397971, Lon: 8.546164, Alt: 0.23m
22:22:51 [POS] Lat: 47.397971, Lon: 8.546164, Alt: 0.23m
22:22:51 [POS] Lat: 47.397971, Lon: 8.546164, Alt: 0.23m
22:22:51 [POS] Lat: 47.397971, Lon: 8.546165, Alt: 0.23m
22:22:51 [POS] Lat: 47.397971, Lon: 8.546165, Alt: 0.23m
22:22:51 [POS] Lat: 47.397971, Lon: 8.546165, Alt: 0.23m
22:22:51 [POS] Lat: 47.397971, Lon: 8.546165, Alt: 0.23m
22:22:51 [POS] Lat: 47.397971, Lon: 8.546165, Alt: 0.23m
22:22:51 [POS] Lat: 47.397971, Lon: 8.546165, Alt: 0.23m
22:22:51 [POS] Lat: 47.397971, Lon: 8.546165, Alt: 0.23m
22:22:51 [POS] Lat: 47.397971, Lon: 8.546165, Alt: 0.24m
22:22:51 [POS] Lat: 47.397971, Lon: 8.546165, Alt: 0.24m
22:22:51 [BAT] Percentage: 100, Voltage: 16.20V
22:22:51 [POS] Lat: 47.397971, Lon: 8.546165, Alt: 0.24m
22:22:51 [POS] Lat: 47.397971, Lon: 8.546165, Alt: 0.24m
22:22:51 [POS] Lat: 47.397971, Lon: 8.546165, Alt: 0.24m
22:22:51 [POS] Lat: 47.397971, Lon: 8.546165, Alt: 0.24m
22:22:51 [POS] Lat: 47.397971, Lon: 8.546165, Alt: 0.24m
22:22:51 [POS] Lat: 47.397971, Lon: 8.546165, Alt: 0.24m
22:22:51 [POS] Lat: 47.397971, Lon: 8.546165, Alt: 0.24m
22:22:51 [POS] Lat: 47.397971, Lon: 8.546165, Alt: 0.24m
22:22:51 [POS] Lat: 47.397971, Lon: 8.546165, Alt: 0.24m
22:22:51 [POS] Lat: 47.397971, Lon: 8.546165, Alt: 0.24m
22:22:52 [POS] Lat: 47.397971, Lon: 8.546164, Alt: 0.25m
22:22:52 [POS] Lat: 47.397971, Lon: 8.546164, Alt: 0.25m
22:22:52 [POS] Lat: 47.397971, Lon: 8.546164, Alt: 0.24m
22:22:52 [POS] Lat: 47.397971, Lon: 8.546164, Alt: 0.24m
22:22:52 [POS] Lat: 47.397971, Lon: 8.546164, Alt: 0.24m
22:22:52 [POS] Lat: 47.397971, Lon: 8.546164, Alt: 0.24m
22:22:52 [POS] Lat: 47.397971, Lon: 8.546164, Alt: 0.24m
22:22:52 [POS] Lat: 47.397971, Lon: 8.546164, Alt: 0.24m
22:22:52 [POS] Lat: 47.397971, Lon: 8.546164, Alt: 0.24m
22:22:52 [POS] Lat: 47.397971, Lon: 8.546164, Alt: 0.24m
22:22:52 [POS] Lat: 47.397971, Lon: 8.546164, Alt: 0.24m
22:22:52 [POS] Lat: 47.397971, Lon: 8.546164, Alt: 0.24m
22:22:52 [POS] Lat: 47.397971, Lon: 8.546164, Alt: 0.24m
22:22:52 [POS] Lat: 47.397971, Lon: 8.546164, Alt: 0.24m
22:22:52 [POS] Lat: 47.397971, Lon: 8.546164, Alt: 0.24m
22:22:52 [POS] Lat: 47.397971, Lon: 8.546164, Alt: 0.24m
22:22:52 [POS] Lat: 47.397971, Lon: 8.546164, Alt: 0.24m
22:22:52 [POS] Lat: 47.397971, Lon: 8.546164, Alt: 0.24m
22:22:52 [POS] Lat: 47.397971, Lon: 8.546164, Alt: 0.24m
22:22:52 [POS] Lat: 47.397971, Lon: 8.546164, Alt: 0.24m
22:22:52 [POS] Lat: 47.397971, Lon: 8.546164, Alt: 0.24m
22:22:52 [POS] Lat: 47.397971, Lon: 8.546164, Alt: 0.24m
22:22:52 [POS] Lat: 47.397971, Lon: 8.546164, Alt: 0.24m
22:22:52 [POS] Lat: 47.397971, Lon: 8.546164, Alt: 0.24m
22:22:52 [POS] Lat: 47.397971, Lon: 8.546164, Alt: 0.24m
22:22:52 [POS] Lat: 47.397971, Lon: 8.546164, Alt: 0.24m
22:22:52 [POS] Lat: 47.397971, Lon: 8.546164, Alt: 0.24m
22:22:52 [POS] Lat: 47.397971, Lon: 8.546164, Alt: 0.24m
22:22:52 [POS] Lat: 47.397971, Lon: 8.546164, Alt: 0.24m
22:22:52 [POS] Lat: 47.397971, Lon: 8.546164, Alt: 0.24m
22:22:52 [POS] Lat: 47.397971, Lon: 8.546164, Alt: 0.24m
22:22:52 [POS] Lat: 47.397971, Lon: 8.546164, Alt: 0.25m
22:22:52 [POS] Lat: 47.397971, Lon: 8.546164, Alt: 0.25m
22:22:52 [POS] Lat: 47.397971, Lon: 8.546164, Alt: 0.25m
22:22:52 [POS] Lat: 47.397971, Lon: 8.546164, Alt: 0.25m
22:22:52 [POS] Lat: 47.397971, Lon: 8.546164, Alt: 0.25m
22:22:52 [POS] Lat: 47.397971, Lon: 8.546164, Alt: 0.25m
22:22:52 [POS] Lat: 47.397971, Lon: 8.546164, Alt: 0.25m
22:22:52 [POS] Lat: 47.397971, Lon: 8.546164, Alt: 0.26m
22:22:52 [POS] Lat: 47.397971, Lon: 8.546164, Alt: 0.26m
22:22:52 [POS] Lat: 47.397971, Lon: 8.546164, Alt: 0.26m
22:22:52 [POS] Lat: 47.397971, Lon: 8.546164, Alt: 0.26m
22:22:52 [POS] Lat: 47.397971, Lon: 8.546164, Alt: 0.26m
22:22:52 [POS] Lat: 47.397971, Lon: 8.546164, Alt: 0.27m
22:22:52 [POS] Lat: 47.397971, Lon: 8.546164, Alt: 0.27m
22:22:52 [POS] Lat: 47.397971, Lon: 8.546164, Alt: 0.27m
22:22:52 [POS] Lat: 47.397971, Lon: 8.546164, Alt: 0.27m
22:22:52 [POS] Lat: 47.397971, Lon: 8.546164, Alt: 0.27m
22:22:52 [POS] Lat: 47.397971, Lon: 8.546164, Alt: 0.27m
22:22:53 [POS] Lat: 47.397971, Lon: 8.546164, Alt: 0.28m
22:22:53 [POS] Lat: 47.397971, Lon: 8.546164, Alt: 0.28m
22:22:53 [POS] Lat: 47.397971, Lon: 8.546164, Alt: 0.28m
22:22:53 [POS] Lat: 47.397971, Lon: 8.546164, Alt: 0.28m
22:22:53 [POS] Lat: 47.397971, Lon: 8.546164, Alt: 0.28m
22:22:53 [POS] Lat: 47.397971, Lon: 8.546164, Alt: 0.28m
22:22:53 [POS] Lat: 47.397971, Lon: 8.546164, Alt: 0.28m
22:22:53 [POS] Lat: 47.397971, Lon: 8.546164, Alt: 0.28m
22:22:53 [POS] Lat: 47.397971, Lon: 8.546164, Alt: 0.28m
22:22:53 [POS] Lat: 47.397971, Lon: 8.546164, Alt: 0.28m
22:22:53 [POS] Lat: 47.397971, Lon: 8.546164, Alt: 0.28m
22:22:53 [POS] Lat: 47.397971, Lon: 8.546164, Alt: 0.28m
22:22:53 [POS] Lat: 47.397971, Lon: 8.546164, Alt: 0.28m
22:22:53 [POS] Lat: 47.397971, Lon: 8.546164, Alt: 0.28m
22:22:53 [POS] Lat: 47.397971, Lon: 8.546164, Alt: 0.29m
22:22:53 [POS] Lat: 47.397970, Lon: 8.546164, Alt: 0.29m
22:22:53 [POS] Lat: 47.397970, Lon: 8.546164, Alt: 0.29m
22:22:53 [POS] Lat: 47.397970, Lon: 8.546164, Alt: 0.29m
22:22:53 [POS] Lat: 47.397970, Lon: 8.546164, Alt: 0.29m
22:22:53 [POS] Lat: 47.397970, Lon: 8.546164, Alt: 0.29m
22:22:53 [POS] Lat: 47.397970, Lon: 8.546164, Alt: 0.29m
22:22:53 [POS] Lat: 47.397970, Lon: 8.546164, Alt: 0.29m
22:22:53 [POS] Lat: 47.397970, Lon: 8.546164, Alt: 0.29m
22:22:53 [POS] Lat: 47.397970, Lon: 8.546164, Alt: 0.29m
22:22:53 [POS] Lat: 47.397970, Lon: 8.546164, Alt: 0.29m
22:22:53 [POS] Lat: 47.397970, Lon: 8.546164, Alt: 0.29m
22:22:53 [POS] Lat: 47.397970, Lon: 8.546164, Alt: 0.29m
22:22:53 [POS] Lat: 47.397970, Lon: 8.546164, Alt: 0.29m
22:22:53 [POS] Lat: 47.397970, Lon: 8.546164, Alt: 0.29m
22:22:53 [POS] Lat: 47.397970, Lon: 8.546164, Alt: 0.29m
22:22:53 [POS] Lat: 47.397970, Lon: 8.546164, Alt: 0.29m
22:22:53 [POS] Lat: 47.397970, Lon: 8.546164, Alt: 0.29m
22:22:53 [POS] Lat: 47.397970, Lon: 8.546164, Alt: 0.29m
22:22:53 [POS] Lat: 47.397970, Lon: 8.546164, Alt: 0.28m
22:22:53 [POS] Lat: 47.397970, Lon: 8.546164, Alt: 0.28m
22:22:53 [POS] Lat: 47.397970, Lon: 8.546164, Alt: 0.28m
22:22:53 [POS] Lat: 47.397970, Lon: 8.546164, Alt: 0.28m
22:22:53 [POS] Lat: 47.397970, Lon: 8.546164, Alt: 0.28m
22:22:53 [POS] Lat: 47.397970, Lon: 8.546164, Alt: 0.27m
22:22:53 [POS] Lat: 47.397970, Lon: 8.546164, Alt: 0.27m
22:22:53 [POS] Lat: 47.397970, Lon: 8.546164, Alt: 0.27m
22:22:53 [BAT] Percentage: 100, Voltage: 16.20V
22:22:53 [POS] Lat: 47.397970, Lon: 8.546164, Alt: 0.27m
22:22:53 [POS] Lat: 47.397970, Lon: 8.546164, Alt: 0.26m
22:22:53 [POS] Lat: 47.397970, Lon: 8.546164, Alt: 0.26m
22:22:53 [POS] Lat: 47.397970, Lon: 8.546164, Alt: 0.26m
22:22:53 [POS] Lat: 47.397970, Lon: 8.546164, Alt: 0.26m
22:22:53 [POS] Lat: 47.397970, Lon: 8.546164, Alt: 0.25m
22:22:53 [POS] Lat: 47.397970, Lon: 8.546164, Alt: 0.25m
22:22:53 [POS] Lat: 47.397970, Lon: 8.546164, Alt: 0.25m
22:22:53 [POS] Lat: 47.397970, Lon: 8.546164, Alt: 0.25m
22:22:54 [POS] Lat: 47.397970, Lon: 8.546164, Alt: 0.25m
22:22:54 [POS] Lat: 47.397970, Lon: 8.546164, Alt: 0.25m
22:22:54 [POS] Lat: 47.397970, Lon: 8.546164, Alt: 0.25m
22:22:54 [POS] Lat: 47.397970, Lon: 8.546164, Alt: 0.25m
22:22:54 [POS] Lat: 47.397970, Lon: 8.546164, Alt: 0.25m
22:22:54 [POS] Lat: 47.397970, Lon: 8.546164, Alt: 0.25m
22:22:54 [POS] Lat: 47.397970, Lon: 8.546164, Alt: 0.25m
22:22:54 [POS] Lat: 47.397970, Lon: 8.546164, Alt: 0.25m
22:22:54 [POS] Lat: 47.397970, Lon: 8.546164, Alt: 0.25m
22:22:54 [POS] Lat: 47.397970, Lon: 8.546164, Alt: 0.25m
22:22:54 [POS] Lat: 47.397970, Lon: 8.546164, Alt: 0.25m
22:22:54 [POS] Lat: 47.397970, Lon: 8.546164, Alt: 0.25m
22:22:54 [POS] Lat: 47.397970, Lon: 8.546164, Alt: 0.25m
22:22:54 [POS] Lat: 47.397970, Lon: 8.546164, Alt: 0.25m
22:22:54 [POS] Lat: 47.397970, Lon: 8.546164, Alt: 0.25m
22:22:54 [POS] Lat: 47.397970, Lon: 8.546164, Alt: 0.25m
22:22:54 [POS] Lat: 47.397970, Lon: 8.546164, Alt: 0.25m
22:22:54 [POS] Lat: 47.397970, Lon: 8.546164, Alt: 0.25m
22:22:54 [POS] Lat: 47.397970, Lon: 8.546164, Alt: 0.25m
22:22:54 [POS] Lat: 47.397970, Lon: 8.546164, Alt: 0.25m
22:22:54 [POS] Lat: 47.397970, Lon: 8.546164, Alt: 0.25m
22:22:54 [POS] Lat: 47.397970, Lon: 8.546164, Alt: 0.25m
22:22:54 [POS] Lat: 47.397970, Lon: 8.546164, Alt: 0.25m
22:22:54 [POS] Lat: 47.397970, Lon: 8.546164, Alt: 0.25m
22:22:54 [POS] Lat: 47.397970, Lon: 8.546164, Alt: 0.25m
22:22:54 [POS] Lat: 47.397970, Lon: 8.546164, Alt: 0.25m
22:22:54 [POS] Lat: 47.397970, Lon: 8.546164, Alt: 0.25m
22:22:54 [POS] Lat: 47.397970, Lon: 8.546164, Alt: 0.24m
22:22:54 [POS] Lat: 47.397970, Lon: 8.546164, Alt: 0.24m
22:22:54 [POS] Lat: 47.397970, Lon: 8.546164, Alt: 0.24m
22:22:54 [POS] Lat: 47.397970, Lon: 8.546164, Alt: 0.24m
22:22:54 [POS] Lat: 47.397970, Lon: 8.546164, Alt: 0.24m
22:22:54 [POS] Lat: 47.397970, Lon: 8.546164, Alt: 0.23m
22:22:54 [POS] Lat: 47.397970, Lon: 8.546164, Alt: 0.23m
22:22:54 [POS] Lat: 47.397970, Lon: 8.546164, Alt: 0.23m
22:22:54 [POS] Lat: 47.397970, Lon: 8.546164, Alt: 0.23m
22:22:54 [POS] Lat: 47.397970, Lon: 8.546164, Alt: 0.23m
22:22:54 [POS] Lat: 47.397970, Lon: 8.546164, Alt: 0.23m
22:22:54 [POS] Lat: 47.397970, Lon: 8.546164, Alt: 0.23m
22:22:54 [POS] Lat: 47.397970, Lon: 8.546164, Alt: 0.23m
22:22:54 [POS] Lat: 47.397970, Lon: 8.546164, Alt: 0.23m
22:22:54 [POS] Lat: 47.397970, Lon: 8.546164, Alt: 0.23m
22:22:54 [POS] Lat: 47.397970, Lon: 8.546164, Alt: 0.23m
22:22:54 [POS] Lat: 47.397970, Lon: 8.546163, Alt: 0.23m
22:22:54 [POS] Lat: 47.397970, Lon: 8.546163, Alt: 0.23m
22:22:54 [POS] Lat: 47.397970, Lon: 8.546163, Alt: 0.23m
22:22:54 [POS] Lat: 47.397970, Lon: 8.546163, Alt: 0.23m
22:22:54 [POS] Lat: 47.397970, Lon: 8.546163, Alt: 0.23m
22:22:54 [POS] Lat: 47.397970, Lon: 8.546163, Alt: 0.23m
22:22:55 [POS] Lat: 47.397970, Lon: 8.546163, Alt: 0.23m
22:22:55 [POS] Lat: 47.397970, Lon: 8.546163, Alt: 0.23m
22:22:55 [POS] Lat: 47.397970, Lon: 8.546163, Alt: 0.23m
22:22:55 [POS] Lat: 47.397970, Lon: 8.546163, Alt: 0.23m
22:22:55 [POS] Lat: 47.397970, Lon: 8.546163, Alt: 0.23m
22:22:55 [POS] Lat: 47.397970, Lon: 8.546163, Alt: 0.23m
22:22:55 [POS] Lat: 47.397970, Lon: 8.546163, Alt: 0.23m
22:22:55 [POS] Lat: 47.397970, Lon: 8.546163, Alt: 0.24m
22:22:55 [POS] Lat: 47.397970, Lon: 8.546163, Alt: 0.24m
22:22:55 [POS] Lat: 47.397970, Lon: 8.546163, Alt: 0.24m
22:22:55 [POS] Lat: 47.397970, Lon: 8.546163, Alt: 0.24m
